PMID	GT_Mutations	AIONER-Wei2013_Mutations	TP	FP	FN	Total_GT	Total_AIONER-Wei2013	Precision	Recall	F1	Accuracy
12650796	{'3020insC'}	{'3020insC', 'cysineinsertionatposition3020'}	1	1	0	1	2	0.5	1.0	0.6666666666666666	0.5
12716337	set()	{'GCsubstitutionatposition174'}	0	1	0	0	1	0.0	0.0	0.0	0.0
12829659	{'C174G', 'G308A'}	{'C174C', 'G308A', '308A', 'G308G', 'C174G'}	2	2	0	2	5	0.5	1.0	0.6666666666666666	0.5
12872254	{'399402delAGAG'}	{'4bpdeletion', '399402delAGAG'}	1	1	0	1	2	0.5	1.0	0.6666666666666666	0.5
12915397	{'Ala55Val', '866G/A', 'A55V'}	{'45ntinsertion', 'A55V', 'Ala55Val', '866A', '866G/A'}	3	2	0	3	5	0.6	1.0	0.7499999999999999	0.6
12925671	{'C877T', '620621del'}	{'C877T', '620621del'}	2	0	0	2	2	1.0	1.0	1.0	1.0
14508191	{'T/C704', 'A/C1166', 'T/C344'}	{'T/C704', 'A/C1166', 'T/C344'}	3	0	0	3	3	1.0	1.0	1.0	1.0
14562027	{'13C/T', '1001C/T', '263G/A', '+142C/G', '+355G/T'}	{'13C/T', '1001C/T', '263G/A', '+142C/G', '+355G/T'}	5	0	0	5	5	1.0	1.0	1.0	1.0
14623369	{'C270T'}	{'C270T'}	1	0	0	1	1	1.0	1.0	1.0	1.0
14639526	set()	{'dup17p11.2p11.2', '4Mbheterozygousinterstitialdeletion'}	0	2	0	0	2	0.0	0.0	0.0	0.0
14751036	{'2068G>C', '9+1G>T', '1780C>A', '2084G>A', '1242G>T'}	{'GGCCinsertionatexon8,position1277', 'exon14betweenpositions25052511', 'GGCCinsertionatexon81277', '9+1G>T', '1780C>A', '2084G>A', '1242G>T', '2068G>C'}	5	3	0	5	8	0.625	1.0	0.7692307692307693	0.625
15009222	{'C435G', 'del329C'}	{'C435G.', 'del329C', 'singlenucleotidedeletionatposition329'}	2	1	0	2	3	0.6666666666666666	1.0	0.8	0.6666666666666666
15033202	set()	{'5nucleotidedeletion'}	0	1	0	0	1	0.0	0.0	0.0	0.0
15086338	{'5504delA', '6573+1G>C'}	{'5504delA', '6573+1G>C'}	2	0	0	2	2	1.0	1.0	1.0	1.0
15147378	set()	{'36bpinsertion'}	0	1	0	0	1	0.0	0.0	0.0	0.0
15200509	{'Tyr246X'}	{'cysineCforguanineGatcodon246', 'spcodonatthe246residue', 'Tyr246X'}	1	2	0	1	3	0.3333333333333333	1.0	0.5	0.3333333333333333
15304120	{'Y486D', 'P229Q', '1091C>T', 'P364L', 'G71R'}	{'Y486D', 'P229Q', '1091C>T', 'P364L', 'G71R'}	5	0	0	5	5	1.0	1.0	1.0	1.0
15461822	{'Delta30'}	{'4995', 'rDEN2Delta30', '30nucleotidedeletion', 'Delta30'}	1	2	0	1	4	0.3333333333333333	1.0	0.5	0.3333333333333333
15464247	{'1188A/C'}	{'1188A/C', '1188C'}	1	1	0	1	2	0.5	1.0	0.6666666666666666	0.5
15485686	{'V1764M', 'I1762A', 'G>Asubstitutionatcodon1763', 'V1763M'}	{'V1763', 'V1764M', 'I1762A', 'G>Asubstitutionatcodon1763'}	4	0	0	4	4	1.0	1.0	1.0	1.0
15579915	{'IVS10+4G'}	{'IVS10+4G.'}	1	0	0	1	1	1.0	1.0	1.0	1.0
15636431	set()	{'TCsubstitutionatposition1833'}	0	1	0	0	1	0.0	0.0	0.0	0.0
15661214	set()	{'guanineinsertion2Gpolymorphismatnucleotide1607'}	0	1	0	0	1	0.0	0.0	0.0	0.0
15667541	{'g.3907G>A', 'Glu29Lys', 'E29K'}	{'g.3907G>A', 'Glu29Lys', 'E29K'}	3	0	0	3	3	1.0	1.0	1.0	1.0
15668505	{'203G>A', 'N372H'}	{'203G>A', '203A', 'N372H'}	2	1	0	2	3	0.6666666666666666	1.0	0.8	0.6666666666666666
15672026	{'A>Gpolymorphismatposition670'}	{'A>Gpolymorphismatposition670', 'adenineAguanineGsubstitutionatposition670'}	1	1	0	1	2	0.5	1.0	0.6666666666666666	0.5
15749661	{'V561X', 'L490R', '1665delC', '1469T>G', 'C282Y', 'I238M'}	{'V561X', 'L490R', '1665delC', 'L490R.', '1469T>G', 'AVAQ594597deletion', '714C', 'C282Y', 'I238M'}	6	2	0	6	9	0.75	1.0	0.8571428571428571	0.75
15754732	{'835del18', 'Q536X', 'R171Q', '912delTA', 'D418D', '222insT', 'P291A', 'L89R'}	{'835del18', 'Q536X', 'R171Q', '912delTA', 'D418D', '222insT', 'P291A', 'L89R'}	8	0	0	8	8	1.0	1.0	1.0	1.0
15755837	set()	{'19basepairdeletion'}	0	1	0	0	1	0.0	0.0	0.0	0.0
15770495	{'Q126R', 'del642T', 'R266W', 'A49T', 'G196S', 'A207D', 'G183S', '217218insC', 'V89L', 'del418T', 'R246W', 'IVS3+1G>A', 'G158R'}	{'Q126R', 'del642T', 'R266W', 'A49T', 'G196S', 'A207D', 'G183S', '217218insC', 'V89L', 'del418T', 'R246W', 'IVS3+1G>A', 'G158R'}	13	0	0	13	13	1.0	1.0	1.0	1.0
15820770	{'ACG>AAGsubstitutionincodon420'}	{'GAT>GAGsubstitutionreplacesasparticacidglutamicacidincodon416', 'ACG>AAGsubstitutionincodon420'}	1	1	0	1	2	0.5	1.0	0.6666666666666666	0.5
15824163	{'rs1639679'}	{'rs1639679'}	1	0	0	1	1	1.0	1.0	1.0	1.0
15834874	{'G1915T/A', 'G529A', 'C3026T', 'A1053G', 'C934A', 'T2005C/A'}	{'G1915T/A', 'G529A', 'C3026T', 'A1053G', 'C934A', 'T2005C/A'}	6	0	0	6	6	1.0	1.0	1.0	1.0
15867855	{'157delMTTTVP', 'rs2277025'}	{'157delMTTTVP', 'rs2277025'}	2	0	0	2	2	1.0	1.0	1.0	1.0
15880727	{'A150P', '865delC', '841842delAC', '1131G>A', '851T>C', '612T>G', '360363delCAAA', 'N335K', 'A175D', '532T>C', 'L284P', 'C178R', 'R60X', '10441049delTTCTGGinsACACT', '345372del28', '799+2T>A', 'Y204X'}	{'A150P', '1131G>A', '841842delAC', '865delC.', '851T>C', '612T>G', '360363delCAAA', 'N335K', 'A175D', '532T>C', 'L284P', 'C178R', 'R60X', '10441049delTTCTGGinsACACT', '345372del28', '799+2T>A', 'Y204X'}	17	0	0	17	17	1.0	1.0	1.0	1.0
15929706	set()	{'3bpinsertion', '3basepairinsertion'}	0	2	0	0	2	0.0	0.0	0.0	0.0
15983230	{'rs5393'}	{'rs5393'}	1	0	0	1	1	1.0	1.0	1.0	1.0
16051693	{'V175M'}	{'Met/Metatresidue175', 'V175M'}	1	1	0	1	2	0.5	1.0	0.6666666666666666	0.5
16088915	{'Arg792Gly'}	{'arginineataminoacid792acodonforglycine', 'Arg792Gly', 'AGtransitionatnucleotide+79'}	1	2	0	1	3	0.3333333333333333	1.0	0.5	0.3333333333333333
16143638	{'IVS25855insT'}	{'IVS25855insT'}	1	0	0	1	1	1.0	1.0	1.0	1.0
16181814	{'E873sp', 'A467T', 'E873TAG'}	{'E873sp', 'A467T.', 'A467T', 'E873TAG'}	3	0	0	3	4	1.0	1.0	1.0	1.0
16186368	{'K386T', 'S482X'}	{'K386T', '15bpdeletion', 'S482X'}	2	1	0	2	3	0.6666666666666666	1.0	0.8	0.6666666666666666
16252083	{'G>Atransitionat1032position', 'Gly>Aspchangeatcodon322', 'Gly322Asp', 'Asn127Ser', 'Asn>Sersubstitutionatcodon127', 'A>Gtransitionat127position'}	{'G>Atransitionat1032position', 'Gly>Aspchangeatcodon322', 'Gly322Asp', 'Asn127Ser', 'Asn>Sersubstitutionatcodon127', 'A>Gtransitionat127position'}	6	0	0	6	6	1.0	1.0	1.0	1.0
16256386	{'R157K', 'IVS12+4A>G', 'R413P', 'L367L', 'IVS4+3G>C', 'Y154H', 'R157I', 'R243Q', 'Q267E', 'I38fsX19', 'F302fsX39', 'R111X', 'G346R', 'Y356X', 'S349A', 'EX696A>G', 'IVS12+6T>A', 'Q267H', 'R400K', 'T200fsX6'}	{'R157K', 'IVS12+4A>G', 'R413P', 'L367L', 'IVS4+3G>C', 'Y154H', 'IVS12+6T>A.', 'R157I', 'R243Q', 'Q267E', 'I38fsX19', 'F302fsX39', 'R111X', 'G346R', 'Y356X', 'S349A', 'EX696A>G', 'Q267H', 'R400K', 'T200fsX6'}	20	0	0	20	20	1.0	1.0	1.0	1.0
16424663	set()	{'deletionofcDNAnucleotide81', 'nt81Gdeletion'}	0	2	0	0	2	0.0	0.0	0.0	0.0
16480574	set()	{'30bpdeletioncodon:346355'}	0	1	0	0	1	0.0	0.0	0.0	0.0
16525586	{'Tyr69X', '892895dupG', 'Tyr547fs', 'Ser413Leu', '20451G>A', '16421644dupA', 'Ser263Phe', 'Arg260His', '210T>G', '791C>T', 'Val414Phe', 'Ser290/Ala291fs'}	{'Tyr69X', '892895dupG', 'codonTyr547fs', 'Ser413Leu', '20451G>A', '16421644dupA', 'Ser263Phe', 'Arg260His', '210T>G', '791C>T', 'Val414Phe', 'Ser290/Ala291fs'}	12	0	0	12	12	1.0	1.0	1.0	1.0
16543197	{'G1103R'}	{'G1103R'}	1	0	0	1	1	1.0	1.0	1.0	1.0
16644711	{'Tyr1306Cys'}	{'Tyr1306', 'Cys1306', 'Tyr1306Cys'}	1	1	0	1	3	0.5	1.0	0.6666666666666666	0.5
16728705	{'863C>A', 'C>Asubstitutionatposition863'}	{'863C>A', 'C>Asubstitutionatposition863'}	2	0	0	2	2	1.0	1.0	1.0	1.0
17003357	{'2250G/C', '1858C/T'}	{'1858C/T.', '1858C/T', '1858T', '2250G/C'}	2	1	0	2	4	0.6666666666666666	1.0	0.8	0.6666666666666666
17033974	{'2406C>A'}	{'2406C>A'}	1	0	0	1	1	1.0	1.0	1.0	1.0
17059986	{'2633+1G>C', 'r.25212634del', 'Ser555Leu'}	{'serineleucineataminoacidposition555', '2633+1G>C', 'r.25212634del', 'Ser555Leu'}	3	1	0	3	4	0.75	1.0	0.8571428571428571	0.75
17079875	{'1282G>A', '2084G>C'}	{'1282G>A', '2084G>C'}	2	0	0	2	2	1.0	1.0	1.0	1.0
17160997	set()	{'22bptandemduplication', '22basepairduplication'}	0	2	0	0	2	0.0	0.0	0.0	0.0
17166870	{'6bINS'}	{'6baseinsertion'}	0	1	1	1	1	0.0	0.0	0.0	0.0
17292585	{'N334K', 'A149P', 'A174D'}	{'N334K', 'Delta4E4', 'A149P', 'A174D'}	3	1	0	3	4	0.75	1.0	0.8571428571428571	0.75
17391797	{'Val175Met', 'V175M'}	{'Val175Met', 'V175M'}	2	0	0	2	2	1.0	1.0	1.0	1.0
17395743	{'rs2720709', 'rs2648875'}	{'rs2720709', 'rs2648875'}	2	0	0	2	2	1.0	1.0	1.0	1.0
17909797	{'Delta32'}	{'CCR5Delta32', '32bpdeletion'}	1	1	0	1	2	0.5	1.0	0.6666666666666666	0.5
17935240	{'g.ORF15+652653delAG'}	{'ORF15+652653delAG', 'AGdeletionatnucleotide652and653', '+652653delAG'}	1	1	0	1	3	0.5	1.0	0.6666666666666666	0.5
17961316	{'IVS11G>A', 'IVS11G>C'}	{'IVS11G>A', 'IVS11G>C'}	2	0	0	2	2	1.0	1.0	1.0	1.0
17968299	{'1082G/A'}	{'Aatposition1082', '1082G/A'}	1	1	0	1	2	0.5	1.0	0.6666666666666666	0.5
18166824	{'M200V', 'P29S'}	{'M200V', 'P29S', 'prolinewithapolaraminoacidserineatposition29'}	2	1	0	2	3	0.6666666666666666	1.0	0.8	0.6666666666666666
18189233	{'D541E', 'R462Q', 'K294E', 'A/Gtransition1,071bp'}	{'20bpinsertion/deletionpolymorphism1,109bpupstreamoftheinitiationcodon', 'K294E', 'D541E', 'R462Q', 'A/Gtransition1,071bp'}	4	1	0	4	5	0.8	1.0	0.888888888888889	0.8
18372165	{'899+1G>T', 'Arg153X', '1570+2T>C', '956delC', '681dupA', '360+1G>C', '520delC'}	{'899+1G>T', '1570+2T>C', '956delC', '681dupA', 'Arg153X.', '360+1G>C', '520delC'}	7	0	0	7	7	1.0	1.0	1.0	1.0
18397285	{'L1503R', 'L1503Q', 'T>Gtransversionatnucleotide4508'}	{'L1503R', 'L1503Q', 'T>Gtransversionatnucleotide4508'}	3	0	0	3	3	1.0	1.0	1.0	1.0
18492086	{'20684T>A'}	{'7bpdeletion', '20684T>A'}	1	1	0	1	2	0.5	1.0	0.6666666666666666	0.5
18606230	{'R1858X', 'Y1854X'}	{'R1858X', 'Y1854X'}	2	0	0	2	2	1.0	1.0	1.0	1.0
18672102	{'E359K', '118119insA', 'S429T', '1146+25insA', '125126insAA', '46delS', 'A6V', 'A442V', 'P407Q', 'P163S'}	{'E359K', '118119insA', 'S429T', '1146+25insA', '125126insAA', '46delS', 'A6V', 'A442V', 'P407Q', 'P163S'}	10	0	0	10	10	1.0	1.0	1.0	1.0
18694509	{'rs12329760'}	{'rs12329760'}	1	0	0	1	1	1.0	1.0	1.0	1.0
18726896	set()	{'deletion10Mborless'}	0	1	0	0	1	0.0	0.0	0.0	0.0
18945288	{'Arg58fs', '342delA', 'R58fs'}	{'Arg58fs', '342delA', 'R58fs'}	3	0	0	3	3	1.0	1.0	1.0	1.0
19067809	{'A1166C', 'A11666C'}	{'A1166C', 'M235', 'A11666C'}	2	1	0	2	3	0.6666666666666666	1.0	0.8	0.6666666666666666
19223935	{'G669A', 'Leu203fsX15', 'Ser863Asn', 'Glu98X'}	{'G669A', 'deletionofTGatthenucleotideposition608609', '669G', '669A', 'Leu203fsX15', 'Glu98X', 'Ser863Asn'}	4	2	0	4	7	0.6666666666666666	1.0	0.8	0.6666666666666666
19276632	{'Tyr428Tyr', '25*G>A', '1284T>C', '1272C>T', '97GCC[9]+[10]', '262G>A', 'Ala88Thr', 'Ser424Ser'}	{'Tyr428Tyr', '25*G>A', '1284T>C', '1272C>T', '97GCC[9]+[10]', '262G>A', 'Ala88Thr', 'Ser424Ser'}	8	0	0	8	8	1.0	1.0	1.0	1.0
19429592	{'15581559insA', 'G289sp', '867G>T', '897G>T', 'E299sp', 'S522fs525sp', 'E169sp', '507G>T'}	{'15581559insA', 'G289sp', '867G>T', '897G>T', 'E299sp', 'S522fs525sp', 'E169sp', '507G>T'}	8	0	0	8	8	1.0	1.0	1.0	1.0
19561170	set()	{'Thr111'}	0	1	0	0	1	0.0	0.0	0.0	0.0
19565319	{'rs5751876', 'rs35320474', 'rs3761422', 'rs2236624'}	{'rs5751876', 'rs35320474', 'rs3761422', 'rs2236624'}	4	0	0	4	4	1.0	1.0	1.0	1.0
19624485	{'rs16375'}	{'rs16375', '14bpinsertion/deletion', '14bpdeletion/insertion'}	1	2	0	1	3	0.3333333333333333	1.0	0.5	0.3333333333333333
19781362	{'rs16864880', 'G>Asubstitutionatnucleotide893', 'R298Q'}	{'rs16864880', 'G>Asubstitutionatnucleotide893', 'R298Q'}	3	0	0	3	3	1.0	1.0	1.0	1.0
19823838	{'264C>A', '263G>C'}	{'264C>A', 'cysineadenineatposition264', 'guaninecysineatposition263', '263G>C'}	2	2	0	2	4	0.5	1.0	0.6666666666666666	0.5
19880293	{'IVS9+459,A/G', '6054,deletion/ATT', '924A/G', '6054deletion/ATT', '924,A/G', '3279,A/C'}	{'IVS9+459,A/G', '6054,deletion/ATT', '3279AC', 'IVS9+459GA+GG', '924A/G', '6054deletion/ATT', 'IVS9+459AA', '3279AC+AA', '924,A/G', 'IVS9+459GG', '3279,A/C', '3279CC'}	6	6	0	6	12	0.5	1.0	0.6666666666666666	0.5
19881468	{'Ser326Cys', 'rs1052133'}	{'Cys326', '326fromSerCys', 'Ser326Cys', 'rs1052133'}	2	2	0	2	4	0.5	1.0	0.6666666666666666	0.5
20019594	{'E180K', 'S173fsX174', 'R194S', 'D157fsX158', 'C152G'}	{'E180K', 'S173fsX174', 'R194S', 'D157fsX158', 'C152G.'}	5	0	0	5	5	1.0	1.0	1.0	1.0
20080916	{'rs2070197', 'rs2004640', 'rs10954213'}	{'rs2070197', 'rs2004640', 'rs10954213'}	3	0	0	3	3	1.0	1.0	1.0	1.0
20154289	{'codon104G>A'}	{'codon104G>A'}	1	0	0	1	1	1.0	1.0	1.0	1.0
20331852	{'rs4112788', 'R68C'}	{'LCE3CLCE3Bdeletion', 'rs4112788', 'LCE3CLCE3Bdel', 'R68C'}	2	2	0	2	4	0.5	1.0	0.6666666666666666	0.5
20335448	{'G>Aatnucleotideposition2141'}	{'arginine714', 'G>Aatnucleotideposition2141', 'arginineglutamineatposition714', 'arginineglutamineataminoacidposition714'}	1	3	0	1	4	0.25	1.0	0.4	0.25
20367983	{'IVS3+18C>T', '15461547insC'}	{'IVS3+18C>T', '15461547insC'}	2	0	0	2	2	1.0	1.0	1.0	1.0
20454699	{'356G>A', 'rs13267', 'C119Y'}	{'356G>A', 'rs13267', 'C119Y'}	3	0	0	3	3	1.0	1.0	1.0	1.0
20512659	{'25152519delAAGTT'}	{'25152519delAAGTT'}	1	0	0	1	1	1.0	1.0	1.0	1.0
20648600	{'G1896A', 'I195M', 'L180M', 'G1899A', 'A1762T', 'M204V', 'G1764A', 'E164D', 'V173L'}	{'rtV173L', 'rtL180M', 'G1899A', 'A1762T', 'rtM204V', 'sI195M', 'G1764A', 'G1896A'}	8	0	1	9	8	1.0	0.8888888888888888	0.9411764705882353	0.8888888888888888
20709368	{'rs2066865', '10034C>T'}	{'rs2066865', '10034C>T', '10034T'}	2	1	0	2	3	0.6666666666666666	1.0	0.8	0.6666666666666666
20738799	{'I597T'}	{'I597T'}	1	0	0	1	1	1.0	1.0	1.0	1.0
20801104	{'1240L/S', '616C/G', '521C/T'}	{'1240L/S', '616C/G', '521C/T', '120bpduplication'}	3	1	0	3	4	0.75	1.0	0.8571428571428571	0.75
20801540	{'2554+1G>T'}	{'deletionofaminoacids809852', '2554+1G>T'}	1	1	0	1	2	0.5	1.0	0.6666666666666666	0.5
20846357	{'Ala88Val', '263C>T', 'Asp50Asn'}	{'Ala88Val', '263C>T', 'alanineforvalineatposition88', 'Asp50Asn'}	3	1	0	3	4	0.75	1.0	0.8571428571428571	0.75
21054465	set()	{'Tdeletionat5063', 'C35322T', 'C35322C', 'CTat33468'}	0	4	0	0	4	0.0	0.0	0.0	0.0
21070631	{'rs1800587', '1021C/T', 'rs1611115'}	{'1021C/T', '889TT', '1021T', 'rs1800587', 'rs1611115'}	3	2	0	3	5	0.6	1.0	0.7499999999999999	0.6
21099701	{'G303E', '908G>A'}	{'G303E', 'glycineatposition303glutamicacid', '908G>A'}	2	1	0	2	3	0.6666666666666666	1.0	0.8	0.6666666666666666
21108633	{'69delC', '410+5G/A'}	{'69delC', '410+5G/A'}	2	0	0	2	2	1.0	1.0	1.0	1.0
21127202	set()	{'3bpdeletion'}	0	1	0	0	1	0.0	0.0	0.0	0.0
21135151	{'delta32'}	{'CCR5delta32'}	1	0	0	1	1	1.0	1.0	1.0	1.0
21325775	{'Arg158Pro'}	{'GCatcodon158', 'Arg158Pro', 'arginineresiduefortheprolineresidueatposition158'}	1	2	0	1	3	0.3333333333333333	1.0	0.5	0.3333333333333333
21405999	{'17T>C', '465G>T', 'Glu155Asp', '171T>C'}	{'17T>C', '465G>T', 'Glu155Asp', '171T>C'}	4	0	0	4	4	1.0	1.0	1.0	1.0
21445905	set()	{'T13,910', 'CTsubstitutionatapolymorphicsite13,910bpupstream'}	0	2	0	0	2	0.0	0.0	0.0	0.0
21493871	{'rs5758222', 'rs7286979', 'rs525549', 'rs20551', 'rs6589664'}	{'rs5758222', 'rs7286979', 'rs525549', 'rs20551', 'rs6589664'}	5	0	0	5	5	1.0	1.0	1.0	1.0
21559944	{'104delT', 'Val35AlafsX25'}	{'104delT', 'Val35AlafsX25'}	2	0	0	2	2	1.0	1.0	1.0	1.0
21682595	{'rs25487', 'Arg399Gln'}	{'rs25487', '399Gln', 'Arg399Gln'}	2	0	0	2	3	1.0	1.0	1.0	1.0
21738389	{'737delC', 'Pro246HisfsX13'}	{'737delC', 'Pro246HisfsX13'}	2	0	0	2	2	1.0	1.0	1.0	1.0
21757944	{'CD+90del13bp', 'IVSII1G>A'}	{'CD+90del13bp', '13bpdeletionatnucleotide90downstreamoftheterminationcodon', '13bpdeletion', 'IVSII1G>A'}	2	2	0	2	4	0.5	1.0	0.6666666666666666	0.5
21798259	{'rs16754'}	{'rs16754'}	1	0	0	1	1	1.0	1.0	1.0	1.0
21897748	{'130G>A', 'V44M'}	{'valinemethionineatcodon44', '130G>A', 'V44M'}	2	1	0	2	3	0.6666666666666666	1.0	0.8	0.6666666666666666
21911891	set()	{'/5', '4G/5G', 'G/5G'}	0	3	0	0	3	0.0	0.0	0.0	0.0
22051099	{'S276T', 'rs2234671', 'Ex2+860G>C'}	{'S276T', 'rs2234671', 'Ex2+860G>C'}	3	0	0	3	3	1.0	1.0	1.0	1.0
22129472	{'17061715del.ATCTCCTCAG', 'Asp569Valfs*93', '17062A>T'}	{'17062A>T', '10basedeletion', '17061715del'}	2	1	1	3	3	0.6666666666666666	0.6666666666666666	0.6666666666666666	0.5
22188495	{'Arg987Ter', '3190C>T'}	{'arginineresidueatposition573terminationcodon', 'Arg987Ter', '3190C>T'}	2	1	0	2	3	0.6666666666666666	1.0	0.8	0.6666666666666666
