PMID	GT_Mutations	PubMind-OSIRIS_Mutations	TP	FP	FN	Total_GT	Total_PubMind-OSIRIS	Precision	Recall	F1	Accuracy
12890863	{'+1632T'}	{'+1632Tallele', '+869/+915+1632alleles2/1/2'}	1	1	0	1	2	0.5	1.0	0.6666666666666666	0.5
12915397	{'Ala55Val', '866A', 'A55V'}	"{'Ala55Val', ""45ntinsertioninthe3'untranslated3'UTRregion"", 'Ala55ValorA55V', '866G/A'}"	2	2	1	3	4	0.5	0.6666666666666666	0.5714285714285715	0.4
14523377	{'469+14G/C', '86G/A'}	{'469+14G/C', '86G/A'}	2	0	0	2	2	1.0	1.0	1.0	1.0
14635012	{'308TNFalphaG/G'}	{'308G/A'}	0	1	1	1	1	0.0	0.0	0.0	0.0
14645199	{'A402G', 'T382G', 'G358A', 'T123C'}	{'A402G', 'T382G', 'G358A', 'T123C'}	4	0	0	4	4	1.0	1.0	1.0	1.0
14651519	{'Ile232Thr', 'F176V', '232T', 'I232T', '176F', '176V', 'H131R'}	{'F176V', 'I232T', 'H131R'}	5	0	2	7	3	1.0	0.7142857142857143	0.8333333333333333	0.7142857142857143
14651522	{'403AA'}	{'2076', '403', '2518', '28'}	1	3	0	1	4	0.25	1.0	0.4	0.25
14673707	{'mutationatintron2oftheCLCN5gene,aTGsubstitution,located17bpupstreamoftheAGacceprsite', 'IVS217T>G'}	{'IVS217T>G'}	1	0	1	2	1	1.0	0.5	0.6666666666666666	0.5
14681301	set()	{'TNFA308G>A', 'TNFht1[GGTCCGG]'}	0	2	0	0	2	0.0	0.0	0.0	0.0
14685824	{'rs27072Aallele', 'rs27072', 'rs27072Ggenotype'}	{'rs27072'}	3	0	0	3	1	1.0	1.0	1.0	1.0
14693717	{'12Ala', '11365C>G', '+45T>G', '4034C/C', '+276T', '3964A>G', '4034A>C', '+276G>T'}	{'11365C>G', '+45T>G', '3964A>G', '4034A>C', '+276G>T'}	5	0	3	8	5	1.0	0.625	0.7692307692307693	0.625
14693721	{'866G/A'}	{'866G/A'}	1	0	0	1	1	1.0	1.0	1.0	1.0
14705223	{'IL1alpha889Tallele'}	{'IL1alpha889Tallele'}	1	0	0	1	1	1.0	1.0	1.0	1.0
14709372	{'Val279Phe', '994G>T', '242C>T', 'His72Tyr'}	{'His72Tyr', 'Val279Phe', '994G>T', '1100C>T', '242C>T'}	4	1	0	4	5	0.8	1.0	0.888888888888889	0.8
14712309	{'rs2981572', 'rs2232360', 'rs2981573', 'rs1518108', 'Galleleatposition1053'}	{'rs2981573', 'rs2232360', 'rs2981572', 'rs1518108'}	4	0	1	5	4	1.0	0.8	0.888888888888889	0.8
14715843	{'171T', 'rs495225'}	{'rs495225'}	1	0	1	2	1	1.0	0.5	0.6666666666666666	0.5
14715845	{'A/GsinglenucleotidepolymorphismSNPatposition49'}	set()	0	0	1	1	0	0.0	0.0	0.0	0.0
14729863	{'19SS', '1131T>C', '1131TT', '1131C', '19W', 'S19W'}	{'S19W', '1131T>C'}	3	0	3	6	2	1.0	0.5	0.6666666666666666	0.5
14730381	{'Pro12Ala', 'T1431', 'C1431T', '1431T', 'Ala12'}	{'Pro12Ala', 'T1431'}	2	0	3	5	2	1.0	0.4	0.5714285714285715	0.4
14734460	{'432Leu/Val', '2731T', '72Arg/Pro', '3667G', '4427C', '462Ile/Val', '4956G', '2430C', 'Ile/ValatCYP1A1codon462'}	{'2430C/2731T/3667G/4427C/4956G', 'Leu432Val', 'Ile462Val', 'Pro72Pro', 'Val462Val', 'Arg72Pro'}	5	5	4	9	6	0.5	0.5555555555555556	0.5263157894736842	0.35714285714285715
14737097	{'131R/H', '131R', 'NA1/2', '176F', '176F/V'}	{'FcgammaRIIA131R', 'FcgammaRIIIBNA1/2', 'FcgammaRIIIA176F'}	3	0	2	5	3	1.0	0.6	0.7499999999999999	0.6
14739420	{'AlaProsubstitutionataminoacid459', 'Pro459', 'Ala459'}	{'Ala459Pro'}	1	0	2	3	1	1.0	0.3333333333333333	0.5	0.3333333333333333
14742985	{'4G/5G', 'C677T'}	{'4G/5G', 'C677T'}	2	0	0	2	2	1.0	1.0	1.0	1.0
14747301	{'866G/A'}	{'866G/A'}	1	0	0	1	1	1.0	1.0	1.0	1.0
14749980	"{""565'A'"", 'HLADRB1*04'}"	set()	0	0	2	2	0	0.0	0.0	0.0	0.0
14752243	{'C3435T', 'G2677T'}	{'C3435T', 'G2677T', 'C3435T/G2677Thaplotype12'}	2	0	0	2	3	1.0	1.0	1.0	1.0
14755442	{'rs204887', 'rs8283', 'rs1009382', 'Glu2578Gly'}	{'rs204887', 'rs8283', 'rs1009382', 'Glu2578Gly'}	4	0	0	4	4	1.0	1.0	1.0	1.0
14755445	{'491a/t', '219g/t', '113c/g', '5361c/t', '427c/t'}	{'E4', '491a/t', '219g/t', '113c/g', 'E3', '5361c/t', 'E2', '427c/t'}	5	3	0	5	8	0.625	1.0	0.7692307692307693	0.625
14755451	{'1855915', '551266', 'rs#1999764', '1970244', '489517', '538469'}	{'D10S583', 'rs489517', 'rs1970244', 'rs551266', 'rs538469', 'rs1855915', 'rs1999764'}	5	2	1	6	7	0.7142857142857143	0.8333333333333334	0.7692307692307692	0.625
14764791	{'I471V'}	"{'I471V', ""3'UTRSNP""}"	1	1	0	1	2	0.5	1.0	0.6666666666666666	0.5
14871556	"{""3'UTR+62G/A"", 'I337V', 'R371H', 'K281K', 'P266T', 'K23E', 'L267V', 'A190A', 'L267L', 'L270V'}"	"{""3'UTR+62G/A"", 'I337V', 'R371H', 'K281K', 'P266T', 'K23E', 'L267V', 'A190A', 'L267L', 'L270V'}"	10	0	0	10	10	1.0	1.0	1.0	1.0
14872030	{'123C/A', '200T/C', '213G/T', '88G/T'}	{'88G/T'}	1	0	3	4	1	1.0	0.25	0.4	0.25
14961571	{'160C/A', 'C/Apolymorphism160basepairsrelativethetranscriptionstartsite'}	{'160C/A'}	1	0	1	2	1	1.0	0.5	0.6666666666666666	0.5
14961572	{'Calleleat511SNP', 'Talleleatthe31SNP', '511CT', '511C/C', '31TC', '31T/T'}	{'31TC', '511CT'}	2	0	4	6	2	1.0	0.3333333333333333	0.5	0.3333333333333333
14962090	{'921G/A'}	{'921G/A'}	1	0	0	1	1	1.0	1.0	1.0	1.0
14962947	{'R219K', 'C564T', 'R1587K'}	{'R219K', 'C564T', 'R1587K'}	3	0	0	3	3	1.0	1.0	1.0	1.0
14970360	{'G217A', 'M235T', '6A', '6GG', '217A', '217G', '6G', 'A6G', '217AA'}	{'G217A', 'A6G', 'M235T'}	5	0	4	9	3	1.0	0.5555555555555556	0.7142857142857143	0.5555555555555556
14970363	{'Lys656AsnG/C', 'Pro1019ProG/A', 'Lys109ArgA/G', 'Lys656Asn'}	{'Lys656AsnG/C', 'Pro1019ProG/A', 'Lys109ArgA/G'}	4	0	0	4	3	1.0	1.0	1.0	1.0
14970845	{'P56L', 'T174M', 'T26M', 'SNP1368', 'M129V', '174M', '129M'}	{'P56L', 'T174M', 'T26M', 'SNP1368', 'M129V'}	6	0	1	7	5	1.0	0.8571428571428571	0.923076923076923	0.8571428571428571
14973548	{'308G/A'}	{'308G/A'}	1	0	0	1	1	1.0	1.0	1.0	1.0
14973783	{'V103Irs2229616', 'I103'}	{'V103I', 'rs2229616'}	1	0	1	2	2	1.0	0.5	0.6666666666666666	0.5
14975928	{'R1047L', 'K897T', 'Q1068R', 'P967L'}	{'R1047L', 'K897T', 'Q1068R', 'P967L'}	4	0	0	4	4	1.0	1.0	1.0	1.0
14979495	{'Arg753GLn', 'Arg753Gln', 'arginineglutaminesubstitutionatresidue753'}	{'Arg753Gln'}	1	0	2	3	1	1.0	0.3333333333333333	0.5	0.3333333333333333
14986114	{'1G/2GsinglenucleotidepolymorphismSNPintheMMP1atposition1607bp'}	{'1G/2G'}	1	0	0	1	1	1.0	1.0	1.0	1.0
14986169	{'CT60', 'JO30', 'JO31'}	{'JO31'}	1	0	2	3	1	1.0	0.3333333333333333	0.5	0.3333333333333333
15007371	{'CGchangeinthe104basepair'}	{'104CG'}	0	1	1	1	1	0.0	0.0	0.0	0.0
15007729	{'D2S286/rs3220265'}	set()	0	0	1	1	0	0.0	0.0	0.0	0.0
15008790	{'192Q/R', '108C/T'}	{'Q192R', '192Q/R', '108C/T'}	2	1	0	2	3	0.6666666666666666	1.0	0.8	0.6666666666666666
15009068	{'511C/T', '238G/A', '+252G/G', '+252G/A', '+3953T/C', '308G/A'}	{'+252G/A'}	1	0	5	6	1	1.0	0.16666666666666666	0.2857142857142857	0.16666666666666666
15022318	{'C+872T'}	{'C+872T'}	1	0	0	1	1	1.0	1.0	1.0	1.0
15024396	{'rs2361689', 'rs3735653', 'rs1861972', 'rs1861973'}	{'rs2361689', 'rs3735653', 'rs1861972', 'rs1861973'}	4	0	0	4	4	1.0	1.0	1.0	1.0
15024686	{'1007fs', 'G908R', 'D357A', 'R702W', 'I363F', 'P268S', 'N852S', 'L550V'}	{'1007fs', 'G908R', 'D357A', 'R702W', 'IVS+158', 'I363F', 'P268S', 'N852S', 'L550V', 'D113N'}	8	2	0	8	10	0.8	1.0	0.888888888888889	0.8
15026335	{'V109G', '326T/G', '79C/T'}	{'V109G', '326T/G', '79C/T'}	3	0	0	3	3	1.0	1.0	1.0	1.0
15028050	{'G144SKCNJ2', 'S706CKCNH2', 'R243HKCNQ1', 'A341VKCNQ1'}	{'A341V', 'R243H', 'S706C', 'G144S'}	4	0	0	4	4	1.0	1.0	1.0	1.0
15028669	{'BAT1348*T', 'BAT122*C', '22and348relativetheBAT1transcriptionstartsite', 'BAT1348*C'}	{'22*C', '348*C', '348*T'}	3	0	1	4	3	1.0	0.75	0.8571428571428571	0.75
15037865	{'I251L', 'V103I'}	{'I251L', 'V103I'}	2	0	0	2	2	1.0	1.0	1.0	1.0
15047633	{'rs2144908'}	{'rs2144908'}	1	0	0	1	1	1.0	1.0	1.0	1.0
15047636	{'579G', '579A>G', 'AnA>GsinglenucleotidepolymorphismSNPatposition579'}	{'579A>G'}	1	0	2	3	1	1.0	0.3333333333333333	0.5	0.3333333333333333
15048652	{'616CC', '616C/G', '521C/T', 'A/GSNPatthe615th', '616G', '616C', '616GC', '616GG', 'A/GSNPinthe615thposition', '615A/G'}	{'616C/G'}	2	0	8	10	1	1.0	0.2	0.33333333333333337	0.2
15050452	{'634C/G'}	{'634C/G'}	1	0	0	1	1	1.0	1.0	1.0	1.0
15054398	{'Arg506Gln', '37833T>G', '99930G>A', '42855A>G', '55907A>G', '1691G>A'}	{'Arg506Gln', '37833T>G', '99930G>A', '42855A>G', '55907A>G', '1691G>A'}	6	0	0	6	6	1.0	1.0	1.0	1.0
15057901	{'W11R', 'GAexchangeatposition81', 'L48V', '696C>T', 'C3Y', '128G>A', 'V47A', 'P24T', 'M33T', 'GAexchangeatposition765', 'A173G'}	{'G128A', 'W11R', 'G765A', 'L48V', 'G81A', 'C3Y', 'P24T', 'V47A', 'C696T', 'M33T', 'A173G'}	7	4	4	11	11	0.6363636363636364	0.6363636363636364	0.6363636363636364	0.4666666666666667
15061869	{'838A', '79C>T', 'Cin838', '+326T>G[V109G]', 'Aatposition838', '838C>A'}	{'838C>A'}	1	0	5	6	1	1.0	0.16666666666666666	0.2857142857142857	0.16666666666666666
15066320	{'H50R', 'M1V'}	{'H50R', 'M1V'}	2	0	0	2	2	1.0	1.0	1.0	1.0
15077293	{'padi4104*T/C', 'padi492*G/C', 'padi489*G/A', 'padi490*T/C'}	{'padi4104*T/C', 'padi492*G/C', 'padi489*G/A', 'padi490*T/C'}	4	0	0	4	4	1.0	1.0	1.0	1.0
15078863	{'A640G', '930A/G', 'C242T'}	{'A640G', '930A/G', 'C242T'}	3	0	0	3	3	1.0	1.0	1.0	1.0
15080568	{'C341T', 'GSTP1*A/GSTP1*B', 'A313G', 'GSTP1*B/GSTP1*B', 'GSTP1*A/GSTP1*C', 'GSTP1*C/GSTP1*D'}	{'A313G', 'C341T'}	2	0	4	6	2	1.0	0.3333333333333333	0.5	0.3333333333333333
15084241	{'codon594', 'TCT>TCCincodon10', 'ACG>ACAincodon594', 'codon325CCC>CCG'}	set()	0	0	4	4	0	0.0	0.0	0.0	0.0
15084933	{'1082IL10', 'GGatthe1082', 'CCatthe33IL4', '33IL4'}	{'33IL4CC', '1082IL10GG'}	2	0	2	4	2	1.0	0.5	0.6666666666666666	0.5
15087412	{'11381G/C'}	{'11381G/C'}	1	0	0	1	1	1.0	1.0	1.0	1.0
15091315	{'rs367398', 'rs915894', 'rs520692', 'rs422951'}	{'rs367398', 'rs915894', 'rs520692', 'rs422951'}	4	0	0	4	4	1.0	1.0	1.0	1.0
15091317	{'196RT/G', '196R', 'Galleleatposition196inexon6oftheTNFreceprIIgeneTNFRII196R', '196RG'}	{'TNFRII196R'}	2	0	2	4	1	1.0	0.5	0.6666666666666666	0.5
15094225	{'493G/T', '1183T/C'}	{'493G/T', '1183T/C'}	2	0	0	2	2	1.0	1.0	1.0	1.0
15099281	{'894G>T', '894TT'}	{'894G>T'}	1	0	1	2	1	1.0	0.5	0.6666666666666666	0.5
15099346	{'250G/A', '250A'}	{'250G/A'}	1	0	1	2	1	1.0	0.5	0.6666666666666666	0.5
15099969	{'codon72CCC/prolineCGC/arginine[Pro72Arg]', 'codon31AGC/serineAGA/arginine[Ser31Arg]'}	{'Ser31Arg', 'Pro72Arg'}	2	0	0	2	2	1.0	1.0	1.0	1.0
15100460	{'G/Agenotypeassociatedwithtumornecrosisfacralphapositions376and244', '244G/A'}	{'657', '376G/A', '244G/A', '851', '77'}	1	4	1	2	5	0.2	0.5	0.28571428571428575	0.16666666666666666
15101044	{'2572T>C858F>L', '3161C>G1054P>R'}	{'3161C>G', '1054P>R', '2572T>C', '858F>L'}	2	0	0	2	4	1.0	1.0	1.0	1.0
15102677	{'387Asp/Asprs1056932', '+4328C/G', '+4449C/T', '386Val/AlaT/Crs4541', '293Leu/ValC/Grs5292', '+4536T/C'}	{'rs1056932', 'D387D', 'L293V', 'rs5292', 'V386A', 'rs4541'}	3	3	3	6	6	0.5	0.5	0.5	0.3333333333333333
15103710	{'445C', '111C', 'IVS939C', '292A', '147G', 'IVS939T', '445A', '292C'}	{'445C', '111C', 'IVS939C', '292A', '147G', 'IVS939T', '445A', '292C'}	8	0	0	8	8	1.0	1.0	1.0	1.0
15108194	{'196G/A'}	{'196G/A'}	1	0	0	1	1	1.0	1.0	1.0	1.0
15108283	{'147894C>G', '713155C>T', '1263G>C', '834+7G>A', '712+26G>A', '1332C>T', '280+170C>G', '1869T>C'}	{'147894C>G', '713155C>T', '1263G>C', '834+7G>A', '712+26G>A', '1332C>T', '280+170C>G', '1869T>C'}	8	0	0	8	8	1.0	1.0	1.0	1.0
15110318	{'D6S1577', 'A1555G'}	{'A1555G'}	1	0	1	2	1	1.0	0.5	0.6666666666666666	0.5
15114532	{'hemoglobinEvariantHbE;beta26Glu>Lys'}	{'Glu26Lys', 'beta26Glu>Lys'}	1	1	0	1	2	0.5	1.0	0.6666666666666666	0.5
15115760	{'270C>T', 'Met66', '270C', 'Val66Met'}	{'270C>T', 'Val66Met'}	3	0	1	4	2	1.0	0.75	0.8571428571428571	0.75
15116249	{'46C>T'}	{'46C>T'}	1	0	0	1	1	1.0	1.0	1.0	1.0
15116260	{'159T/C'}	{'159T/C'}	1	0	0	1	1	1.0	1.0	1.0	1.0
15122513	{'rs1989754', 'rs1721100', 'ss20399075'}	{'rs1989754', 'rs1721100', 'ss20399075'}	3	0	0	3	3	1.0	1.0	1.0	1.0
15123570	{'I164T', 'G276T'}	{'I164T', 'G276T'}	2	0	0	2	2	1.0	1.0	1.0	1.0
15123654	{'468GlyA'}	{'468A/G'}	0	1	1	1	1	0.0	0.0	0.0	0.0
15124004	{'rs737865', 'rs4680', 'rs165599'}	{'rs737865', 'rs4680', 'rs165599'}	3	0	0	3	3	1.0	1.0	1.0	1.0
15126335	{'30833A', '4552C', '4044T', '18085T241Met', '4062T'}	{'30833A', '4552C', '4044T', '241Met', '4062T'}	5	0	0	5	5	1.0	1.0	1.0	1.0
15129369	"{'T27C', 'G1947A', ""TA1CA2transitioninthe5'UTRofthecychromeP450c17alphaCYP17"", 'GValAMettransitioninexon4ofthecatecholOmethyltransferaseCOMT'}"	{'T27C', 'G1947A'}	2	0	2	4	2	1.0	0.5	0.6666666666666666	0.5
15130757	{'572G/C', '373AnTm', '597G/A', '174G/C', '174GG'}	{'597G/A', '572G/C', '174G/C', '373AnTm'}	4	0	1	5	4	1.0	0.8	0.888888888888889	0.8
15138193	{'C2029Tnucleotidesubstitution', 'Arg677Trp'}	{'C2029T', 'Arg677Trp'}	2	0	0	2	2	1.0	1.0	1.0	1.0
15138458	{'singlenucleotidepolymorphismSNPinposition+49ofexon1'}	"{""3'UTRrepeat"", '+49SNP'}"	0	2	1	1	2	0.0	0.0	0.0	0.0
15138483	{'C112RE4', 'P187S', 'C825T', 'R72P', 'Q356R', 'R158CE2', 'N372H', '187S', 'P871L'}	{'P187S', 'C825T', 'R72P', 'Q356R', 'R158C', 'C112R', 'N372H', 'P871L'}	9	0	0	9	8	1.0	1.0	1.0	1.0
15138485	{'RAD51135g>c', 'RAD51135c'}	{'RAD51135g>c'}	1	0	1	2	1	1.0	0.5	0.6666666666666666	0.5
15142217	{'+587T/G', '+587G'}	{'+587T/G'}	1	0	1	2	1	1.0	0.5	0.6666666666666666	0.5
15149891	{'866G/A'}	{'866G/A'}	1	0	0	1	1	1.0	1.0	1.0	1.0
15150650	{'127T>A', '127bpT>A'}	{'127T>A'}	1	0	1	2	1	1.0	0.5	0.6666666666666666	0.5
15161528	{'4245+82A>G', 'A1673G', 'S1102Y', 'G87A', 'A29A', 'H558R', 'C5457T', 'D1819D', 'G6174A', 'G1673', 'R558'}	{'4245+82A>G', 'A1673G', 'G87A', 'H558R', 'A29A', 'C5457T', 'D1819D', 'G6174A'}	8	0	3	11	8	1.0	0.7272727272727273	0.8421052631578948	0.7272727272727273
15164150	{'P392L', 'IVS523A/G', 'IVS1+633A/C', '976A/G'}	{'P392L'}	1	0	3	4	1	1.0	0.25	0.4	0.25
15166293	{'39C>T', 'Y181H', 'R248Q', 'g.114A>G'}	{'39C>T', 'Y181H', 'R248Q', 'g.114A>G'}	4	0	0	4	4	1.0	1.0	1.0	1.0
15170937	{'+3962C', '1098T/G'}	{'+3962C', '1098T/G'}	2	0	0	2	2	1.0	1.0	1.0	1.0
