PMID	GT_Mutations	PubMind-tmVar3_dna_Mutations	TP	FP	FN	Total_GT	Total_PubMind-tmVar3_dna	Precision	Recall	F1	Accuracy
12631337	set()	{'TN7delTTCAA'}	0	1	0	0	1	0.0	0.0	0.0	0.0
12636044	{'c2403T>C', 'c5398T>C', 'c4475C>A'}	{'c2403T>C', 'c5398T>C', 'c4475C>A'}	3	0	0	3	3	1.0	1.0	1.0	1.0
12650796	{'3020insC', 'cysineinsertionatposition3020'}	{'3020insC'}	1	0	1	2	1	1.0	0.5	0.6666666666666666	0.5
12653841	{'878delA', '1936delG', '1195delC'}	{'878delA', '1936delG', '1195delC'}	3	0	0	3	3	1.0	1.0	1.0	1.0
12668354	{'44basepairinsertion/deletion'}	{'5HTTLPR'}	0	1	1	1	1	0.0	0.0	0.0	0.0
12668609	{'A262T'}	{'A262T'}	1	0	0	1	1	1.0	1.0	1.0	1.0
12673366	{'GCsubstitutionatposition135'}	{'G135C'}	0	1	1	1	1	0.0	0.0	0.0	0.0
12701064	{'3basedeletionTCC,either350351or351352codon', '1basedeletion', 'TAC>AAatcodon329', '3basedeletion'}	{'1basedeletionatcodon329TAC>AA', '3basedeletionTCC,either350351or351352codon'}	3	0	1	4	2	1.0	0.75	0.8571428571428571	0.75
12716337	{'GCsubstitutionatposition174'}	{'174G>C'}	0	1	1	1	1	0.0	0.0	0.0	0.0
12719097	{'Cdeletionatnucleotideposition4548'}	{'4548delC'}	0	1	1	1	1	0.0	0.0	0.0	0.0
12729343	{'469+14G/C', '1729+55del4'}	{'469+14G/C', '1729+55del4', 'D543N'}	2	1	0	2	3	0.6666666666666666	1.0	0.8	0.6666666666666666
12736721	{'192bpinsert'}	set()	0	0	1	1	0	0.0	0.0	0.0	0.0
12737948	{'251G', 'IVS123T', 'IVS348C', 'IVS10+1,g>t'}	{'IVS10+1,g>t'}	1	0	3	4	1	1.0	0.25	0.4	0.25
12750403	{'1631delC', '1bpdeletion'}	{'1631delC'}	1	0	1	2	1	1.0	0.5	0.6666666666666666	0.5
12752111	{'IVSI1G>A', 'IVSI5G>C', '13bpdeletion', 'IVSI129A>C'}	{'IVSI1G>A', 'IVSI129A>C', '13bpdeletionremovingthelastnucleotideinCD6CD10inclusively', 'IVSI5G>C', 'alpha3.7deletion', 'alpha4.2deletion', 'CD26GAG>GAA', 'CD55A'}	4	4	0	4	8	0.5	1.0	0.6666666666666666	0.5
12791036	{'duplicationof17bp', '12851301dup', '615delC'}	{'12851301dup', 'R238X', '615delC'}	2	1	1	3	3	0.6666666666666666	0.6666666666666666	0.6666666666666666	0.5
12809638	{'752758delGCCGGCC', '25902591insCCCC', '2566T>C'}	{'752758delGCCGGCC', '25902591insCCCC', '2566T>C'}	3	0	0	3	3	1.0	1.0	1.0	1.0
12820697	{'1009delA'}	{'1009delA', 'A182T'}	1	1	0	1	2	0.5	1.0	0.6666666666666666	0.5
12829659	{'C174C', 'G308A', '308A', 'G308G', 'C174G'}	{'C174G', 'G308A'}	3	0	2	5	2	1.0	0.6	0.7499999999999999	0.6
12862311	{'791G>T'}	{'791G>T'}	1	0	0	1	1	1.0	1.0	1.0	1.0
12872254	{'4bpdeletion', '399402delAGAG'}	{'399402delAGAG'}	1	0	1	2	1	1.0	0.5	0.6666666666666666	0.5
12898858	{'A1166C'}	{'A1166C', 'M235T'}	1	1	0	1	2	0.5	1.0	0.6666666666666666	0.5
12915397	{'45ntinsertion', '866A', '866G/A'}	"{""45ntinsertioninthe3'untranslated3'UTRregion"", 'Ala55ValorA55V', '866G/A'}"	2	1	1	3	3	0.6666666666666666	0.6666666666666666	0.6666666666666666	0.5
12925671	{'C877T', '620621del'}	{'C877T', '620621del'}	2	0	0	2	2	1.0	1.0	1.0	1.0
12968672	{'G1739A'}	{'G1739A'}	1	0	0	1	1	1.0	1.0	1.0	1.0
14508191	{'T/C704', 'A/C1166', 'T/C344'}	{'T/C704', 'A/C1166', 'T/C344'}	3	0	0	3	3	1.0	1.0	1.0	1.0
14510914	{'deletionofthecodingsequencent1314throughnt1328', '15ntduplicating'}	{'13141328delins15nt'}	0	1	2	2	1	0.0	0.0	0.0	0.0
14510916	{'1892G>C'}	{'1892G>C'}	1	0	0	1	1	1.0	1.0	1.0	1.0
14533983	{'32nucleotidedeletion', 'D32'}	{'D32'}	1	0	1	2	1	1.0	0.5	0.6666666666666666	0.5
14562027	{'13C/T', '1001C/T', '263G/A', '+142C/G', '+355G/T'}	{'13C/T', '1001C/T', '263G/A', '+142C/G', '+355G/T'}	5	0	0	5	5	1.0	1.0	1.0	1.0
14568816	{'GATTduplicationnucleotides763766', 'GAmutationatcodon456', 'spcodonatnucleotides766768'}	{'1367G>A', '763766dupGATT'}	0	2	3	3	2	0.0	0.0	0.0	0.0
14576201	{'G5947A', 'deletionofthymidineinapolypyrimidinetractlocated3346bps', 'IVS46:delT39...46'}	{'G5947A', 'IVS46:delT39...46'}	2	0	1	3	2	1.0	0.6666666666666666	0.8	0.6666666666666666
14587045	set()	{'beta0thalassemiamutation'}	0	1	0	0	1	0.0	0.0	0.0	0.0
14623369	{'C270T'}	{'C270T'}	1	0	0	1	1	1.0	1.0	1.0	1.0
14623461	set()	{'1q42.3approximatelyq43deletion'}	0	1	0	0	1	0.0	0.0	0.0	0.0
14639526	{'dup17p11.2p11.2', '2.1kbATrichinvertedrepeats', '4Mbheterozygousinterstitialdeletion'}	set()	0	0	3	3	0	0.0	0.0	0.0	0.0
14708104	{'33853386delTT'}	{'33853386delTT'}	1	0	0	1	1	1.0	1.0	1.0	1.0
14709355	{'5GCrepeats'}	{'531532delGC'}	0	1	1	1	1	0.0	0.0	0.0	0.0
14722925	{'G>Asubstitutionatnucleotide+1ofintron2', '27delC', '87+1G>A'}	{'27delC', '87+1G>A'}	2	0	1	3	2	1.0	0.6666666666666666	0.8	0.6666666666666666
14742428	{'IVS9del[7:4]', '1109ins8bp'}	{'H391RCACCGC', 'H156YbetaCATTAT', 'IVS9del[7:4]', 'S133spTCATGA', 'C219WalphaTGCTGG', '1109ins8bpexon10', 'V69GbetaGTTGGT'}	2	5	0	2	7	0.2857142857142857	1.0	0.4444444444444445	0.2857142857142857
14751036	{'GGCCinsertionatexon8,position1277', 'GGCCinsertionatexon81277', '9+1G>T', '1780C>A', '2084G>A', 'Cinsertioninexon14betweenpositions25052511', '1242G>T', '2068G>C'}	{'GGCCinsertionatexon8,position1277', '1780C>A', '2084G>A', 'Cinsertioninexon14betweenpositions25052511', '+1G>T', '1242G>T', '2068G>C'}	7	0	1	8	7	1.0	0.875	0.9333333333333333	0.875
14962306	set()	{'V1561M'}	0	1	0	0	1	0.0	0.0	0.0	0.0
14979495	set()	{'Arg753Gln'}	0	1	0	0	1	0.0	0.0	0.0	0.0
15000256	{'ACsubstitutionatnucleotide879'}	{'879A>C'}	0	1	1	1	1	0.0	0.0	0.0	0.0
15003823	{'825+2T>C', '10671068ins5bp', '3451G>C', '962GA', '49913Delta14bpindelTGA', '825+1G>C', '181G>C', '498+15G>T', '26761del8bp', '1067delA', '33+2T>C'}	{'825+2T>C', '10671068ins5bp', '3451G>C', '962GA', '49913Delta14bpindelTGA', '825+1G>C', '181G>C', '498+15G>T', '26761del8bp', '1067delA', '33+2T>C'}	11	0	0	11	11	1.0	1.0	1.0	1.0
15009222	{'C435G', 'del329C', 'singlenucleotidedeletionatposition329'}	{'C435G', 'del329C'}	2	0	1	3	2	1.0	0.6666666666666666	0.8	0.6666666666666666
15033202	{'5nucleotidedeletion'}	{'5nucleotidedeletion'}	1	0	0	1	1	1.0	1.0	1.0	1.0
15041272	{'CTtransitionatnucleotide3916'}	{'3916C>T'}	0	1	1	1	1	0.0	0.0	0.0	0.0
15064320	{'Tdel219', 'Tnucleotidedeletion,whichpredictsaframeshiftmutationfromcodon219'}	{'Tdel219', 'R227Q'}	1	1	1	2	2	0.5	0.5	0.5	0.3333333333333333
15069170	{'IVS16+1G>A', '1932delC', '1930C>T', '7A>T', '11811186+20del26', '1712C>T', '2552T>A', '96bpinsertion', '185C>T', '18111812delAT'}	{'IVS16+1G>A', '1932delC', '1930C>T', '7A>T', '11811186+20del26', '1712C>T', '2552T>A', '185C>T', '18111812delAT'}	9	0	1	10	9	1.0	0.9	0.9473684210526316	0.9
15086325	{'IVS82A>G', 'G6410T', '22389delAG'}	{'IVS82A>G', 'G6410T', '22389delAG'}	3	0	0	3	3	1.0	1.0	1.0	1.0
15086338	{'5504delA', '6573+1G>C'}	{'5504delA', '6573+1G>C'}	2	0	0	2	2	1.0	1.0	1.0	1.0
15111599	{'3bpdeletion', 'IVS3+1G/A', '279delGAG'}	{'279delGAG'}	1	0	2	3	1	1.0	0.3333333333333333	0.5	0.3333333333333333
15122708	{'del92nucleotide19/+73'}	{'del92nucleotide19/+73'}	1	0	0	1	1	1.0	1.0	1.0	1.0
15122711	{'G1681A'}	{'G1681A'}	1	0	0	1	1	1.0	1.0	1.0	1.0
15135245	set()	{'CAC3543TAC'}	0	1	0	0	1	0.0	0.0	0.0	0.0
15147378	{'36bpinsertion'}	{'36bpinsertion'}	1	0	0	1	1	1.0	1.0	1.0	1.0
15148206	{'429A>C', 'duplicationof27nucleotides', '1222ins27', '27bpduplicationwasfoundinsertedinthe2Bdomainatnucleotideposition1222', '27bpinsertion'}	{'1222ins27', '429A>C'}	2	0	3	5	2	1.0	0.4	0.5714285714285715	0.4
15191352	{'1123T>G'}	{'1123T>G'}	1	0	0	1	1	1.0	1.0	1.0	1.0
15198485	{'134delA'}	{'134delA'}	1	0	0	1	1	1.0	1.0	1.0	1.0
15200509	{'cysineCforguanineGatcodon246'}	{'736C>G'}	0	1	1	1	1	0.0	0.0	0.0	0.0
15205584	set()	{'G>Cinexon12'}	0	1	0	0	1	0.0	0.0	0.0	0.0
15272913	{'306basepairinsertion'}	{'PROGINS306basepairinsertionpolymorphism'}	1	0	0	1	1	1.0	1.0	1.0	1.0
15304120	{'1091C>T'}	{'1091C>T', 'TA7'}	1	1	0	1	2	0.5	1.0	0.6666666666666666	0.5
15316799	{'352G', '15T>C', '+45CC', 'intron3,+45C>T', '352asGGorGA', 'intron4,+718C>T', 'intron2,352G>A'}	{'15T>C', '352G>A', 'intron3,+45C>T', 'intron4,+718C>T'}	5	0	2	7	4	1.0	0.7142857142857143	0.8333333333333333	0.7142857142857143
15377356	{'18772A>C', '3432delT'}	{'18772A>C', '3432delT'}	2	0	0	2	2	1.0	1.0	1.0	1.0
15459183	{'4bpdeletion', '13nucleotiderepeat'}	{'13nucleotiderepeatinintron8', '4bpdeletioninintron8'}	2	0	0	2	2	1.0	1.0	1.0	1.0
15461822	{'Delta304995', '30nucleotidedeletion', 'Delta30'}	{'Delta304995', 'Delta30'}	2	0	1	3	2	1.0	0.6666666666666666	0.8	0.6666666666666666
15464247	{'4bpinsertion/deletion', '1188A/C', '1188C'}	{'4bpinsertion/deletion', '1188A/C'}	2	0	1	3	2	1.0	0.6666666666666666	0.8	0.6666666666666666
15485686	{'G>Asubstitutionatcodon1763'}	{'G1763A'}	0	1	1	1	1	0.0	0.0	0.0	0.0
15579915	{'IVS10+4G'}	{'IVS10+4G'}	1	0	0	1	1	1.0	1.0	1.0	1.0
15599941	set()	{'shortCAGrepeat<22/GG', 'shortCAGrepeat<22'}	0	2	0	0	2	0.0	0.0	0.0	0.0
15607529	{'TGtransversionatnucleotide1836'}	{'1836T>G'}	0	1	1	1	1	0.0	0.0	0.0	0.0
15609295	{'ninenucleotidedeletionstartingatposition1952'}	set()	0	0	1	1	0	0.0	0.0	0.0	0.0
15636431	{'TCsubstitutionatposition1833'}	{'1699', '1678', '1825', '1708', '1694', '1833T>C'}	0	6	1	1	6	0.0	0.0	0.0	0.0
15642853	set()	{'exon11R396Gsubstitution', 'exon2deletion', 'exon7G284Rsubstitution', 'exon3deletion'}	0	4	0	0	4	0.0	0.0	0.0	0.0
15661214	{'guanineinsertion2Gpolymorphismatnucleotide1607'}	{'1607insG'}	0	1	1	1	1	0.0	0.0	0.0	0.0
15667541	{'g.3907G>A'}	{'g.3907G>A'}	1	0	0	1	1	1.0	1.0	1.0	1.0
15668505	{'203G>A', '203A'}	{'203G>A', 'N372H'}	1	1	1	2	2	0.5	0.5	0.5	0.3333333333333333
15672026	{'A>Gpolymorphismatposition670', 'adenineAguanineGsubstitutionatposition670'}	{'670A>G'}	0	1	2	2	1	0.0	0.0	0.0	0.0
15680411	{'GACTAnmicrosatellitelocated120kb'}	{'T241M', 'R399Q', 'R194W', 'I134T'}	0	4	1	1	4	0.0	0.0	0.0	0.0
15749661	{'1665delC', '714C', '1469T>G'}	{'1665delC', '714C>T', '1469T>G'}	3	0	0	3	3	1.0	1.0	1.0	1.0
15754732	{'835del18', '222insT', '912delTA'}	{'835del18', '222insT', '912delTA'}	3	0	0	3	3	1.0	1.0	1.0	1.0
15755837	{'19basepairdeletion'}	{'19basepairdeletion'}	1	0	0	1	1	1.0	1.0	1.0	1.0
15770495	{'del642T', 'IVS3+1G>A', 'del418T', '217218insC'}	set()	0	0	4	4	0	0.0	0.0	0.0	0.0
15807692	{'3472delC', 'IVS51+1G>A'}	{'3472delC', 'IVS51+1G>A'}	2	0	0	2	2	1.0	1.0	1.0	1.0
15818664	{'143bpTC', '+14bpCT', '4bpGA', '4basepairGA'}	{'143T>C', '+14C>T', '4G>A'}	0	3	4	4	3	0.0	0.0	0.0	0.0
15824163	{'rs1639679'}	{'rs1639679'}	1	0	0	1	1	1.0	1.0	1.0	1.0
15834874	{'G1915T/A', 'G529A', 'C3026T', 'A1053G', 'C934A', 'T2005C/A'}	{'G1915T/A', 'G529A', 'C3026T', 'A1053G', 'C934A', 'T2005C/A'}	6	0	0	6	6	1.0	1.0	1.0	1.0
15837627	set()	{'JAK2V617F'}	0	1	0	0	1	0.0	0.0	0.0	0.0
15851735	{'2607C>A'}	{'2607C>A'}	1	0	0	1	1	1.0	1.0	1.0	1.0
15867855	{'rs2277025'}	{'157delMTTTVP', 'rs2277025'}	1	1	0	1	2	0.5	1.0	0.6666666666666666	0.5
15880727	{'1131G>A', '841842delAC', '851T>C', '612T>G', '360363delCAAA', '532T>C', '10441049delTTCTGGinsACACT', '345372del28', '799+2T>A', '865delC'}	{'1131G>A', '841842delAC', '851T>C', '612T>G', '360363delCAAA', '532T>C', '10441049delTTCTGGinsACACT', '345372del28', '799+2T>A', '865delC'}	10	0	0	10	10	1.0	1.0	1.0	1.0
15929706	{'3bpinsertion', '3basepairinsertion'}	{'3bpinsertionmutationbetweencodons31and32'}	1	0	1	2	1	1.0	0.5	0.6666666666666666	0.5
15983230	{'rs5393'}	{'rs5393'}	1	0	0	1	1	1.0	1.0	1.0	1.0
16000134	{'Tinsertionat7916and7917'}	{'79167917insT'}	0	1	1	1	1	0.0	0.0	0.0	0.0
16001362	set()	{'16C>T'}	0	1	0	0	1	0.0	0.0	0.0	0.0
16005363	set()	{'AFF344345ins'}	0	1	0	0	1	0.0	0.0	0.0	0.0
16018252	{'AwasreplacedaGincodon38', 'TAtransitionatthenucleotideposition+387'}	{'387T>A', '38A>G'}	0	2	2	2	2	0.0	0.0	0.0	0.0
16046395	{'A118', 'A118G', 'G118', 'adenosine,guanosine,cytidine,andthymidineinposition118'}	{'A118G'}	2	0	2	4	1	1.0	0.5	0.6666666666666666	0.5
16088915	{'AGtransitionatnucleotide+79'}	{'2375A>G'}	0	1	1	1	1	0.0	0.0	0.0	0.0
16120104	{'111G', 'C1228T', 'G3853A', 'C111G'}	{'C1228T', 'G3853A', 'C111G'}	4	0	0	4	3	1.0	1.0	1.0	1.0
16130093	set()	{'exon10glycinesubstitution', 'exon9deletion', 'exon9glycinesubstitution', 'exon22deletion', 'exon31substitution'}	0	5	0	0	5	0.0	0.0	0.0	0.0
16143638	{'IVS25855insT'}	{'P1singlenucleotidepolymorphism', 'IVS25855insT', 'IVS1singlenucleotidepolymorphism', 'P3singlenucleotidepolymorphism'}	1	3	0	1	4	0.25	1.0	0.4	0.25
16152606	{'643C>T', '657del5'}	{'643C>T', '657del5'}	2	0	0	2	2	1.0	1.0	1.0	1.0
16159638	{'15bpinsertion/deletion'}	"{'15bpinsertion/deletioninexon4', 'SNPatposition+4259', ""SNPsinthe5'genomicregion""}"	1	2	0	1	3	0.3333333333333333	1.0	0.5	0.3333333333333333
16167150	{'ins/del;45bpand3bp', '45bpins/del', '3bpins/del', '866G/A'}	{'G/Ainexon2', '45bpins/del', '3bpins/del', '866G/A'}	3	1	1	4	4	0.75	0.75	0.75	0.6
16181814	set()	{'E873sp', 'A467T'}	0	2	0	0	2	0.0	0.0	0.0	0.0
16186368	{'15bpdeletion'}	{'15bpdeletioninexon7'}	1	0	0	1	1	1.0	1.0	1.0	1.0
16211251	{'10G>A'}	{'10G>A'}	1	0	0	1	1	1.0	1.0	1.0	1.0
16216473	{'C>TtransversionatcDNAbase463', 'C463T'}	{'C463T'}	1	0	1	2	1	1.0	0.5	0.6666666666666666	0.5
16252083	{'A>Gtransitionat127position', 'G>Atransitionat1032position'}	{'G1032A', 'A127G'}	0	2	2	2	2	0.0	0.0	0.0	0.0
16256386	{'EX696A>G', 'IVS12+6T>A', 'IVS12+4A>G', 'IVS4+3G>C'}	set()	0	0	4	4	0	0.0	0.0	0.0	0.0
16288197	{'144G>A'}	{'144G>A'}	1	0	0	1	1	1.0	1.0	1.0	1.0
16288199	{'CCTTT13', 'CCTTT10', 'CCTTT14'}	{'CCTTTmicrosatelliteCCTTT14'}	1	0	2	3	1	1.0	0.3333333333333333	0.5	0.3333333333333333
16321363	{'338G>A', 'deletion1012Mb', 'del1p31.2p32.3'}	{'338G>A', 'del1p31.2p32.3'}	2	0	1	3	2	1.0	0.6666666666666666	0.8	0.6666666666666666
16379540	{'del14b17b', '4002A>G'}	{'4002A>G', 'D110H', 'CFTRdel14b17b', 'S589N'}	2	2	0	2	4	0.5	1.0	0.6666666666666666	0.5
16380922	set()	{'5nucleotidedeletion'}	0	1	0	0	1	0.0	0.0	0.0	0.0
16410744	set()	{'codon787CAG/CAAGln/Gln'}	0	1	0	0	1	0.0	0.0	0.0	0.0
16418600	{'457458insG'}	{'457458insG'}	1	0	0	1	1	1.0	1.0	1.0	1.0
16424663	{'deletionofcDNAnucleotide81', 'nt81Gdeletion'}	{'nt81Gdeletion'}	1	0	1	2	1	1.0	0.5	0.6666666666666666	0.5
16480574	{'30bpdeleted', '30bpdeletioncodon:346355'}	set()	0	0	2	2	0	0.0	0.0	0.0	0.0
16506214	{'+8365C/T', '+3100T/G'}	{'+8365C/T', '+3100T/G'}	2	0	0	2	2	1.0	1.0	1.0	1.0
16525586	{'892895dupG', '20451G>A', '16421644dupA', '210T>G', '791C>T'}	{'892895dupG', '20451G>A', '16421644dupA', '210T>G', '791C>T'}	5	0	0	5	5	1.0	1.0	1.0	1.0
16575011	{'1494del6'}	{'1494del6', '3R/3Rgenotype', '3RG>C'}	1	2	0	1	3	0.3333333333333333	1.0	0.5	0.3333333333333333
16601880	{'21532155delinsTCCTGGTTTA', '2838+5G>A', '28delC', '2186delC', '12851286insCAAA', '23161G>A', '1175delC', '10021003insT', '861+1G>T', '2422delA', '2919+1G>A', '14021C>G'}	{'21532155delinsTCCTGGTTTA', '2838+5G>A', '28delC', '2186delC', '12851286insCAAA', '23161G>A', '1175delC', '10021003insT', '861+1G>T', '2422delA', '2919+1G>A', '14021C>G'}	12	0	0	12	12	1.0	1.0	1.0	1.0
16723031	{'1494del6', '28bptandemrepeat', '6bpdeletion/insertion', 'del6'}	{'1494del6', 'TSER28bptandemrepeat'}	3	0	1	4	2	1.0	0.75	0.8571428571428571	0.75
16728705	{'863C>A', 'C>Asubstitutionatposition863'}	{'TNFA863C>A'}	1	0	1	2	1	1.0	0.5	0.6666666666666666	0.5
16781314	{'888delC', 'deletionofCatnucleotide888'}	{'888delC'}	1	0	1	2	1	1.0	0.5	0.6666666666666666	0.5
16796766	set()	{'exon78deletion'}	0	1	0	0	1	0.0	0.0	0.0	0.0
16822828	{'8bpnucleotideTTAAATGGdeletion', 'TAC>AAatcodon329'}	{'V311fs', 'Y329fs', 'D487S488F489deletion'}	0	3	2	2	3	0.0	0.0	0.0	0.0
16838170	{'rs1884614', 'rs2144908', 'rs3818247', 'rs4810424', 'rs2071197'}	{'rs1884614', 'rs2144908', 'rs3818247', 'rs4810424', 'rs2071197'}	5	0	0	5	5	1.0	1.0	1.0	1.0
16840830	set()	{'1253G>T', '1670A>G'}	0	2	0	0	2	0.0	0.0	0.0	0.0
16843501	{'G>Ctransversionat1245position', 'G135C', 'G>Csubstitutionatposition135'}	{'G135C', 'G1245C'}	1	1	2	3	2	0.5	0.3333333333333333	0.4	0.25
16849419	{'101bpdeletion', '85bpdeletion'}	{'GAsubstitutionatthelastnucleotideinexon7', '101bpdeletioninintron9', '85bpdeletioninintron10'}	2	1	0	2	3	0.6666666666666666	1.0	0.8	0.6666666666666666
16911351	{'3bpdeletion', '904906delGAG', '646G>C'}	{'904906delGAG', '646G>C'}	2	0	1	3	2	1.0	0.6666666666666666	0.8	0.6666666666666666
16953235	{'32T', '32C>T'}	{'32C>T'}	1	0	1	2	1	1.0	0.5	0.6666666666666666	0.5
16970763	{'14bpdeletion'}	"{""14bpdeletionin5'untranslatedregion""}"	1	0	0	1	1	1.0	1.0	1.0	1.0
16989765	set()	{'His158Arg'}	0	1	0	0	1	0.0	0.0	0.0	0.0
17000021	{'+1858C>T', 'rs2488457', 'rs2476601', '1123G>C', '+2740A>G', 'rs1217412'}	{'rs1217412', 'rs2488457', 'rs2476601'}	3	0	3	6	3	1.0	0.5	0.6666666666666666	0.5
17002658	{'g.1043510809del', 'g.1755G>A'}	{'g.1043510809del', 'g.1755G>A'}	2	0	0	2	2	1.0	1.0	1.0	1.0
17003357	{'2250G/C', '1858C/T', '1858T'}	{'2250G/C', '1858C/T'}	2	0	1	3	2	1.0	0.6666666666666666	0.8	0.6666666666666666
17003923	{'536C>T', '675insertion/deletion', '455G>A', '20210G>A', '4070A>G', '127G>A', '807C>T', '1601G>A', '677C>T', '1691G>A'}	{'536C>T', '675insertion/deletion', '455G>A', '20210G>A', '4070A>G', 'Arg353Gln', 'Val34Leu', '127G>A', 'E2/E3/E4', '807C>T', 'intron16insertion/deletion', '1601G>A', '677C>T', '1691G>A'}	10	4	0	10	14	0.7142857142857143	1.0	0.8333333333333333	0.7142857142857143
17033974	{'2406C>A'}	{'2406C>A'}	1	0	0	1	1	1.0	1.0	1.0	1.0
17059986	{'2633+1G>C', 'r.25212634del'}	{'2633+1G>C'}	1	0	1	2	1	1.0	0.5	0.6666666666666666	0.5
17065190	{'rs3917887', 'rs2857657', 'rs13900', 'rs4586'}	{'rs3917887', 'rs2857657', 'rs13900', 'rs4586'}	4	0	0	4	4	1.0	1.0	1.0	1.0
17065479	{'7.36kbhomozygousdeletion'}	{'7.36kbdeletion'}	0	1	1	1	1	0.0	0.0	0.0	0.0
17079875	{'1282G>A', '2084G>C'}	{'1282G>A', '2084G>C'}	2	0	0	2	2	1.0	1.0	1.0	1.0
17160997	{'22bptandemduplication', '22basepairduplication'}	{'22bptandemduplication'}	1	0	1	2	1	1.0	0.5	0.6666666666666666	0.5
17166870	{'6bINS', '6baseinsertion'}	{'6bINS'}	1	0	1	2	1	1.0	0.5	0.6666666666666666	0.5
17169596	{'671G>A'}	{'671G>A'}	1	0	0	1	1	1.0	1.0	1.0	1.0
17177139	{'1284A>C'}	{'1284A>C'}	1	0	0	1	1	1.0	1.0	1.0	1.0
17185385	set()	{'SNP9', 'SNP6', 'SNP2'}	0	3	0	0	3	0.0	0.0	0.0	0.0
17192049	{'T3801C'}	{'AGtransitioninexon7', 'T3801C'}	1	1	0	1	2	0.5	1.0	0.6666666666666666	0.5
17250663	{'G1714C', 'G1714A'}	{'G1714C', 'G1714A'}	2	0	0	2	2	1.0	1.0	1.0	1.0
17250667	{'Adeletionincodon242', 'Cdeletionincodon241'}	{'725delA', '724delC'}	0	2	2	2	2	0.0	0.0	0.0	0.0
17292585	{'Delta4E4'}	{'N334K', 'Delta4E4', 'A149P', 'A174D'}	1	3	0	1	4	0.25	1.0	0.4	0.25
17311329	{'30bpdeletion'}	{'30bpdeletion'}	1	0	0	1	1	1.0	1.0	1.0	1.0
17327131	{'1bpinsertion', '1415insC'}	{'1415insC', 'Asp218Asn', 'Gln266His'}	1	2	1	2	3	0.3333333333333333	0.5	0.4	0.25
17356395	set()	{'i7q10', 'MID1064'}	0	2	0	0	2	0.0	0.0	0.0	0.0
17372760	{'IVS101G>A'}	{'L638P', 'IVS101G>A'}	1	1	0	1	2	0.5	1.0	0.6666666666666666	0.5
17392687	{'12nucleotideinframedeletion'}	{'12nucleotideinframedeletion'}	1	0	0	1	1	1.0	1.0	1.0	1.0
17395743	{'rs2720709', 'rs2648875'}	{'rs2720709', 'rs2648875'}	2	0	0	2	2	1.0	1.0	1.0	1.0
17426470	{'adenosinedeletionatposition5772'}	{'5772delA'}	0	1	1	1	1	0.0	0.0	0.0	0.0
17495183	{'rs2073163', 'rs5966709', 'rs1155974', 'rs4828037', 'rs2073162', 'rs11798018', 'rs1155794'}	{'rs2073163', 'rs5966709', 'rs4828037', 'rs2073162', 'rs11798018', 'rs1155794'}	6	0	1	7	6	1.0	0.8571428571428571	0.923076923076923	0.8571428571428571
17549393	{'201C>A'}	{'201C>A'}	1	0	0	1	1	1.0	1.0	1.0	1.0
17595233	set()	{'D299G', 'P631H'}	0	2	0	0	2	0.0	0.0	0.0	0.0
17615540	{'C260T'}	{'C260T'}	1	0	0	1	1	1.0	1.0	1.0	1.0
17634480	{'rs713041', 'rs757229'}	{'rs713041', 'rs757229'}	2	0	0	2	2	1.0	1.0	1.0	1.0
17635946	{'T>Csubstitutionatposition2209'}	{'2209T>C'}	0	1	1	1	1	0.0	0.0	0.0	0.0
17671735	{'357C>T', '35delG', '3170G>A', '94C>T', 'DeltaGJB6D13S1830', '798C>T'}	{'357C>T', '35delG', '3170G>A', '94C>T', 'DeltaGJB6D13S1830', '798C>T'}	6	0	0	6	6	1.0	1.0	1.0	1.0
17683901	{'GAorGCsubstitutionatnucleotideposition1138', '1138G>C', '1138G>A'}	{'1138G>A', '1138G>C'}	2	0	1	3	2	1.0	0.6666666666666666	0.8	0.6666666666666666
17710578	{'A1166C'}	{'A1166Cpolymorphism'}	1	0	0	1	1	1.0	1.0	1.0	1.0
17868390	{'IVS8+4A>G'}	{'IVS8+4A>G'}	1	0	0	1	1	1.0	1.0	1.0	1.0
17876530	{'Delta32', '32bpdeletion'}	{'32bpdeletion'}	1	0	1	2	1	1.0	0.5	0.6666666666666666	0.5
17909797	{'Delta32', '32bpdeletion'}	{'CCR5Delta32'}	1	0	1	2	1	1.0	0.5	0.6666666666666666	0.5
17910065	{'C139T'}	{'C139T'}	1	0	0	1	1	1.0	1.0	1.0	1.0
17935240	{'AGdeletionatnucleotide652and653', 'g.ORF15+652653delAG'}	{'g.ORF15+652653delAG'}	1	0	1	2	1	1.0	0.5	0.6666666666666666	0.5
17951029	{'G>Tsubstitutionatnucleotidec.898'}	{'898G>T'}	0	1	1	1	1	0.0	0.0	0.0	0.0
17959715	{'rs1800734'}	{'rs1800734'}	1	0	0	1	1	1.0	1.0	1.0	1.0
17961316	{'IVS11G>A', 'IVS11G>C'}	{'IVS11G>C'}	1	0	1	2	1	1.0	0.5	0.6666666666666666	0.5
17962394	{'686C>G'}	{'686C>G'}	1	0	0	1	1	1.0	1.0	1.0	1.0
17962469	{'6baseinframeduplication'}	{'6baseinframeduplication'}	1	0	0	1	1	1.0	1.0	1.0	1.0
17968299	{'Aatposition1082', '1082G/A'}	{'1082G/A'}	1	0	1	2	1	1.0	0.5	0.6666666666666666	0.5
17994380	set()	{'Turkishformofinversiondeletiondeltabeta0thal', 'ChineseGgammaAgammadeltabeta0thal100kb', 'Sicilian13,377bp', 'Spanish114kb', 'AsianIndianGgammaAgammadeltabeta0thal', 'HPFH1Black', 'HPFH3Indian'}	0	7	0	0	7	0.0	0.0	0.0	0.0
18046082	{'GCpointmutationinexon4base308'}	{'308G>C'}	0	1	1	1	1	0.0	0.0	0.0	0.0
18050247	set()	{'C203S', 'N673S'}	0	2	0	0	2	0.0	0.0	0.0	0.0
18164595	{'2bpdeletion', '3097delG', 'AGtransitionatnucleotide276', '178283delAG'}	{'3097delG', '276A>G', '178283delAG'}	2	1	2	4	3	0.6666666666666666	0.5	0.5714285714285715	0.4
18189233	{'20bpinsertion/deletionpolymorphism1,109bpupstreamoftheinitiationcodon', 'A/Gtransition1,071bp'}	{'20bpinsertion/deletionpolymorphism1,109bpupstreamoftheinitiationcodon', 'A/Gtransition1,071bpfromthetranscriptionalstartsite'}	2	0	0	2	2	1.0	1.0	1.0	1.0
18202102	{'deletiona2.5Mb'}	{'2bpTTdeletion'}	0	1	1	1	1	0.0	0.0	0.0	0.0
18241046	{'g.203A>C'}	{'AF177763.1:g.203A>C'}	1	0	0	1	1	1.0	1.0	1.0	1.0
18246537	set()	{'6qdeletionat6q21', 'deletionofATM11q22', 'deletionofTP5317p13'}	0	3	0	0	3	0.0	0.0	0.0	0.0
18257781	{'IVS212delAG', '1445T>G'}	{'IVS212delAG', '1445T>G'}	2	0	0	2	2	1.0	1.0	1.0	1.0
18266724	{'C314T'}	{'C314T'}	1	0	0	1	1	1.0	1.0	1.0	1.0
18270997	{'G472A'}	{'G472A'}	1	0	0	1	1	1.0	1.0	1.0	1.0
18272172	{'2398+1G>C', 'insertionof18aminoacids'}	{'2398+1G>C'}	1	0	1	2	1	1.0	0.5	0.6666666666666666	0.5
18372165	{'899+1G>T', '1570+2T>C', '956delC', '681dupA', '360+1G>C', '520delC'}	{'899+1G>T', '1570+2T>C', '956delC', '681dupA', '360+1G>C', '520delC'}	6	0	0	6	6	1.0	1.0	1.0	1.0
18385169	{'guanineadeninesubstitutionofnucleotide308', '308adenine', '252A>G', '308G>A'}	{'252A>G', '308G>A'}	2	0	2	4	2	1.0	0.5	0.6666666666666666	0.5
18385794	{'471C>T', '310G>T', 'rs11915160', '549delC', '*557G>A', 'rs35435463', '*469C>A', '871G>A', '579G>A'}	{'310G>T', '549delC', '*469C>Ars11915160', '*557G>A', '871G>A', '471C>Trs35435463', '579G>A'}	9	0	0	9	7	1.0	1.0	1.0	1.0
18397285	{'T>Gtransversionatnucleotide4508'}	{'T4508G'}	0	1	1	1	1	0.0	0.0	0.0	0.0
18408250	{'rs729302'}	{'rs729302'}	1	0	0	1	1	1.0	1.0	1.0	1.0
18410548	{'742744delTAC'}	{'742744delTAC'}	1	0	0	1	1	1.0	1.0	1.0	1.0
18426832	{'TTTA11', '4TTTAnrepeat'}	set()	0	0	2	2	0	0.0	0.0	0.0	0.0
18439317	{'Dalleleforthe1607', 'guanineinsertion/deletionG/D,the1607polymorphism'}	{'1607polymorphismG/D'}	0	1	2	2	1	0.0	0.0	0.0	0.0
18457324	set()	{'V244M', 'NQO1*2'}	0	2	0	0	2	0.0	0.0	0.0	0.0
18470323	{'C417T'}	{'C417T'}	1	0	0	1	1	1.0	1.0	1.0	1.0
18492086	{'7bpdeletion', '20684T>A'}	{'baseinsertioninexon26', 'nonsensemutationinexon19', '20684T>A', '7bpdeletioninexon21', 'nonsensemutationinexon24'}	2	3	0	2	5	0.4	1.0	0.5714285714285715	0.4
18606230	set()	{'C5549G'}	0	1	0	0	1	0.0	0.0	0.0	0.0
18672102	{'118119insA', '125126insAA', '1146+25insA'}	{'46delS', '125126insAA', '118119insA', '1146+25insA'}	3	1	0	3	4	0.75	1.0	0.8571428571428571	0.75
18681856	{'1358T>C'}	{'1358T>C'}	1	0	0	1	1	1.0	1.0	1.0	1.0
18694509	{'rs12329760'}	{'rs12329760'}	1	0	0	1	1	1.0	1.0	1.0	1.0
18726896	{'deletion10Mborless'}	set()	0	0	1	1	0	0.0	0.0	0.0	0.0
18790087	{'Delta32', '32bpdeletion'}	{'312343del'}	0	1	2	2	1	0.0	0.0	0.0	0.0
18791947	set()	{'116119delTGAG'}	0	1	0	0	1	0.0	0.0	0.0	0.0
18806880	{'1493A>T'}	{'1493A>T'}	1	0	0	1	1	1.0	1.0	1.0	1.0
18813858	{'deletionofGatthenucleotideposition520', '520delG', 'TAatnucleotideposition1135', 'T1135A'}	{'520delG', 'T1135A'}	2	0	2	4	2	1.0	0.5	0.6666666666666666	0.5
18827003	{'G>Csubstitutionatposition1201'}	{'1201G>C'}	0	1	1	1	1	0.0	0.0	0.0	0.0
18945288	{'342delA'}	{'342delA'}	1	0	0	1	1	1.0	1.0	1.0	1.0
19037252	set()	{'fourbasepairdeletioninexon3'}	0	1	0	0	1	0.0	0.0	0.0	0.0
19067809	{'A1166C', 'A11666C'}	{'A1166C'}	1	0	1	2	1	1.0	0.5	0.6666666666666666	0.5
19082493	{'ins/del6bp', '28bpvariablenumberoftandemrepeats', 'deletionof6bpatposition1494'}	{'6+/6+', '28bpVNTR', 'Gallele6+', '6/6', 'Callele6', '6+/6', 'deletionof6bpatposition1494'}	1	6	2	3	7	0.14285714285714285	0.3333333333333333	0.2	0.1111111111111111
19101703	{'GCG6GCA3GCGsequencewasreplacedGCG6GCAGCG4GCA3GCG', 'insertionofGCG4GCA'}	{'insertionofGCG4GCAinthenormalalleleGCG6GCA3GCG'}	1	0	1	2	1	1.0	0.5	0.6666666666666666	0.5
19110214	{'6799G>A'}	{'6799G>A'}	1	0	0	1	1	1.0	1.0	1.0	1.0
19129715	{'insertionof3aminoacids', '13081316dup9'}	{'L244F', 'C60S', '13081316dup9'}	1	2	1	2	3	0.3333333333333333	0.5	0.4	0.25
19144556	{'1849T>A', '2192C>T', '2122C>T', '2234TGTA57', '2193ATCT513', '1978TATC12', 'TTATtetranucleotidewasinsertedbetweennt2057and2058', '2180C>T'}	{'TTATinsertionbetweennt2057and2058', '1849T>A', '2192C>T', '2122C>T', '2234TGTA57', '2193ATCT513', '1978TATC12', '2180C>T'}	7	1	1	8	8	0.875	0.875	0.875	0.7777777777777778
19218574	set()	{'Met326Ile'}	0	1	0	0	1	0.0	0.0	0.0	0.0
19223935	{'G669A', '669G', 'deletionofTGatthenucleotideposition608609', '669A'}	{'G669A', '2588G>A', '292C>T', '608609delTG'}	2	3	2	4	4	0.4	0.5	0.4444444444444445	0.2857142857142857
19276632	{'25*G>A', '1284T>C', '1272C>T', '97GCC[9]+[10]', '262G>A'}	{'25*G>A', '1284T>C', '1272C>T', '97GCC[9]+[10]', '262G>A'}	5	0	0	5	5	1.0	1.0	1.0	1.0
19298002	{'referenceSNPno.4359426', '16C>A'}	{'16C>Ars4359426'}	1	0	1	2	1	1.0	0.5	0.6666666666666666	0.5
19309272	set()	{'conversionSMN2'}	0	1	0	0	1	0.0	0.0	0.0	0.0
19365571	{'892C>T', '1072T>C'}	{'892C>T', '1072T>C'}	2	0	0	2	2	1.0	1.0	1.0	1.0
19370764	{'609+2861016del', '611delG', '6102A>G', '33bpgenomicdeletion', '640667del28'}	{'609+2861016del', '611delG', 'T286M', '6102A>G', 'G204VfsX17', '640667del28', 'W111X'}	4	3	1	5	7	0.5714285714285714	0.8	0.6666666666666666	0.5
19394258	{'insertionof20aminoacids', '44462C>A'}	{'44462C>A'}	1	0	1	2	1	1.0	0.5	0.6666666666666666	0.5
19404517	{'missensemutationinposition1829ARG'}	set()	0	0	1	1	0	0.0	0.0	0.0	0.0
19429592	{'15581559insA', '867G>T', '897G>T', '507G>T'}	{'15581559insA', '867G>T', '897G>T', '507G>T'}	4	0	0	4	4	1.0	1.0	1.0	1.0
19429807	{'3943G>A', '1544?2916+?'}	{'3943G>A', '1544?2916+?'}	2	0	0	2	2	1.0	1.0	1.0	1.0
19444361	{'2209G>A', 'rs1800255'}	{'2209G>Ars1800255'}	2	0	0	2	1	1.0	1.0	1.0	1.0
19448408	{'C1256088C', 'T1270533G'}	{'C1256088C', 'T1270533G'}	2	0	0	2	2	1.0	1.0	1.0	1.0
19473658	{'deletionmutationincodon138', 'codon138deletion'}	{'413414delAA'}	0	1	2	2	1	0.0	0.0	0.0	0.0
19476483	{'Delta32', '32basepairdeletion'}	{'Delta32polymorphism'}	1	0	1	2	1	1.0	0.5	0.6666666666666666	0.5
19521089	{'rs25531'}	{'rs25531', '5HTTLPR'}	1	1	0	1	2	0.5	1.0	0.6666666666666666	0.5
19537956	set()	{'GSST1deletion', 'GSTM1deletion', 'CYP1A1m1'}	0	3	0	0	3	0.0	0.0	0.0	0.0
19542096	set()	{'1361A>G'}	0	1	0	0	1	0.0	0.0	0.0	0.0
19559455	{'Delta32', 'deletionsof1088and228', '247nucleotidedeletion'}	set()	0	0	3	3	0	0.0	0.0	0.0	0.0
19565319	{'rs5751876', 'rs35320474', 'rs3761422', 'rs2236624'}	{'rs5751876', 'rs35320474', 'rs3761422', 'rs2236624'}	4	0	0	4	4	1.0	1.0	1.0	1.0
19592582	{'468C>T', '21722173insCCCC', '467C>A'}	{'467C>Aandc.468C>T', '21722173insCCCC'}	3	0	0	3	2	1.0	1.0	1.0	1.0
19624485	{'rs16375', '14bpinsertion/deletion', '14bpdeletion/insertion'}	{'rs16375'}	1	0	2	3	1	1.0	0.3333333333333333	0.5	0.3333333333333333
19664890	{'387+107A>T'}	{'387+107A>T'}	1	0	0	1	1	1.0	1.0	1.0	1.0
19681861	{'rs1799750', 'deletionof4kb'}	{'rs1799750'}	1	0	1	2	1	1.0	0.5	0.6666666666666666	0.5
19728872	{'1922G>A'}	{'1922G>A'}	1	0	0	1	1	1.0	1.0	1.0	1.0
19730022	set()	{'duplicationatexon16'}	0	1	0	0	1	0.0	0.0	0.0	0.0
19766614	{'370371insA'}	{'370371insA'}	1	0	0	1	1	1.0	1.0	1.0	1.0
19781362	{'rs16864880', 'G>Asubstitutionatnucleotide893'}	{'rs16864880', '893G>A'}	1	1	1	2	2	0.5	0.5	0.5	0.3333333333333333
19823838	{'264C>A', 'cysineadenineatposition264', 'guaninecysineatposition263', '263G>C'}	{'264C>A', '263G>C;c.264C>A', '263G>C'}	2	0	2	4	3	1.0	0.5	0.6666666666666666	0.5
19880293	{'IVS9+459,A/G', '6054,deletion/ATT', '3279AC', 'IVS9+459GA+GG', 'IVS9+459AA', '924,A/G', 'IVS9+459GG', '3279,A/C', '3279CC'}	{'6054deletion/ATT', '924A/G', '3279A/C', 'IVS9+459A/G'}	0	4	9	9	4	0.0	0.0	0.0	0.0
19881468	{'rs1052133'}	{'rs1052133'}	1	0	0	1	1	1.0	1.0	1.0	1.0
19897031	{'rs12203592'}	{'rs12203592'}	1	0	0	1	1	1.0	1.0	1.0	1.0
19918264	set()	{'Gly388Arg'}	0	1	0	0	1	0.0	0.0	0.0	0.0
19929939	{'2449delT'}	{'2449delT'}	1	0	0	1	1	1.0	1.0	1.0	1.0
19958188	{'21A', 'Aalleleofthe588', '369C>G', '603/604GA>AG', '588A>G', 'IVSII1G>A', '611T', 'AAGCat222225', 'Aalleleof588'}	{'369C>G', 'HS11121A', '603/604GA>AG', '588A>G', '611T'}	5	0	4	9	5	1.0	0.5555555555555556	0.7142857142857143	0.5555555555555556
20005218	{'395G', '395A', 'G395A'}	{'G395A'}	2	0	1	3	1	1.0	0.6666666666666666	0.8	0.6666666666666666
20017074	{'1bpguaninedeletion/insertion'}	{'4G5G'}	0	1	1	1	1	0.0	0.0	0.0	0.0
20026870	{'A1166C'}	{'A1166C'}	1	0	0	1	1	1.0	1.0	1.0	1.0
20080916	{'rs2070197', 'rs2004640', 'rs10954213'}	{'rs2070197', 'rs2004640', 'rs10954213'}	3	0	0	3	3	1.0	1.0	1.0	1.0
20086182	{'6526Nins/del', '6526Ndel'}	{'6526Ndel'}	1	0	1	2	1	1.0	0.5	0.6666666666666666	0.5
20143913	{'8991142del', 'g.99367102002del'}	{'8991142del', 'R315X', 'g.99367102002del'}	2	1	0	2	3	0.6666666666666666	1.0	0.8	0.6666666666666666
20154289	{'codon104G>A'}	{'alpha3.7deletion', 'alpha2codon104G>A'}	1	1	0	1	2	0.5	1.0	0.6666666666666666	0.5
20227423	set()	{'Ser704Cys'}	0	1	0	0	1	0.0	0.0	0.0	0.0
20331852	{'rs4112788', 'LCE3CLCE3Bdel', 'LCE3CLCE3Bdeletion'}	{'LCE3CLCE3Bdel'}	2	0	1	3	1	1.0	0.6666666666666666	0.8	0.6666666666666666
20335448	{'G>Aatnucleotideposition2141'}	{'G2141A'}	0	1	1	1	1	0.0	0.0	0.0	0.0
20352162	set()	{'4G/5G'}	0	1	0	0	1	0.0	0.0	0.0	0.0
20367983	{'IVS3+18C>T', '15461547insC'}	{'IVS3+18C>T', '15461547insC'}	2	0	0	2	2	1.0	1.0	1.0	1.0
20454699	{'356G>A', 'rs13267'}	{'356G>A'}	1	0	1	2	1	1.0	0.5	0.6666666666666666	0.5
20512659	{'25152519delAAGTT'}	{'25152519delAAGTT'}	1	0	0	1	1	1.0	1.0	1.0	1.0
20515563	set()	"{""sixbasepairinsertioninthe3'untranslatedregion""}"	0	1	0	0	1	0.0	0.0	0.0	0.0
20523265	{'rs800292', 'rs1061170', 'rs1410996', 'rs3753394', 'rs7535263', 'rs1329428', 'rs2274700'}	{'rs800292', 'rs1061170', 'rs1410996', 'rs3753394', 'rs7535263', 'rs1329428', 'rs2274700'}	7	0	0	7	7	1.0	1.0	1.0	1.0
20529581	{'899A>T'}	{'899A>T'}	1	0	0	1	1	1.0	1.0	1.0	1.0
20534142	{'rs6235', 'rs6232'}	{'rs6235', 'rs6232'}	2	0	0	2	2	1.0	1.0	1.0	1.0
20534762	{'GforAatcDNAnucleotideposition323', '313delT'}	{'323G>A', '103+1G>A', '313delT'}	1	2	1	2	3	0.3333333333333333	0.5	0.4	0.25
20538085	set()	{'123A>T', '1234A>C', '456G>C', '789T>A', '901C>G'}	0	5	0	0	5	0.0	0.0	0.0	0.0
20555334	set()	{'duplicationof11p15'}	0	1	0	0	1	0.0	0.0	0.0	0.0
20579626	{'1052delA'}	{'1052delA'}	1	0	0	1	1	1.0	1.0	1.0	1.0
20583543	{'g.8087delTCGCGAAG', '8nucleotidedeletion'}	{'g.8087delTCGCGAAG'}	1	0	1	2	1	1.0	0.5	0.6666666666666666	0.5
20602574	{'T189C', '218G', '189T', 'G218C'}	{'218G/T,189T/C'}	2	0	2	4	1	1.0	0.5	0.6666666666666666	0.5
20606392	{'duplicationofanucleotideinexon9', '899dupC'}	{'899dupC', 'R211H'}	1	1	1	2	2	0.5	0.5	0.5	0.3333333333333333
20648600	{'G1764A', 'G1896A', 'G1899A', 'A1762T'}	{'rtV173L', 'rtL180M', 'G1899A', 'rtM204V', 'sI195M', 'A1762T', 'G1764A', 'sE164D', 'G1896A'}	4	5	0	4	9	0.4444444444444444	1.0	0.6153846153846153	0.4444444444444444
20651814	{'12nucleotideinsertion/deletionindel', 'indelpolymorphismatposition4825'}	{'indelpolymorphismatposition4825'}	1	0	1	2	1	1.0	0.5	0.6666666666666666	0.5
20682662	{'32basepairDD32deletion', 'DD32deletion', 'DD32'}	{'32basepairdeletionDD32'}	1	0	2	3	1	1.0	0.3333333333333333	0.5	0.3333333333333333
20693575	{'insertionof13nucleotides'}	{'13nucleotideinsertioninexon6'}	0	1	1	1	1	0.0	0.0	0.0	0.0
20708777	{'A2803G', 'rs6387', 'G225A', 'rs1799998', 'A2718G', 'C344T', 'rs4539', 'rs6410'}	{'rs4539', 'rs1799998', 'rs6387', 'rs6410'}	4	0	4	8	4	1.0	0.5	0.6666666666666666	0.5
20709368	{'rs2066865', '10034C>T', '10034T'}	{'FGG10034C>Trs2066865'}	2	0	1	3	1	1.0	0.6666666666666666	0.8	0.6666666666666666
20728296	{'deletionof54Mbp'}	set()	0	0	1	1	0	0.0	0.0	0.0	0.0
20738799	set()	{'1790T>C'}	0	1	0	0	1	0.0	0.0	0.0	0.0
20801104	{'616C/G', '521C/T', '120bpduplication'}	{'616C/G', '521C/T', '120bpduplication'}	3	0	0	3	3	1.0	1.0	1.0	1.0
20801540	{'deletionofaminoacids809852', '2554+1G>T'}	{'2554+1G>T'}	1	0	1	2	1	1.0	0.5	0.6666666666666666	0.5
20806042	{'592C>T'}	{'592C>T'}	1	0	0	1	1	1.0	1.0	1.0	1.0
20846357	{'263C>T'}	{'263C>T'}	1	0	0	1	1	1.0	1.0	1.0	1.0
20854438	{'GAsubstitutioninnucleotide256'}	{'256G>A'}	0	1	1	1	1	0.0	0.0	0.0	0.0
20887110	{'C>Ttransitionatnucleotide677', '677C>T', '677TT', 'C677T'}	{'C677T'}	1	0	3	4	1	1.0	0.25	0.4	0.25
20949073	{'2623G>T'}	{'2623G>T'}	1	0	0	1	1	1.0	1.0	1.0	1.0
21054465	{'Tdeletionat5063', 'C35322T', 'C35322C', 'CTat33468'}	{'Tdeletionat5063', 'C35322T', 'substitutionofCTat33468', 'C35322C'}	4	0	0	4	4	1.0	1.0	1.0	1.0
21059483	{'5.5kbdeletion'}	{'5.5kbdeletion'}	1	0	0	1	1	1.0	1.0	1.0	1.0
21070631	{'1021C/T', '889TT', '1021T', 'rs1800587', 'rs1611115'}	{'rs1800587', 'rs1611115'}	2	0	3	5	2	1.0	0.4	0.5714285714285715	0.4
21080147	{'973G>A', 'CGtransitionwasidentifiedatnucleotide857'}	{'857C>G', '973G>A'}	1	1	1	2	2	0.5	0.5	0.5	0.3333333333333333
21099701	{'908G>A'}	{'908G>A'}	1	0	0	1	1	1.0	1.0	1.0	1.0
21103668	{'deletionof22,230bp', 'deletionof37,410bp'}	set()	0	0	2	2	0	0.0	0.0	0.0	0.0
21108633	{'69delC', '410+5G/A'}	{'69delC', '410+5G/A'}	2	0	0	2	2	1.0	1.0	1.0	1.0
21112374	set()	{'AluYb8MUTYH'}	0	1	0	0	1	0.0	0.0	0.0	0.0
21126715	{'783insG'}	{'783insG'}	1	0	0	1	1	1.0	1.0	1.0	1.0
21127202	{'3bpdeletion'}	{'3bpdeletion'}	1	0	0	1	1	1.0	1.0	1.0	1.0
21130517	set()	{'EGFRL858R', 'EGFRExon19deletion'}	0	2	0	0	2	0.0	0.0	0.0	0.0
21133595	set()	{'GSTT1deletion', 'GSTM1deletion'}	0	2	0	0	2	0.0	0.0	0.0	0.0
21135151	{'delta32', 'DD32'}	set()	0	0	2	2	0	0.0	0.0	0.0	0.0
21138945	set()	{'amplificationofthe4q1113region', 'lossofCDKN2B', 'lossofCDKN2A', 'homozygouslossat8p12'}	0	4	0	0	4	0.0	0.0	0.0	0.0
21163864	{'T704C'}	{'T704C'}	1	0	0	1	1	1.0	1.0	1.0	1.0
21182502	{'IVS64+5g>a'}	{'IVS64+5g>a'}	1	0	0	1	1	1.0	1.0	1.0	1.0
21219851	{'rs1801184', '2992C>T', 'rs2271683', 'rs1800255', '2187delA'}	{'rs1801184:T>C', '2992C>T', 'rs2271683:A>G', '2187delA', 'rs1800255:G>A'}	5	0	0	5	5	1.0	1.0	1.0	1.0
21325775	{'GCatcodon158'}	set()	0	0	1	1	0	0.0	0.0	0.0	0.0
21340161	{'11861187insGGCC'}	{'11861187insGGCC'}	1	0	0	1	1	1.0	1.0	1.0	1.0
21405999	{'17T>C', '465G>T', '171T>C'}	{'17T>C', '465G>T', '171T>C'}	3	0	0	3	3	1.0	1.0	1.0	1.0
21406173	{'1.7kbpdeletion'}	{'partialdeletionofexon4withthecompletedeletionofexon5', '1.7kbpdeletionintheregion', 'retentionofintron1or5', 'E441G', 'deletionsofexons2,5,11,and15'}	1	4	0	1	5	0.2	1.0	0.33333333333333337	0.2
21445905	{'T13,910', 'CTsubstitutionatapolymorphicsite13,910bpupstream'}	{'CTat13,910bpupstream'}	0	1	2	2	1	0.0	0.0	0.0	0.0
21493871	{'rs5758222', 'rs7286979', 'rs525549', 'rs20551', 'rs6589664'}	{'rs5758222', 'rs7286979', 'rs525549', 'rs20551', 'rs6589664'}	5	0	0	5	5	1.0	1.0	1.0	1.0
21496008	{'dup33bp', '304insGCG7', '1074G>T', 'dup27bp', 'dup24bp', '429452dup'}	{'429453dup33bp', '429453dup27bp', '304insGCG7', '1074G>T', '429452dup'}	5	0	1	6	5	1.0	0.8333333333333334	0.9090909090909091	0.8333333333333334
21499297	{'rs2297882'}	{'rs2297882'}	1	0	0	1	1	1.0	1.0	1.0	1.0
21506149	{'202adeninedeletion', '202A', 'adeninedeletionatnucleotide202'}	{'202Adeletion'}	1	0	2	3	1	1.0	0.3333333333333333	0.5	0.3333333333333333
21533187	{'15kbdeletion'}	{'15kbdeletionspanningexon7'}	1	0	0	1	1	1.0	1.0	1.0	1.0
21542403	{'IVS1937G/C'}	{'IVS1937G/C'}	1	0	0	1	1	1.0	1.0	1.0	1.0
21546516	{'57kbdeletion'}	{'57kbdeletion'}	1	0	0	1	1	1.0	1.0	1.0	1.0
21559944	{'104delT'}	{'104delT'}	1	0	0	1	1	1.0	1.0	1.0	1.0
21615796	{'7488T/C', '7488C', '7488T', 'rs763780', '7488TC', '7488TT', '7488CC'}	{'rs7637807488T/C'}	3	0	4	7	1	1.0	0.42857142857142855	0.6	0.42857142857142855
21640722	{'13basepairdeletion'}	{'13basepairdeletion'}	1	0	0	1	1	1.0	1.0	1.0	1.0
21666969	{'GAatnucleotideposition1359', 'A1359A', 'G1359A', '1359G/A', 'G1359G', 'A1359'}	{'G1359A'}	1	0	5	6	1	1.0	0.16666666666666666	0.2857142857142857	0.16666666666666666
21682595	{'rs25487'}	{'rs25487'}	1	0	0	1	1	1.0	1.0	1.0	1.0
21684788	{'407C>T', '352kbdeletion', '1.44Mbcontiguousgenedeletion'}	{'407C>T', '352kbdeletion', '1.44Mbdeletion'}	2	1	1	3	3	0.6666666666666666	0.6666666666666666	0.6666666666666666	0.5
21695597	{'rs2071349', 'rs2844580', 'rs204890', 'rs9271366'}	{'rs2071349', 'rs204890', 'rs2844580', 'rs9271366', 'C4Adeletion'}	4	1	0	4	5	0.8	1.0	0.888888888888889	0.8
21699520	{'g.2885G>C', 'g.2839T>G', 'IVS9+217T'}	{'g.2885G>C', 'g.2839T>G', 'IVS9+217T'}	3	0	0	3	3	1.0	1.0	1.0	1.0
21717135	{'10bpdeletion'}	{'10bpdeletionintheribosomalNTSregion'}	1	0	0	1	1	1.0	1.0	1.0	1.0
21738389	{'737delC'}	{'737delC'}	1	0	0	1	1	1.0	1.0	1.0	1.0
21757944	{'CD+90del13bp', '13bpdeletionatnucleotide90downstreamoftheterminationcodon', '13bpdeletion', 'IVSII1G>A'}	{'CD+90del13bp', 'IVSII1G>A'}	2	0	2	4	2	1.0	0.5	0.6666666666666666	0.5
21771880	set()	{'10510452139'}	0	1	0	0	1	0.0	0.0	0.0	0.0
21779184	{'3.5kbdeletion', '3.5kbgenedeletion'}	{'bthalassemia3.5kbgenedeletion', 'athalassemia1Thaitypedeletion', 'athalassemia1SEAtypedeletion'}	1	2	1	2	3	0.3333333333333333	0.5	0.4	0.25
21790735	{'650kbpdeletion'}	{'650kbpdeletion'}	1	0	0	1	1	1.0	1.0	1.0	1.0
21798259	{'rs16754'}	{'rs16754', 'insertionwithincodon314', 'insertionwithincodon313'}	1	2	0	1	3	0.3333333333333333	1.0	0.5	0.3333333333333333
21799811	{'677C>T'}	{'677C>T'}	1	0	0	1	1	1.0	1.0	1.0	1.0
21850008	{'G13513A', 'deletion1302513033:1441714425', 'T13046C', 'T10191C', 'A11470C', 'A3243G'}	{'G13513A', 'T13046C', 'T10191C', 'A3243G', 'A11470C'}	5	0	1	6	5	1.0	0.8333333333333334	0.9090909090909091	0.8333333333333334
21879313	{'rs8099917'}	{'rs8099917'}	1	0	0	1	1	1.0	1.0	1.0	1.0
21881116	set()	{'insertionofAbetweennucleotides1900and1901'}	0	1	0	0	1	0.0	0.0	0.0	0.0
21897748	{'130G>A'}	{'130G>A'}	1	0	0	1	1	1.0	1.0	1.0	1.0
21903317	{'28T>C', 'thymidinecysinemutationatposition28'}	{'28T>C'}	1	0	1	2	1	1.0	0.5	0.6666666666666666	0.5
21904390	{'643T>C', '3573C>G'}	{'643T>C', '3573C>G', 'largedeletionincludingthewholePAX6gene'}	2	1	0	2	3	0.6666666666666666	1.0	0.8	0.6666666666666666
21911891	set()	{'4G/5G'}	0	1	0	0	1	0.0	0.0	0.0	0.0
21943124	{'1372bpdeletion'}	{'1372bpdeletionbetweenexonsIIIbandIIIc'}	1	0	0	1	1	1.0	1.0	1.0	1.0
21976953	{'3703T>C'}	{'3703T>C'}	1	0	0	1	1	1.0	1.0	1.0	1.0
22016685	{'AGsubstitutioninnucleotide1517', '1517A>G'}	{'1517A>G'}	1	0	1	2	1	1.0	0.5	0.6666666666666666	0.5
22028770	{'219G/T', 'rs405509', 'rs440446', '491A/T', '+113G/C', '491AT', 'rs449647'}	{'rs440446', 'rs405509', 'rs449647'}	3	0	4	7	3	1.0	0.42857142857142855	0.6	0.42857142857142855
22042570	{'16181620delACT', '27082711delTTAG', '1084G>T'}	{'16181620delACT', '27082711delTTAG', '1084G>T'}	3	0	0	3	3	1.0	1.0	1.0	1.0
22048266	{'rs2073601', 'rs461155', 'rs2073416'}	{'rs2073601', 'rs461155'}	2	0	1	3	2	1.0	0.6666666666666666	0.8	0.6666666666666666
22051099	{'rs2234671', 'Ex2+860G>C'}	{'rs2234671'}	1	0	1	2	1	1.0	0.5	0.6666666666666666	0.5
22104738	{'920T>G'}	{'920T>G', 'exon1deletion'}	1	1	0	1	2	0.5	1.0	0.6666666666666666	0.5
22106692	{'366delT', 'largedeletionof342kb'}	{'366delT'}	1	0	1	2	1	1.0	0.5	0.6666666666666666	0.5
22125978	{'659660delTA'}	{'659660delTA'}	1	0	0	1	1	1.0	1.0	1.0	1.0
22129472	{'17061715del.ATCTCCTCAG', '17062A>T', '10basedeletion'}	{'17062A>T'}	1	0	2	3	1	1.0	0.3333333333333333	0.5	0.3333333333333333
22174939	{'22bpdeletion'}	set()	0	0	1	1	0	0.0	0.0	0.0	0.0
22180037	{'A>Gatnucleotide313'}	{'A313G'}	0	1	1	1	1	0.0	0.0	0.0	0.0
22188495	{'3190C>T'}	{'3190C>T'}	1	0	0	1	1	1.0	1.0	1.0	1.0
22337303	{'27bpdeletions', 'five33bprepeats', '69bpdeletion'}	{'33bprepeats', '30bpdeletion', '27bpdeletion', '69bpdeletion'}	3	1	0	3	4	0.75	1.0	0.8571428571428571	0.75
