PMID	GT_Mutations	PubMind-Wei2013_dna_Mutations	TP	FP	FN	Total_GT	Total_PubMind-Wei2013_dna	Precision	Recall	F1	Accuracy
12650796	{'3020insC'}	{'3020insC'}	1	0	0	1	1	1.0	1.0	1.0	1.0
12716337	set()	{'174G>C'}	0	1	0	0	1	0.0	0.0	0.0	0.0
12829659	{'C174G', 'G308A'}	{'C174G', 'G308A'}	2	0	0	2	2	1.0	1.0	1.0	1.0
12872254	{'399402delAGAG'}	{'399402delAGAG'}	1	0	0	1	1	1.0	1.0	1.0	1.0
12915397	{'866G/A'}	"{""45ntinsertioninthe3'untranslated3'UTRregion"", 'Ala55ValorA55V', '866G/A'}"	1	2	0	1	3	0.3333333333333333	1.0	0.5	0.3333333333333333
12925671	{'C877T', '620621del'}	{'C877T', '620621del'}	2	0	0	2	2	1.0	1.0	1.0	1.0
14508191	{'T/C704', 'A/C1166', 'T/C344'}	{'T/C704', 'A/C1166', 'T/C344'}	3	0	0	3	3	1.0	1.0	1.0	1.0
14562027	{'13C/T', '1001C/T', '263G/A', '+142C/G', '+355G/T'}	{'13C/T', '1001C/T', '263G/A', '+142C/G', '+355G/T'}	5	0	0	5	5	1.0	1.0	1.0	1.0
14623369	{'C270T'}	{'C270T'}	1	0	0	1	1	1.0	1.0	1.0	1.0
14751036	{'2068G>C', '9+1G>T', '1780C>A', '2084G>A', '1242G>T'}	{'GGCCinsertionatexon8,position1277', '1780C>A', '2084G>A', 'Cinsertioninexon14betweenpositions25052511', '+1G>T', '1242G>T', '2068G>C'}	5	2	0	5	7	0.7142857142857143	1.0	0.8333333333333333	0.7142857142857143
15009222	{'C435G', 'del329C'}	{'C435G', 'del329C'}	2	0	0	2	2	1.0	1.0	1.0	1.0
15033202	set()	{'5nucleotidedeletion'}	0	1	0	0	1	0.0	0.0	0.0	0.0
15086338	{'5504delA', '6573+1G>C'}	{'5504delA', '6573+1G>C'}	2	0	0	2	2	1.0	1.0	1.0	1.0
15147378	set()	{'36bpinsertion', 'lossofrepeatunits7', 'lossofrepeatunits5'}	0	3	0	0	3	0.0	0.0	0.0	0.0
15200509	set()	{'736C>G'}	0	1	0	0	1	0.0	0.0	0.0	0.0
15304120	{'1091C>T'}	{'1091C>T', 'TA7'}	1	1	0	1	2	0.5	1.0	0.6666666666666666	0.5
15461822	{'Delta30'}	{'Delta304995', 'Delta30'}	1	0	0	1	2	1.0	1.0	1.0	1.0
15464247	{'1188A/C'}	{'4bpinsertion/deletion', '1188A/C'}	1	1	0	1	2	0.5	1.0	0.6666666666666666	0.5
15485686	{'G>Asubstitutionatcodon1763'}	{'G1763A'}	0	1	1	1	1	0.0	0.0	0.0	0.0
15579915	{'IVS10+4G'}	{'IVS10+4G'}	1	0	0	1	1	1.0	1.0	1.0	1.0
15636431	set()	{'1699', '1678', '1825', '1708', '1694', '1833T>C'}	0	6	0	0	6	0.0	0.0	0.0	0.0
15661214	set()	{'1607insG'}	0	1	0	0	1	0.0	0.0	0.0	0.0
15667541	{'g.3907G>A'}	{'g.3907G>A'}	1	0	0	1	1	1.0	1.0	1.0	1.0
15668505	{'203G>A'}	{'203G>A', 'N372H'}	1	1	0	1	2	0.5	1.0	0.6666666666666666	0.5
15672026	{'A>Gpolymorphismatposition670'}	{'670A>G'}	0	1	1	1	1	0.0	0.0	0.0	0.0
15749661	{'1665delC', '1469T>G'}	{'1665delC', '714C>T', '1469T>G'}	2	1	0	2	3	0.6666666666666666	1.0	0.8	0.6666666666666666
15754732	{'835del18', '222insT', '912delTA'}	{'835del18', '222insT', '912delTA'}	3	0	0	3	3	1.0	1.0	1.0	1.0
15755837	set()	{'19basepairdeletion'}	0	1	0	0	1	0.0	0.0	0.0	0.0
15770495	{'del642T', 'IVS3+1G>A', 'del418T', '217218insC'}	set()	0	0	4	4	0	0.0	0.0	0.0	0.0
15820770	{'ACG>AAGsubstitutionincodon420'}	set()	0	0	1	1	0	0.0	0.0	0.0	0.0
15824163	{'rs1639679'}	{'rs1639679'}	1	0	0	1	1	1.0	1.0	1.0	1.0
15834874	{'G1915T/A', 'G529A', 'C3026T', 'A1053G', 'C934A', 'T2005C/A'}	{'G1915T/A', 'G529A', 'C3026T', 'A1053G', 'C934A', 'T2005C/A'}	6	0	0	6	6	1.0	1.0	1.0	1.0
15867855	{'rs2277025'}	{'157delMTTTVP', 'rs2277025'}	1	1	0	1	2	0.5	1.0	0.6666666666666666	0.5
15880727	{'1131G>A', '841842delAC', '851T>C', '612T>G', '360363delCAAA', '532T>C', '10441049delTTCTGGinsACACT', '345372del28', '799+2T>A', '865delC'}	{'1131G>A', '841842delAC', '851T>C', '612T>G', '360363delCAAA', '532T>C', '10441049delTTCTGGinsACACT', '345372del28', '799+2T>A', '865delC'}	10	0	0	10	10	1.0	1.0	1.0	1.0
15929706	set()	{'3bpinsertionmutationbetweencodons31and32'}	0	1	0	0	1	0.0	0.0	0.0	0.0
15983230	{'rs5393'}	{'rs5393'}	1	0	0	1	1	1.0	1.0	1.0	1.0
16001362	set()	{'16C>T'}	0	1	0	0	1	0.0	0.0	0.0	0.0
16088915	set()	{'2375A>G'}	0	1	0	0	1	0.0	0.0	0.0	0.0
16143638	{'IVS25855insT'}	{'P1singlenucleotidepolymorphism', 'IVS25855insT', 'IVS1singlenucleotidepolymorphism', 'P3singlenucleotidepolymorphism'}	1	3	0	1	4	0.25	1.0	0.4	0.25
16181814	set()	{'E873sp', 'A467T'}	0	2	0	0	2	0.0	0.0	0.0	0.0
16186368	set()	{'15bpdeletioninexon7'}	0	1	0	0	1	0.0	0.0	0.0	0.0
16252083	{'A>Gtransitionat127position', 'G>Atransitionat1032position'}	{'G1032A', 'A127G'}	0	2	2	2	2	0.0	0.0	0.0	0.0
16256386	{'EX696A>G', 'IVS12+6T>A', 'IVS12+4A>G', 'IVS4+3G>C'}	set()	0	0	4	4	0	0.0	0.0	0.0	0.0
16380922	set()	{'5nucleotidedeletion'}	0	1	0	0	1	0.0	0.0	0.0	0.0
16424663	set()	{'nt81Gdeletion'}	0	1	0	0	1	0.0	0.0	0.0	0.0
16525586	{'892895dupG', '20451G>A', '16421644dupA', '210T>G', '791C>T'}	{'892895dupG', '20451G>A', '16421644dupA', '210T>G', '791C>T'}	5	0	0	5	5	1.0	1.0	1.0	1.0
16728705	{'863C>A', 'C>Asubstitutionatposition863'}	{'TNFA863C>A'}	1	0	1	2	1	1.0	0.5	0.6666666666666666	0.5
17003357	{'2250G/C', '1858C/T'}	{'2250G/C', '1858C/T'}	2	0	0	2	2	1.0	1.0	1.0	1.0
17033974	{'2406C>A'}	{'2406C>A'}	1	0	0	1	1	1.0	1.0	1.0	1.0
17059986	{'2633+1G>C', 'r.25212634del'}	{'2633+1G>C'}	1	0	1	2	1	1.0	0.5	0.6666666666666666	0.5
17079875	{'1282G>A', '2084G>C'}	{'1282G>A', '2084G>C'}	2	0	0	2	2	1.0	1.0	1.0	1.0
17160997	set()	{'22bptandemduplication'}	0	1	0	0	1	0.0	0.0	0.0	0.0
17166870	{'6bINS'}	{'6bINS'}	1	0	0	1	1	1.0	1.0	1.0	1.0
17292585	set()	{'N334K', 'Delta4E4', 'A149P', 'A174D'}	0	4	0	0	4	0.0	0.0	0.0	0.0
17395743	{'rs2720709', 'rs2648875'}	{'rs2720709', 'rs2648875'}	2	0	0	2	2	1.0	1.0	1.0	1.0
17909797	{'Delta32'}	{'CCR5Delta32'}	1	0	0	1	1	1.0	1.0	1.0	1.0
17935240	{'g.ORF15+652653delAG'}	{'g.ORF15+652653delAG'}	1	0	0	1	1	1.0	1.0	1.0	1.0
17961316	{'IVS11G>A', 'IVS11G>C'}	{'IVS11G>C'}	1	0	1	2	1	1.0	0.5	0.6666666666666666	0.5
17968299	{'1082G/A'}	{'1082G/A'}	1	0	0	1	1	1.0	1.0	1.0	1.0
18189233	{'A/Gtransition1,071bp'}	{'20bpinsertion/deletionpolymorphism1,109bpupstreamoftheinitiationcodon', 'A/Gtransition1,071bpfromthetranscriptionalstartsite'}	1	1	0	1	2	0.5	1.0	0.6666666666666666	0.5
18246537	set()	{'6qdeletionat6q21', 'deletionofATM11q22', 'deletionofTP5317p13'}	0	3	0	0	3	0.0	0.0	0.0	0.0
18372165	{'899+1G>T', '1570+2T>C', '956delC', '681dupA', '360+1G>C', '520delC'}	{'899+1G>T', '1570+2T>C', '956delC', '681dupA', '360+1G>C', '520delC'}	6	0	0	6	6	1.0	1.0	1.0	1.0
18397285	{'T>Gtransversionatnucleotide4508'}	{'T4508G'}	0	1	1	1	1	0.0	0.0	0.0	0.0
18492086	{'20684T>A'}	{'baseinsertioninexon26', 'nonsensemutationinexon19', '20684T>A', '7bpdeletioninexon21', 'nonsensemutationinexon24'}	1	4	0	1	5	0.2	1.0	0.33333333333333337	0.2
18606230	set()	{'C5549G'}	0	1	0	0	1	0.0	0.0	0.0	0.0
18672102	{'46delS', '125126insAA', '118119insA', '1146+25insA'}	{'46delS', '125126insAA', '118119insA', '1146+25insA'}	4	0	0	4	4	1.0	1.0	1.0	1.0
18694509	{'rs12329760'}	{'rs12329760'}	1	0	0	1	1	1.0	1.0	1.0	1.0
18945288	{'342delA'}	{'342delA'}	1	0	0	1	1	1.0	1.0	1.0	1.0
19067809	{'A1166C', 'A11666C'}	{'A1166C'}	1	0	1	2	1	1.0	0.5	0.6666666666666666	0.5
19223935	{'G669A'}	{'G669A', '2588G>A', '292C>T', '608609delTG'}	1	3	0	1	4	0.25	1.0	0.4	0.25
19276632	{'25*G>A', '1284T>C', '1272C>T', '97GCC[9]+[10]', '262G>A'}	{'25*G>A', '1284T>C', '1272C>T', '97GCC[9]+[10]', '262G>A'}	5	0	0	5	5	1.0	1.0	1.0	1.0
19429592	{'15581559insA', '867G>T', '897G>T', '507G>T'}	{'15581559insA', '867G>T', '897G>T', '507G>T'}	4	0	0	4	4	1.0	1.0	1.0	1.0
19537956	set()	{'GSST1deletion', 'GSTM1deletion', 'CYP1A1m1'}	0	3	0	0	3	0.0	0.0	0.0	0.0
19565319	{'rs5751876', 'rs35320474', 'rs3761422', 'rs2236624'}	{'rs5751876', 'rs35320474', 'rs3761422', 'rs2236624'}	4	0	0	4	4	1.0	1.0	1.0	1.0
19624485	{'rs16375'}	{'rs16375'}	1	0	0	1	1	1.0	1.0	1.0	1.0
19781362	{'rs16864880', 'G>Asubstitutionatnucleotide893'}	{'rs16864880', '893G>A'}	1	1	1	2	2	0.5	0.5	0.5	0.3333333333333333
19823838	{'264C>A', '263G>C'}	{'264C>A', '263G>C;c.264C>A', '263G>C'}	2	0	0	2	3	1.0	1.0	1.0	1.0
19880293	{'IVS9+459,A/G', '6054,deletion/ATT', '924A/G', '6054deletion/ATT', '924,A/G', '3279,A/C'}	{'6054deletion/ATT', '924A/G', '3279A/C', 'IVS9+459A/G'}	2	2	4	6	4	0.5	0.3333333333333333	0.4	0.25
19881468	{'rs1052133'}	{'rs1052133'}	1	0	0	1	1	1.0	1.0	1.0	1.0
20080916	{'rs2070197', 'rs2004640', 'rs10954213'}	{'rs2070197', 'rs2004640', 'rs10954213'}	3	0	0	3	3	1.0	1.0	1.0	1.0
20154289	{'codon104G>A'}	{'alpha3.7deletion', 'alpha2codon104G>A'}	1	1	0	1	2	0.5	1.0	0.6666666666666666	0.5
20331852	{'rs4112788'}	{'LCE3CLCE3Bdel'}	0	1	1	1	1	0.0	0.0	0.0	0.0
20335448	{'G>Aatnucleotideposition2141'}	{'G2141A'}	0	1	1	1	1	0.0	0.0	0.0	0.0
20367983	{'IVS3+18C>T', '15461547insC'}	{'IVS3+18C>T', '15461547insC'}	2	0	0	2	2	1.0	1.0	1.0	1.0
20454699	{'356G>A', 'rs13267'}	{'356G>A'}	1	0	1	2	1	1.0	0.5	0.6666666666666666	0.5
20512659	{'25152519delAAGTT'}	{'25152519delAAGTT'}	1	0	0	1	1	1.0	1.0	1.0	1.0
20555334	set()	{'duplicationof11p15'}	0	1	0	0	1	0.0	0.0	0.0	0.0
20648600	{'G1764A', 'G1896A', 'G1899A', 'A1762T'}	{'rtV173L', 'rtL180M', 'G1899A', 'rtM204V', 'sI195M', 'A1762T', 'G1764A', 'sE164D', 'G1896A'}	4	5	0	4	9	0.4444444444444444	1.0	0.6153846153846153	0.4444444444444444
20709368	{'rs2066865', '10034C>T'}	{'FGG10034C>Trs2066865'}	2	0	0	2	1	1.0	1.0	1.0	1.0
20738799	set()	{'1790T>C'}	0	1	0	0	1	0.0	0.0	0.0	0.0
20801104	{'616C/G', '521C/T'}	{'616C/G', '521C/T', '120bpduplication'}	2	1	0	2	3	0.6666666666666666	1.0	0.8	0.6666666666666666
20801540	{'2554+1G>T'}	{'2554+1G>T'}	1	0	0	1	1	1.0	1.0	1.0	1.0
20846357	{'263C>T'}	{'263C>T'}	1	0	0	1	1	1.0	1.0	1.0	1.0
21054465	set()	{'Tdeletionat5063', 'C35322T', 'substitutionofCTat33468', 'C35322C'}	0	4	0	0	4	0.0	0.0	0.0	0.0
21070631	{'rs1800587', '1021C/T', 'rs1611115'}	{'rs1800587', 'rs1611115'}	2	0	1	3	2	1.0	0.6666666666666666	0.8	0.6666666666666666
21099701	{'908G>A'}	{'908G>A'}	1	0	0	1	1	1.0	1.0	1.0	1.0
21108633	{'69delC', '410+5G/A'}	{'69delC', '410+5G/A'}	2	0	0	2	2	1.0	1.0	1.0	1.0
21112374	set()	{'AluYb8MUTYH'}	0	1	0	0	1	0.0	0.0	0.0	0.0
21133595	set()	{'GSTT1deletion', 'GSTM1deletion'}	0	2	0	0	2	0.0	0.0	0.0	0.0
21135151	{'delta32'}	set()	0	0	1	1	0	0.0	0.0	0.0	0.0
21138945	set()	{'amplificationofthe4q1113region', 'lossofCDKN2B', 'lossofCDKN2A', 'homozygouslossat8p12'}	0	4	0	0	4	0.0	0.0	0.0	0.0
21325775	set()	{'473G>C'}	0	1	0	0	1	0.0	0.0	0.0	0.0
21405999	{'17T>C', '465G>T', '171T>C'}	{'17T>C', '465G>T', '171T>C'}	3	0	0	3	3	1.0	1.0	1.0	1.0
21445905	set()	{'CTat13,910bpupstream'}	0	1	0	0	1	0.0	0.0	0.0	0.0
21493871	{'rs5758222', 'rs7286979', 'rs525549', 'rs20551', 'rs6589664'}	{'rs5758222', 'rs7286979', 'rs525549', 'rs20551', 'rs6589664'}	5	0	0	5	5	1.0	1.0	1.0	1.0
21559944	{'104delT'}	{'104delT'}	1	0	0	1	1	1.0	1.0	1.0	1.0
21682595	{'rs25487'}	{'rs25487'}	1	0	0	1	1	1.0	1.0	1.0	1.0
21738389	{'737delC'}	{'737delC'}	1	0	0	1	1	1.0	1.0	1.0	1.0
21757944	{'CD+90del13bp', 'IVSII1G>A'}	{'CD+90del13bp', 'IVSII1G>A'}	2	0	0	2	2	1.0	1.0	1.0	1.0
21798259	{'rs16754'}	{'rs16754', 'insertionwithincodon314', 'insertionwithincodon313'}	1	2	0	1	3	0.3333333333333333	1.0	0.5	0.3333333333333333
21881116	set()	{'insertionofAbetweennucleotides1900and1901'}	0	1	0	0	1	0.0	0.0	0.0	0.0
21897748	{'130G>A'}	{'130G>A'}	1	0	0	1	1	1.0	1.0	1.0	1.0
21911891	set()	{'4G/5G'}	0	1	0	0	1	0.0	0.0	0.0	0.0
22051099	{'rs2234671', 'Ex2+860G>C'}	{'rs2234671'}	1	0	1	2	1	1.0	0.5	0.6666666666666666	0.5
22129472	{'17061715del.ATCTCCTCAG', '17062A>T'}	{'17062A>T'}	1	0	1	2	1	1.0	0.5	0.6666666666666666	0.5
22188495	{'3190C>T'}	{'3190C>T'}	1	0	0	1	1	1.0	1.0	1.0	1.0
