PMID	GT_Mutations	tmVar3-Wei2013_dna_Mutations	TP	FP	FN	Total_GT	Total_tmVar3-Wei2013_dna	Precision	Recall	F1	Accuracy
12650796	{'3020insC'}	{'3020insC', 'cysineinsertionatposition3020'}	1	1	0	1	2	0.5	1.0	0.6666666666666666	0.5
12661032	set()	{'13q21', 'chromosome13'}	0	2	0	0	2	0.0	0.0	0.0	0.0
12716337	set()	{'GCsubstitutionatposition174'}	0	1	0	0	1	0.0	0.0	0.0	0.0
12829659	{'C174G', 'G308A'}	{'C174C', 'G308A', '308A', 'G308G', 'C174G'}	2	2	0	2	5	0.5	1.0	0.6666666666666666	0.5
12872254	{'399402delAGAG'}	{'399402delAGAG'}	1	0	0	1	1	1.0	1.0	1.0	1.0
12915397	{'866G/A'}	{'866A', '866G/A'}	1	1	0	1	2	0.5	1.0	0.6666666666666666	0.5
12918106	set()	{'5q', '5p15', '5p15.2', 'chromosome5', '5p15.3', 'chromosome5p15'}	0	6	0	0	6	0.0	0.0	0.0	0.0
12925671	{'C877T', '620621del'}	{'C877T', '620621del'}	2	0	0	2	2	1.0	1.0	1.0	1.0
14508191	{'T/C704', 'A/C1166', 'T/C344'}	{'T/C704', 'A/C1166', 'T/C344'}	3	0	0	3	3	1.0	1.0	1.0	1.0
14562027	{'13C/T', '1001C/T', '263G/A', '+142C/G', '+355G/T'}	{'13C/T', '1001C/T', '263G/A', '+142C/G', '+355G/T'}	5	0	0	5	5	1.0	1.0	1.0	1.0
14623369	{'C270T'}	{'C270T'}	1	0	0	1	1	1.0	1.0	1.0	1.0
14639526	set()	{'2p11.2', 'chromosome17p11.2'}	0	2	0	0	2	0.0	0.0	0.0	0.0
14734447	set()	{'chromosome16p13.3'}	0	1	0	0	1	0.0	0.0	0.0	0.0
14751036	{'2068G>C', '9+1G>T', '1780C>A', '2084G>A', '1242G>T'}	{'GGCCinsertionatexon8,position1277', '2068G>C', 'GGCCinsertionatexon81277', '9+1G>T', '1780C>A', '2084G>A', 'Cinsertioninexon14betweenpositions25052511', '1242G>T'}	5	3	0	5	8	0.625	1.0	0.7692307692307693	0.625
15009222	{'C435G', 'del329C'}	{'C435G', 'del329C', 'singlenucleotidedeletionatposition329'}	2	1	0	2	3	0.6666666666666666	1.0	0.8	0.6666666666666666
15086338	{'5504delA', '6573+1G>C'}	{'5504delA', '6573+1G>C'}	2	0	0	2	2	1.0	1.0	1.0	1.0
15200509	set()	{'cysineCforguanineGatcodon246'}	0	1	0	0	1	0.0	0.0	0.0	0.0
15304120	{'1091C>T'}	{'1091C>T'}	1	0	0	1	1	1.0	1.0	1.0	1.0
15461822	{'Delta30'}	set()	0	0	1	1	0	0.0	0.0	0.0	0.0
15464247	{'1188A/C'}	{'1188A/C'}	1	0	0	1	1	1.0	1.0	1.0	1.0
15485686	{'G>Asubstitutionatcodon1763'}	{'G>Asubstitutionatcodon1763'}	1	0	0	1	1	1.0	1.0	1.0	1.0
15578687	set()	{'22q', 'chromosome22'}	0	2	0	0	2	0.0	0.0	0.0	0.0
15579915	{'IVS10+4G'}	set()	0	0	1	1	0	0.0	0.0	0.0	0.0
15636431	set()	{'TCsubstitutionatposition1833'}	0	1	0	0	1	0.0	0.0	0.0	0.0
15667541	{'g.3907G>A'}	{'g.3907G>A'}	1	0	0	1	1	1.0	1.0	1.0	1.0
15668505	{'203G>A'}	{'203G>A', '203A'}	1	1	0	1	2	0.5	1.0	0.6666666666666666	0.5
15672026	{'A>Gpolymorphismatposition670'}	{'A>Gpolymorphismatposition670', 'adenineAguanineGsubstitutionatposition670'}	1	1	0	1	2	0.5	1.0	0.6666666666666666	0.5
15749661	{'1665delC', '1469T>G'}	{'1665delC', '1469T>G'}	2	0	0	2	2	1.0	1.0	1.0	1.0
15754732	{'835del18', '222insT', '912delTA'}	{'835del18', '222insT', '912delTA'}	3	0	0	3	3	1.0	1.0	1.0	1.0
15770495	{'del642T', 'IVS3+1G>A', 'del418T', '217218insC'}	{'del642T', 'IVS3+1G>A', 'del418T', '217218insC'}	4	0	0	4	4	1.0	1.0	1.0	1.0
15820770	{'ACG>AAGsubstitutionincodon420'}	set()	0	0	1	1	0	0.0	0.0	0.0	0.0
15824163	{'rs1639679'}	{'rs1639679'}	1	0	0	1	1	1.0	1.0	1.0	1.0
15834874	{'G1915T/A', 'G529A', 'C3026T', 'A1053G', 'C934A', 'T2005C/A'}	{'T2005C', 'G529A', 'C3026T', 'A1053G', 'C934A', 'G1915T'}	6	0	0	6	6	1.0	1.0	1.0	1.0
15867855	{'rs2277025'}	{'157delMTTTVP', 'rs2277025'}	1	1	0	1	2	0.5	1.0	0.6666666666666666	0.5
15880727	{'1131G>A', '841842delAC', '851T>C', '612T>G', '360363delCAAA', '532T>C', '10441049delTTCTGGinsACACT', '345372del28', '799+2T>A', '865delC'}	{'1131G>A', '841842delAC', '851T>C', '612T>G', '360363delCAAA', '532T>C', '10441049delTTCTGGinsACACT', '345372del28', '799+2T>A', '865delC'}	10	0	0	10	10	1.0	1.0	1.0	1.0
15983230	{'rs5393'}	{'rs5393'}	1	0	0	1	1	1.0	1.0	1.0	1.0
16001362	set()	{'chromosome16q22.1'}	0	1	0	0	1	0.0	0.0	0.0	0.0
16088915	set()	{'AGtransitionatnucleotide+79'}	0	1	0	0	1	0.0	0.0	0.0	0.0
16143638	{'IVS25855insT'}	{'IVS25855insT'}	1	0	0	1	1	1.0	1.0	1.0	1.0
16181814	set()	{'A467T'}	0	1	0	0	1	0.0	0.0	0.0	0.0
16186368	set()	{'chromosome4q35'}	0	1	0	0	1	0.0	0.0	0.0	0.0
16252083	{'A>Gtransitionat127position', 'G>Atransitionat1032position'}	{'A>Gtransitionat127position', 'G>Atransitionat1032position'}	2	0	0	2	2	1.0	1.0	1.0	1.0
16256386	{'EX696A>G', 'IVS12+6T>A', 'IVS12+4A>G', 'IVS4+3G>C'}	{'EX696A>G', 'IVS12+6T>A', 'IVS12+4A>G', 'IVS4+3G>C'}	4	0	0	4	4	1.0	1.0	1.0	1.0
16330669	set()	{'chromosome14q32.33', '18q21.31', '9p21.3', '2p16.1'}	0	4	0	0	4	0.0	0.0	0.0	0.0
16380922	set()	{'8p21.1'}	0	1	0	0	1	0.0	0.0	0.0	0.0
16391785	set()	{'chromosome9p24'}	0	1	0	0	1	0.0	0.0	0.0	0.0
16424663	set()	{'deletionofcDNAnucleotide81'}	0	1	0	0	1	0.0	0.0	0.0	0.0
16480574	set()	{'30bpdeletioncodon:346355'}	0	1	0	0	1	0.0	0.0	0.0	0.0
16525586	{'892895dupG', '20451G>A', '16421644dupA', '210T>G', '791C>T'}	{'892895dupG', '20451G>A', '16421644dupA', '210T>G', '791C>T'}	5	0	0	5	5	1.0	1.0	1.0	1.0
16540739	set()	{'chromosome9p21', 'chromosome9p', '9p21'}	0	3	0	0	3	0.0	0.0	0.0	0.0
16543197	set()	{'1q31.3'}	0	1	0	0	1	0.0	0.0	0.0	0.0
16644711	set()	{'chromosome11q23'}	0	1	0	0	1	0.0	0.0	0.0	0.0
16728705	{'863C>A', 'C>Asubstitutionatposition863'}	{'863C>A', 'C>Asubstitutionatposition863'}	2	0	0	2	2	1.0	1.0	1.0	1.0
16780885	set()	{'chromosome16q22.1'}	0	1	0	0	1	0.0	0.0	0.0	0.0
17003357	{'2250G/C', '1858C/T'}	{'2250G/C', '1858C/T', '1858T'}	2	1	0	2	3	0.6666666666666666	1.0	0.8	0.6666666666666666
17033974	{'2406C>A'}	{'2406C>A'}	1	0	0	1	1	1.0	1.0	1.0	1.0
17059986	{'2633+1G>C', 'r.25212634del'}	{'2633+1G>C', 'r.25212634del'}	2	0	0	2	2	1.0	1.0	1.0	1.0
17079875	{'1282G>A', '2084G>C'}	{'1282G>A', '2084G>C'}	2	0	0	2	2	1.0	1.0	1.0	1.0
17166870	{'6bINS'}	set()	0	0	1	1	0	0.0	0.0	0.0	0.0
17395743	{'rs2720709', 'rs2648875'}	{'8q24', 'rs2720709', 'rs2648875'}	2	1	0	2	3	0.6666666666666666	1.0	0.8	0.6666666666666666
17909797	{'Delta32'}	set()	0	0	1	1	0	0.0	0.0	0.0	0.0
17935240	{'g.ORF15+652653delAG'}	{'g.ORF15+652653delAG', 'deletionatnucleotide652'}	1	1	0	1	2	0.5	1.0	0.6666666666666666	0.5
17961316	{'IVS11G>A', 'IVS11G>C'}	{'IVS11G>A', 'IVS11G>C'}	2	0	0	2	2	1.0	1.0	1.0	1.0
17968299	{'1082G/A'}	{'1082G/A'}	1	0	0	1	1	1.0	1.0	1.0	1.0
18189233	{'A/Gtransition1,071bp'}	{'A/Gtransition1,071bp'}	1	0	0	1	1	1.0	1.0	1.0	1.0
18246537	set()	{'11q22', '6q21', 'chromosome13', '17p13', '13q14'}	0	5	0	0	5	0.0	0.0	0.0	0.0
18372165	{'899+1G>T', '1570+2T>C', '956delC', '681dupA', '360+1G>C', '520delC'}	{'899+1G>T', '1570+2T>C', '956delC', '681dupA', '360+1G>C', '520delC'}	6	0	0	6	6	1.0	1.0	1.0	1.0
18397285	{'T>Gtransversionatnucleotide4508'}	{'T>Gtransversionatnucleotide4508'}	1	0	0	1	1	1.0	1.0	1.0	1.0
18492086	{'20684T>A'}	{'20684T>A'}	1	0	0	1	1	1.0	1.0	1.0	1.0
18559591	set()	{'chromosome8p12'}	0	1	0	0	1	0.0	0.0	0.0	0.0
18622266	set()	{'chromosome17:40,410,56542,372,240', 'chromosome17'}	0	2	0	0	2	0.0	0.0	0.0	0.0
18672102	{'46delS', '125126insAA', '118119insA', '1146+25insA'}	{'118119insA', '125126insAA', '1146+25insA'}	3	0	1	4	3	1.0	0.75	0.8571428571428571	0.75
18694509	{'rs12329760'}	{'rs12329760'}	1	0	0	1	1	1.0	1.0	1.0	1.0
18699851	set()	{'8q'}	0	1	0	0	1	0.0	0.0	0.0	0.0
18726896	set()	{'11q23', 'chromosome11q23'}	0	2	0	0	2	0.0	0.0	0.0	0.0
18945288	{'342delA'}	{'342delA'}	1	0	0	1	1	1.0	1.0	1.0	1.0
19067809	{'A1166C', 'A11666C'}	{'A1166C', 'A11666C'}	2	0	0	2	2	1.0	1.0	1.0	1.0
19223935	{'G669A'}	{'G669A', 'deletionofTGatthenucleotideposition608609', '669A', '669G'}	1	2	0	1	4	0.3333333333333333	1.0	0.5	0.3333333333333333
19276632	{'25*G>A', '1284T>C', '1272C>T', '97GCC[9]+[10]', '262G>A'}	{'25*G>A', '1284T>C', '1272C>T', '97GCC[9]+[10]', '262G>A'}	5	0	0	5	5	1.0	1.0	1.0	1.0
19429592	{'15581559insA', '867G>T', '897G>T', '507G>T'}	{'15581559insA', '867G>T', '897G>T', '507G>T'}	4	0	0	4	4	1.0	1.0	1.0	1.0
19565319	{'rs5751876', 'rs35320474', 'rs3761422', 'rs2236624'}	{'rs2236624', 'rs35320474', 'rs3761422', '22q11.2', 'rs5751876', 'chromosome22q11.23'}	4	2	0	4	6	0.6666666666666666	1.0	0.8	0.6666666666666666
19624485	{'rs16375'}	{'rs16375'}	1	0	0	1	1	1.0	1.0	1.0	1.0
19781362	{'rs16864880', 'G>Asubstitutionatnucleotide893'}	{'rs16864880', 'G>Asubstitutionatnucleotide893'}	2	0	0	2	2	1.0	1.0	1.0	1.0
19823838	{'264C>A', '263G>C'}	{'guaninecysineatposition263', 'cysineadenineatposition264', '264C>A', '263G>C'}	2	2	0	2	4	0.5	1.0	0.6666666666666666	0.5
19880293	{'IVS9+459,A/G', '6054,deletion/ATT', '924A/G', '6054deletion/ATT', '924,A/G', '3279,A/C'}	{'IVS9+459,A/G', '3279AC', '924A/G', 'IVS9+459AA', '924,A/G', 'IVS9+459GG', '3279,A/C', '3279CC'}	4	4	2	6	8	0.5	0.6666666666666666	0.5714285714285715	0.4
19881468	{'rs1052133'}	{'rs1052133'}	1	0	0	1	1	1.0	1.0	1.0	1.0
20080916	{'rs2070197', 'rs2004640', 'rs10954213'}	{'rs2070197', 'rs2004640', 'rs10954213'}	3	0	0	3	3	1.0	1.0	1.0	1.0
20154289	{'codon104G>A'}	{'codon104G>A'}	1	0	0	1	1	1.0	1.0	1.0	1.0
20331852	{'rs4112788'}	{'rs4112788'}	1	0	0	1	1	1.0	1.0	1.0	1.0
20335448	{'G>Aatnucleotideposition2141'}	{'G>Aatnucleotideposition2141'}	1	0	0	1	1	1.0	1.0	1.0	1.0
20367983	{'IVS3+18C>T', '15461547insC'}	{'IVS3+18C>T', '15461547insC'}	2	0	0	2	2	1.0	1.0	1.0	1.0
20454699	{'356G>A', 'rs13267'}	{'356G>A', 'rs13267'}	2	0	0	2	2	1.0	1.0	1.0	1.0
20512659	{'25152519delAAGTT'}	{'25152519delAAGTT'}	1	0	0	1	1	1.0	1.0	1.0	1.0
20555334	set()	{'11p15'}	0	1	0	0	1	0.0	0.0	0.0	0.0
20648600	{'G1764A', 'G1896A', 'G1899A', 'A1762T'}	{'G1764A', 'G1896A', 'G1899A', 'A1762T'}	4	0	0	4	4	1.0	1.0	1.0	1.0
20709368	{'rs2066865', '10034C>T'}	{'rs2066865', '10034C>T', '10034T'}	2	1	0	2	3	0.6666666666666666	1.0	0.8	0.6666666666666666
20801104	{'616C/G', '521C/T'}	{'616C/G', '521C/T'}	2	0	0	2	2	1.0	1.0	1.0	1.0
20801540	{'2554+1G>T'}	{'deletionofaminoacids809852', '2554+1G>T'}	1	1	0	1	2	0.5	1.0	0.6666666666666666	0.5
20846357	{'263C>T'}	{'263C>T'}	1	0	0	1	1	1.0	1.0	1.0	1.0
20884631	set()	{'1p36.32', '1p36'}	0	2	0	0	2	0.0	0.0	0.0	0.0
21054465	set()	{'C35322T', 'C35322C', 'CTat33468'}	0	3	0	0	3	0.0	0.0	0.0	0.0
21070631	{'rs1800587', '1021C/T', 'rs1611115'}	{'rs1800587', '1021C/T', '1021T', 'rs1611115'}	3	1	0	3	4	0.75	1.0	0.8571428571428571	0.75
21099701	{'908G>A'}	{'1q21', '908G>A'}	1	1	0	1	2	0.5	1.0	0.6666666666666666	0.5
21108633	{'69delC', '410+5G/A'}	{'69delC', '410+5G/A'}	2	0	0	2	2	1.0	1.0	1.0	1.0
21135151	{'delta32'}	set()	0	0	1	1	0	0.0	0.0	0.0	0.0
21138945	set()	{'4q1113', '8p12'}	0	2	0	0	2	0.0	0.0	0.0	0.0
21325775	set()	{'GCatcodon158'}	0	1	0	0	1	0.0	0.0	0.0	0.0
21405999	{'17T>C', '465G>T', '171T>C'}	{'17T>C', '465G>T', '171T>C'}	3	0	0	3	3	1.0	1.0	1.0	1.0
21445905	set()	{'CTsubstitutionatapolymorphicsite13,910bpupstream'}	0	1	0	0	1	0.0	0.0	0.0	0.0
21493871	{'rs5758222', 'rs7286979', 'rs525549', 'rs20551', 'rs6589664'}	{'rs5758222', 'rs7286979', 'rs525549', 'rs20551', '11q23', 'rs6589664'}	5	1	0	5	6	0.8333333333333334	1.0	0.9090909090909091	0.8333333333333334
21559944	{'104delT'}	{'chromosome3p22.3', '104delT', '3p13'}	1	2	0	1	3	0.3333333333333333	1.0	0.5	0.3333333333333333
21682595	{'rs25487'}	{'rs25487'}	1	0	0	1	1	1.0	1.0	1.0	1.0
21738389	{'737delC'}	{'chromosome2', 'chromosome9', '737delC'}	1	2	0	1	3	0.3333333333333333	1.0	0.5	0.3333333333333333
21757944	{'CD+90del13bp', 'IVSII1G>A'}	{'CD+90del13bp', 'IVSII1G>A', '13bpdeletionatnucleotide90'}	2	1	0	2	3	0.6666666666666666	1.0	0.8	0.6666666666666666
21798259	{'rs16754'}	{'rs16754'}	1	0	0	1	1	1.0	1.0	1.0	1.0
21881116	set()	{'insertionofAbetweennucleotides1900'}	0	1	0	0	1	0.0	0.0	0.0	0.0
21897748	{'130G>A'}	{'chromosome13q', '130G>A'}	1	1	0	1	2	0.5	1.0	0.6666666666666666	0.5
22051099	{'rs2234671', 'Ex2+860G>C'}	{'rs2234671', 'Ex2+860G>C'}	2	0	0	2	2	1.0	1.0	1.0	1.0
22129472	{'17061715del.ATCTCCTCAG', '17062A>T'}	{'17061715del.ATCTCCTCAG', '17062A>T'}	2	0	0	2	2	1.0	1.0	1.0	1.0
22188495	{'3190C>T'}	{'3190C>T'}	1	0	0	1	1	1.0	1.0	1.0	1.0
