PMID	GT_Mutations	tmVar3-SETH_Mutations	TP	FP	FN	Total_GT	Total_tmVar3-SETH	Precision	Recall	F1	Accuracy
10053017	set()	{'S156Y'}	0	1	0	0	1	0.0	0.0	0.0	0.0
10090486	{'CD6G', 'CDs108/11212nt', 'CDs130/131+GCCT'}	set()	0	0	3	3	0	0.0	0.0	0.0	0.0
10090909	{'2314delG'}	{'2314delG'}	1	0	0	1	1	1.0	1.0	1.0	1.0
10094554	set()	{'Xq27.3', 'Xq28'}	0	2	0	0	2	0.0	0.0	0.0	0.0
10094560	{'R411X', 'E459K', 'G145V', 'D289V', 'C184Y', 'R119H', '544delG', '862+5A', 'H154Y', 'M45L', '1172delC'}	{'R411X', 'E459K', 'G145V', 'D289V', 'C184Y', 'R119H', '544delG', 'H154Y', 'M45L', '1172delC'}	10	0	1	11	10	1.0	0.9090909090909091	0.9523809523809523	0.9090909090909091
10330344	{'His598Tyr', 'Gly607Val', 'Arg85Ser'}	{'His598Tyr', 'Gly607Val', 'Arg85Ser'}	3	0	0	3	3	1.0	1.0	1.0	1.0
10408782	{'R408W', 'IVS12nt1', 'IVS11nt5', 'IVS10nt11', 'R252W', 'V388M', 'Q232X'}	{'R408W', 'R252W', 'Q232X', 'V388M'}	4	0	3	7	4	1.0	0.5714285714285714	0.7272727272727273	0.5714285714285714
10417286	set()	{'1p3241', '1q3241', '17p11.211.1'}	0	3	0	0	3	0.0	0.0	0.0	0.0
10441582	set()	{'chromosome10', 'chromosome3q21'}	0	2	0	0	2	0.0	0.0	0.0	0.0
10477429	{'M133T', 'codon133ATG>ACG'}	{'M133T'}	1	0	1	2	1	1.0	0.5	0.6666666666666666	0.5
10477438	{'c1165G>C', 'c145A>G'}	{'c1165G>C', 'c145A>G'}	2	0	0	2	2	1.0	1.0	1.0	1.0
10486328	set()	{'11q2325', 'chromosome11q23'}	0	2	0	0	2	0.0	0.0	0.0	0.0
10521296	{'Gln499Lys', 'Arg719Gln', 'Deltac756', 'Ala797Thr', 'Arg403Trp', 'Arg645His', 'Val896Met', 'Arg249Gln', 'Arg92Trp'}	{'Gln499Lys', 'Arg719Gln', 'Ala797Thr', 'Arg403Trp', 'Arg645His', 'Val896Met', 'Arg249Gln', 'Arg92Trp'}	8	0	1	9	8	1.0	0.8888888888888888	0.9411764705882353	0.8888888888888888
10521316	set()	{'chromosome15'}	0	1	0	0	1	0.0	0.0	0.0	0.0
10577941	{'A1555G'}	{'A1555G'}	1	0	0	1	1	1.0	1.0	1.0	1.0
10649495	{'R131L', 'V398F', '330delA', 'E326K', 'F259L', 'S196P', 'L444P', 'R285H', 'H255Q', 'H311R', '533delC', 'Y304C', 'A190E'}	{'R131L', 'V398F', '330delA', 'E326K', 'F259L', 'S196P', 'L444P', 'R285H', 'H255Q', 'H311R', '533delC', 'Y304C', 'A190E'}	13	0	0	13	13	1.0	1.0	1.0	1.0
10677305	set()	{'chromosome15q25'}	0	1	0	0	1	0.0	0.0	0.0	0.0
10677310	set()	{'chromosome6p21.3', 'chromosome6'}	0	2	0	0	2	0.0	0.0	0.0	0.0
10712209	set()	{'1q2425', '1p36', 'Xq2728', '1q4243'}	0	4	0	0	4	0.0	0.0	0.0	0.0
10737991	{'R20X'}	{'R20X'}	1	0	0	1	1	1.0	1.0	1.0	1.0
10738001	{'219G>A'}	{'219G>A'}	1	0	0	1	1	1.0	1.0	1.0	1.0
10738004	{'Q239R'}	{'Q239R'}	1	0	0	1	1	1.0	1.0	1.0	1.0
10739770	set()	{'chromosome22q12.3', 'chromosome22', 'chromosome22q12'}	0	3	0	0	3	0.0	0.0	0.0	0.0
10775524	set()	{'chromosome13'}	0	1	0	0	1	0.0	0.0	0.0	0.0
10790217	{'Tdeletionmutationatposition11311', 'g11311delT', 'g5744C>G', 'CGmutationatposition5744', 'CTmutationatposition14116', 'g14116C>T'}	{'Tdeletionmutationatposition11311', 'g5744C>G', 'CGmutationatposition5744', 'CTmutationatposition14116', 'g14116C>T'}	5	0	1	6	5	1.0	0.8333333333333334	0.9090909090909091	0.8333333333333334
10790218	{'Y667X'}	{'Y667X'}	1	0	0	1	1	1.0	1.0	1.0	1.0
10862097	{'Y4236X', 'Q3820X', '11745+2ins3'}	{'Y4236X', 'Q3820X', '11745+2ins3'}	3	0	0	3	3	1.0	1.0	1.0	1.0
10874330	{'1320InsT'}	set()	0	0	1	1	0	0.0	0.0	0.0	0.0
10915611	set()	{'chromosome1'}	0	1	0	0	1	0.0	0.0	0.0	0.0
11023809	set()	{'5q3133'}	0	1	0	0	1	0.0	0.0	0.0	0.0
11058905	{'S443P', 'E60X', '261delA', '934+2T>G', '1593insC', 'P32R'}	{'S443P', 'E60X', '261delA', '11q13', '934+2T>G', '1593insC', 'P32R'}	6	1	0	6	7	0.8571428571428571	1.0	0.923076923076923	0.8571428571428571
11078480	set()	{'chromosome19q13.2', 'chromosome22q13.3', 'chromosome13q12'}	0	3	0	0	3	0.0	0.0	0.0	0.0
11083946	set()	{'chromosome15q11'}	0	1	0	0	1	0.0	0.0	0.0	0.0
11102997	{'S636I', 'R104C'}	{'S636I', 'R104C'}	2	0	0	2	2	1.0	1.0	1.0	1.0
11112662	set()	{'chromosome7', 'chromosome7q31', '7q32', '7p11.2', '7q31'}	0	5	0	0	5	0.0	0.0	0.0	0.0
11139269	{'88C>A'}	{'88C>A'}	1	0	0	1	1	1.0	1.0	1.0	1.0
11156534	set()	{'chromosome2', '2p14', '2p13', 'chromosome2p14'}	0	4	0	0	4	0.0	0.0	0.0	0.0
11180609	{'Q1351Sp', 'L1305P', 'P760L'}	{'L1305P', 'P760L'}	2	0	1	3	2	1.0	0.6666666666666666	0.8	0.6666666666666666
11254449	{'Ala541Thr'}	{'Ala541Thr'}	1	0	0	1	1	1.0	1.0	1.0	1.0
11283796	set()	{'15q11'}	0	1	0	0	1	0.0	0.0	0.0	0.0
11295840	{'G373D'}	{'G373D'}	1	0	0	1	1	1.0	1.0	1.0	1.0
11309680	{'D10S1652'}	{'10q21', '20q13.113.3'}	0	2	1	1	2	0.0	0.0	0.0	0.0
11333381	{'G992R', 'L724P', 'P1007A', 'G986S', 'Q775P', 'V950M', 'A1054T', 'I943M'}	{'G992R', 'L724P', 'P1007A', 'G986S', 'Q775P', 'V950M', 'A1054T', 'I943M'}	8	0	0	8	8	1.0	1.0	1.0	1.0
11385711	{'330A>G', 'R71G', 'ArgGlychangeatcodon71'}	{'terminationcodonatposition64', '330A>G', 'R71G', 'ArgGlychangeatcodon71'}	3	1	0	3	4	0.75	1.0	0.8571428571428571	0.75
11438995	{'W1282X', 'Trp1282Ter'}	{'W1282X', 'Trp1282Ter'}	2	0	0	2	2	1.0	1.0	1.0	1.0
11443547	{'R150G', 'Q119X', '13971401delAGAAC'}	{'R150G', 'Q119X', '13971401delAGAAC'}	3	0	0	3	3	1.0	1.0	1.0	1.0
11462173	{'Q634X', 'K193E', 'R280H'}	{'Q634X', 'K193E', '3q27', 'R280H'}	3	1	0	3	4	0.75	1.0	0.8571428571428571	0.75
11509994	{'R183P'}	{'chromosome6q14', 'R183P'}	1	1	0	1	2	0.5	1.0	0.6666666666666666	0.5
11524734	{'S206P', 'IVS121G>C', 'Q436X', '21042105delGGins29bp', 'IVS132delA', 'D468V'}	{'S206P', 'IVS121G>C', 'Q436X', 'IVS132delA', 'D468V'}	5	0	1	6	5	1.0	0.8333333333333334	0.9090909090909091	0.8333333333333334
11536080	{'D7S2472'}	{'chromosome7', '14q22', 'chromosome7q11', '5q2231', '7q11'}	0	5	1	1	5	0.0	0.0	0.0	0.0
11577372	{'450delA'}	{'450delA', 'chromosome11q22'}	1	1	0	1	2	0.5	1.0	0.6666666666666666	0.5
11668643	{'F188del', '164insA', '861insG', 'R275Q', 'IVS5+1G>A', 'G27R', 'Q89X', 'G190D', 'R179X'}	{'F188del', '164insA', '861insG', 'R275Q', 'IVS5+1G>A', 'G27R', 'Q89X', 'G190D', 'R179X'}	9	0	0	9	9	1.0	1.0	1.0	1.0
11731936	set()	{'chromosome22', 'chromosome14'}	0	2	0	0	2	0.0	0.0	0.0	0.0
11793480	{'S1099X', '5382insC', '1528del4', '9318del4', '695insT'}	{'S1099X', '5382insC', '1528del4', '9318del4', '695insT'}	5	0	0	5	5	1.0	1.0	1.0	1.0
11799475	set()	{'chromosome4', 'chromosome1p', 'chromosome1'}	0	3	0	0	3	0.0	0.0	0.0	0.0
11813133	{'G>Apolymorphismwasidentifiedat112bp'}	{'chromosome5q31'}	0	1	1	1	1	0.0	0.0	0.0	0.0
11822023	{'C>Tatposition158upstream'}	{'chromosome8q'}	0	1	1	1	1	0.0	0.0	0.0	0.0
11845408	set()	{'chromosome16q12.2'}	0	1	0	0	1	0.0	0.0	0.0	0.0
11951176	set()	{'chromosome4', 'chromosome8', '18q21', 'chromosome1'}	0	4	0	0	4	0.0	0.0	0.0	0.0
11968091	{'non35delG', '35delG', 'W24X'}	{'35delG', 'W24X'}	3	0	0	3	2	1.0	1.0	1.0	1.0
12016592	set()	{'chromosome8'}	0	1	0	0	1	0.0	0.0	0.0	0.0
12058347	set()	{'8p23', '4p16'}	0	2	0	0	2	0.0	0.0	0.0	0.0
12145742	set()	{'chromosome8p'}	0	1	0	0	1	0.0	0.0	0.0	0.0
12145744	set()	{'Xq22', 'Xp21.2', '2q22.2', 'Xq22.2'}	0	4	0	0	4	0.0	0.0	0.0	0.0
12145747	{'Leu>Promutationatposition293,357'}	{'Leu>Promutationatposition293', 'chromosome2q31'}	1	1	0	1	2	0.5	1.0	0.6666666666666666	0.5
12145749	{'IVS42A>G'}	{'IVS42A>G'}	1	0	0	1	1	1.0	1.0	1.0	1.0
12204007	{'G613D', 'R28L', 'H364P', 'IVS14+1G>A', 'Q196X', 'M501T', 'R13X', '251273del', 'Q234X', 'IVS15+1G>C'}	{'G613D', 'R28L', 'H364P', 'IVS14+1G>A', 'Q196X', 'M501T', 'R13X', '251273del', 'Q234X', 'IVS15+1G>C'}	10	0	0	10	10	1.0	1.0	1.0	1.0
12402331	{'R798G', '20972098insT', 'G843D'}	{'R798G', '20972098insT', 'G843D'}	3	0	0	3	3	1.0	1.0	1.0	1.0
12402345	{'N219Y', 'R228Q', 'R467sp', 'R403sp', 'c712A>G', 'P615T', '497delG', '208delG'}	{'N219Y', 'R228Q', 'R467sp', 'R403sp', 'c712A>G', 'P615T', '497delG', '208delG'}	8	0	0	8	8	1.0	1.0	1.0	1.0
12424708	{'W1183L', 'V1197A', 'R1210C'}	{'W1183L', 'V1197A', 'R1210C'}	3	0	0	3	3	1.0	1.0	1.0	1.0
12428213	{'serine55phenylalanine', 'T57I', 'S55F'}	{'serine55phenylalanine', 'T57I', 'S55F'}	3	0	0	3	3	1.0	1.0	1.0	1.0
12442272	{'D90A'}	{'D90A'}	1	0	0	1	1	1.0	1.0	1.0	1.0
12442283	{'Asn450Asp', 'Ile345Met', 'Val251Ala', 'Ser393Asn', 'Gly434Ser'}	{'Asn450Asp', 'Ile345Met', 'Val251Ala', 'Ser393Asn', 'Gly434Ser'}	5	0	0	5	5	1.0	1.0	1.0	1.0
12474144	set()	{'6p22.3', 'chromosome6p', 'rs760761'}	0	3	0	0	3	0.0	0.0	0.0	0.0
12474146	set()	{'chromosome16q'}	0	1	0	0	1	0.0	0.0	0.0	0.0
12506336	{'53G>T', '14T>C'}	{'53G>T', '14T>C'}	2	0	0	2	2	1.0	1.0	1.0	1.0
12552571	{'K175D176del', 'L263fsX286', 'I177N', 'R304W'}	{'I177N', 'r4851283del', 'R304W', 'L263fsX286', 'K175D176del', 'r291464del'}	4	2	0	4	6	0.6666666666666666	1.0	0.8	0.6666666666666666
12618959	{'15991605TCTTCTA>CTAGAAG'}	{'1605TCTTCTA>CTAGAAG'}	1	0	0	1	1	1.0	1.0	1.0	1.0
12632327	{'137C>T', 'V190A', '569T>C', 'P46L'}	{'137C>T', '2q35', 'V190A', 'P46L', '569T>C'}	4	1	0	4	5	0.8	1.0	0.888888888888889	0.8
12655559	{'2115ins35bp', '4101+2T>C', '2623A>G', '30363038delGGT', '1263+5G>C', '3558+1G>C', '2528T>C', '712C>T'}	{'2115ins35bp', '4101+2T>C', '2623A>G', '30363038delGGT', '1263+5G>C', '3558+1G>C', '2528T>C', '712C>T'}	8	0	0	8	8	1.0	1.0	1.0	1.0
12673796	{'965G>A'}	{'965G>A'}	1	0	0	1	1	1.0	1.0	1.0	1.0
12673802	{'2728ins12', '1112insAAAA'}	{'2728ins12', '1112insAAAA', 'chromosome14q11.2'}	2	1	0	2	3	0.6666666666666666	1.0	0.8	0.6666666666666666
12687502	set()	{'5q35', 'chromosome5'}	0	2	0	0	2	0.0	0.0	0.0	0.0
12717633	set()	{'chromosome12', 'chromosome3', 'chromosome16'}	0	3	0	0	3	0.0	0.0	0.0	0.0
12740763	{'Ala62Thr'}	{'Ala62Thr', '10q21'}	1	1	0	1	2	0.5	1.0	0.6666666666666666	0.5
1284538	{'R347H', '1078delT', 'R352Q', 'nondeltaF508', 'R347P', 'E585X', '541delC', 'G178R', 'delta508', 'G85E', 'I148T', '1898+3A>G'}	{'deltaF508', 'R347H', '1078delT', 'R352Q', 'R347P', 'E585X', '541delC', 'G178R', 'G85E', 'I148T', '1898+3A>G'}	11	0	1	12	11	1.0	0.9166666666666666	0.9565217391304348	0.9166666666666666
12872253	{'IVS81G>A', 'g.2290787G>A', 'R148X'}	{'IVS81G>A', 'g.2290787G>A', 'R148X'}	3	0	0	3	3	1.0	1.0	1.0	1.0
12938095	{'142G>A', 'I407K', '1145G>A', 'E48K', 'IVS4+1G>A', '646647insT', '639+1G>A', '508G>C', '242G>C', 'C382Y', '678G>T', '12771278delAA', 'W226C', 'Q279R', 'W81S', 'W95X', '1102delGinsTTATAC', 'K426fsX23', 'A368fsX24', 'L414S', 'D170H', '836A>G', '1220T>A', 'G346fsX1', '1241T>C', '284G>A', 'Y216fsX15', '1037delG'}	{'142G>A', '1145G>A', 'I407K', 'E48K', 'IVS4+1G>A', '646647insT', '639+1G>A', '508G>C', '242G>C', 'C382Y', '678G>T', '12771278delAA', 'W226C', 'Q279R', 'W81S', 'W95X', '1102delGinsTTATAC', 'K426fsX23', 'A368fsX24', 'L414S', 'D170H', '836A>G', '1220T>A', 'G346fsX1', '1241T>C', '284G>A', 'Y216fsX15', '1037delG'}	28	0	0	28	28	1.0	1.0	1.0	1.0
12958705	set()	{'21q', 'chromosome21q22.3', 'chromosome21'}	0	3	0	0	3	0.0	0.0	0.0	0.0
1301924	set()	{'chromosome19'}	0	1	0	0	1	0.0	0.0	0.0	0.0
1317992	set()	{'3p14', '3p14.2', 'chromosome1'}	0	3	0	0	3	0.0	0.0	0.0	0.0
1346075	set()	{'21q', '21q22.1', 'chromosome21'}	0	3	0	0	3	0.0	0.0	0.0	0.0
1346482	set()	{'4p16.3'}	0	1	0	0	1	0.0	0.0	0.0	0.0
1363805	{'glutamatesubstitutionforlysine304', '985A>G'}	{'glutamatesubstitutionforlysine304', '985A>G'}	2	0	0	2	2	1.0	1.0	1.0	1.0
13680528	set()	{'5p'}	0	1	0	0	1	0.0	0.0	0.0	0.0
1373934	{'1949del84'}	{'deltaF508', '1949del84'}	1	1	0	1	2	0.5	1.0	0.6666666666666666	0.5
1415228	set()	{'chromosome15q11.2', 'chromosome7'}	0	2	0	0	2	0.0	0.0	0.0	0.0
1415265	set()	{'10p', 'chromosome22q11', '22q11'}	0	3	0	0	3	0.0	0.0	0.0	0.0
14517964	{'10078T>C', '481G>A'}	{'10078T>C', '481G>A'}	2	0	0	2	2	1.0	1.0	1.0	1.0
14610717	{'S1259L', 'I1220M'}	{'S1259L', 'I1220M'}	2	0	0	2	2	1.0	1.0	1.0	1.0
14658095	set()	{'12q24', '16p13', '16q1221'}	0	3	0	0	3	0.0	0.0	0.0	0.0
14681830	{'A1555G', 'C1494T'}	{'1555A', 'C1494T', '1555G', 'CTtransitionatposition1494', 'A1555G'}	2	2	0	2	5	0.5	1.0	0.6666666666666666	0.5
14691730	set()	{'chromosome12'}	0	1	0	0	1	0.0	0.0	0.0	0.0
14872408	set()	{'Xp21.3', '9q21.3', 'chromosome9'}	0	3	0	0	3	0.0	0.0	0.0	0.0
15024732	{'655A>G', 'Ile219Val'}	{'655A>G', 'Ile219Val'}	2	0	0	2	2	1.0	1.0	1.0	1.0
15154114	{'IVS7+87A>G', 'IVS1282G>C', 'IVS936G>A', 'G87R', 'IVS8+28C>T', 'IVS799C>A', 'V629I', '*207G>C', 'IVS12+32C>A', 'IVS1018C>T', 'IVS6+9C>T', 'Y317X', 'IVS123C>T', 'IVS835G>A', 'P554L', 'IVS2+88G>C', 'IVS11+21G>A', 'IVS735G>A', 'Y498', 'IVS12+15C>T', 'C337W', 'IVS7151152delGA', 'IVS7+37G>A', 'M560V', 'P390L', 'IVS1+26G>A'}	{'IVS7+87A>G', 'IVS1282G>C', 'IVS936G>A', 'G87R', 'IVS8+28C>T', 'IVS799C>A', 'V629I', '*207G>C', 'IVS12+32C>A', 'IVS1018C>T', 'IVS6+9C>T', 'Y317X', 'IVS123C>T', 'IVS835G>A', 'P554L', 'IVS2+88G>C', 'IVS11+21G>A', 'IVS735G>A', 'IVS12+15C>T', 'IVS7151152delGA', 'C337W', 'IVS7+37G>A', 'M560V', 'P390L', 'IVS1+26G>A'}	25	0	1	26	25	1.0	0.9615384615384616	0.9803921568627451	0.9615384615384616
15154117	set()	{'rs1044396', 'rs1044397'}	0	2	0	0	2	0.0	0.0	0.0	0.0
15208783	set()	{'chromosome10q22', 'chromosome18q22'}	0	2	0	0	2	0.0	0.0	0.0	0.0
15272417	set()	{'6q2325', 'chromosome6q23'}	0	2	0	0	2	0.0	0.0	0.0	0.0
15365989	{'E64D', 'L166P', '192G>C'}	{'E64D', 'L166P', '192G>C'}	3	0	0	3	3	1.0	1.0	1.0	1.0
15365995	{'1625A>C', '21042A>G', '1730+1delG', '808811delACTT', '2170T>A', '1918C>T', '2168C>A', '845C>G', '17571758insC', '1128T>C', '13161318delCCT', '1907T>C', '632633insT', '1886A>G', '3488A>T'}	{'1625A>C', '21042A>G', '1730+1delG', '808811delACTT', '2170T>A', '1918C>T', '2168C>A', '845C>G', '17571758insC', '1128T>C', '13161318delCCT', '1907T>C', '632633insT', '1886A>G', '3488A>T'}	15	0	0	15	15	1.0	1.0	1.0	1.0
15372378	set()	{'20q13.3'}	0	1	0	0	1	0.0	0.0	0.0	0.0
15449241	set()	{'rs795009', 'rs2307973', 'rs308963', 'rs2308169', 'rs2307981'}	0	5	0	0	5	0.0	0.0	0.0	0.0
15459972	{'F105S'}	{'F105S'}	1	0	0	1	1	1.0	1.0	1.0	1.0
15526234	set()	{'16p'}	0	1	0	0	1	0.0	0.0	0.0	0.0
15611928	set()	{'chromosome6p21'}	0	1	0	0	1	0.0	0.0	0.0	0.0
15712269	{'157G>T', '599A>T', 'H200L', 'Y99VfsX61', '562C>T', 'R188X', '293dupA', 'E53X', 'G801D', '2402G>A'}	{'G801', '157G>T', '599A>T', 'H200L', 'Y99VfsX61', 'H200', '562C>T', 'R188X', '293dupA', 'E53X', 'G801D', '2402G>A'}	10	0	0	10	12	1.0	1.0	1.0	1.0
15726498	set()	{'8q12.1', '17q24.3', '17q25.1', '7p15.3', '4p15.1'}	0	5	0	0	5	0.0	0.0	0.0	0.0
15747259	set()	{'chromosome9p'}	0	1	0	0	1	0.0	0.0	0.0	0.0
15776395	set()	{'chromosome10p15'}	0	1	0	0	1	0.0	0.0	0.0	0.0
15937921	{'S67P', 'C47F', '278G>T', 'V39M', 'C93R', 'C93F', '199T>C', '115G>A', '140G>T', '295T>C', 'C99R'}	{'S67P', 'C47F', '278G>T', 'V39M', 'C93R', 'C93F', '199T>C', '115G>A', '140G>T', '295T>C', 'C99R'}	11	0	0	11	11	1.0	1.0	1.0	1.0
15952089	{'1228insC'}	{'1228insC'}	1	0	0	1	1	1.0	1.0	1.0	1.0
15988677	set()	{'1q25', 'Xq12', '11q22', '17q21', '16p13', '3p24', '5q12', '8q13', '22q12', '8p21', '15q11', '5q35', '13q14'}	0	13	0	0	13	0.0	0.0	0.0	0.0
1598907	{'CTtransitionatnucleotide571', 'TCtransitionforcodon86TGGatnucleotide511', 'Gln106Sp', 'Trp86Arg'}	{'Gln106Sp', 'CTtransitionatnucleotide571', 'TCtransitionforcodon86', 'Trp86Arg', 'TGGatnucleotide511'}	4	0	0	4	5	1.0	1.0	1.0	1.0
1609795	set()	{'chromosome7', '7q22'}	0	2	0	0	2	0.0	0.0	0.0	0.0
16110494	{'E174K', '1544G>A', 'C515Y', '520G>A'}	{'E174K', '1544G>A', 'C515Y', '520G>A'}	4	0	0	4	4	1.0	1.0	1.0	1.0
16211558	{'1405C>T', '1327G>A', 'A443T', 'R218S', '1070G>A', 'R469W', 'frameshiftatresidueF382', '654A>T', 'R357H', '1209delC'}	{'1405C>T', '1327G>A', 'A443T', 'R218S', '1070G>A', 'R469W', '654A>T', 'R357H', '1209delC'}	9	0	1	10	9	1.0	0.9	0.9473684210526316	0.9
16281286	{'280G>A', 'G717V', 'A324T', '1022dupA', '970G>A', '322C>T', 'G94R', 'R108C', '2150G>T'}	{'280G>A', 'G717V', 'A324T', '1022dupA', '970G>A', '322C>T', 'G94R', 'R108C', '2150G>T'}	9	0	0	9	9	1.0	1.0	1.0	1.0
16329098	{'Asp98Ala', '293A>C', 'Leu100Ser', 'Thr96Ala', '286A>G', '299T>C'}	{'Asp98Ala', '293A>C', 'Leu100Ser', 'Thr96Ala', '286A>G', '299T>C'}	6	0	0	6	6	1.0	1.0	1.0	1.0
16358215	set()	{'chromosome9'}	0	1	0	0	1	0.0	0.0	0.0	0.0
16380917	set()	{'12q24', '20q13', 'chromosome20q13'}	0	3	0	0	3	0.0	0.0	0.0	0.0
16532386	set()	{'chromosome4', '8p23.1', '4q21.2122.3', 'chromosome4q31', '5q14.214.3', '14q22.323.3', '4q31'}	0	7	0	0	7	0.0	0.0	0.0	0.0
16642431	set()	{'20p12', '20q12', 'chromosome20', '20q13', '16q12', 'chromosome16q12', '20q13.1'}	0	7	0	0	7	0.0	0.0	0.0	0.0
16642433	set()	{'rs2297660'}	0	1	0	0	1	0.0	0.0	0.0	0.0
16642441	set()	{'rs4343', 'rs4351'}	0	2	0	0	2	0.0	0.0	0.0	0.0
16642442	set()	{'2q21.2', '10q21', '10p11'}	0	3	0	0	3	0.0	0.0	0.0	0.0
16773577	set()	{'chromosome13q', 'chromosome13q22'}	0	2	0	0	2	0.0	0.0	0.0	0.0
16909383	{'R295X'}	{'R295X', 'chromosome6q13'}	1	1	0	1	2	0.5	1.0	0.6666666666666666	0.5
16909392	{'R50Q'}	{'R50Q', 'chromosome2p24'}	1	1	0	1	2	0.5	1.0	0.6666666666666666	0.5
16909394	{'2991+1655A>G'}	{'2991+1655A>G'}	1	0	0	1	1	1.0	1.0	1.0	1.0
16960803	set()	{'2q32'}	0	1	0	0	1	0.0	0.0	0.0	0.0
16960810	set()	{'chromosome3p'}	0	1	0	0	1	0.0	0.0	0.0	0.0
17041889	{'[2484C>T]+[2484C>T', 'Gly828'}	{'[2484C>T]', '2484C>T'}	1	0	1	2	2	1.0	0.5	0.6666666666666666	0.5
17160889	set()	{'chromosome4q27'}	0	1	0	0	1	0.0	0.0	0.0	0.0
17160901	{'ACA>ACGchangeofcodon990', '990delM', '29702972delAAT'}	{'ACA>ACGchangeofcodon990', '990delM', '29702972delAAT'}	3	0	0	3	3	1.0	1.0	1.0	1.0
17203459	set()	{'2q22'}	0	1	0	0	1	0.0	0.0	0.0	0.0
17236129	set()	{'chromosome1q21.1'}	0	1	0	0	1	0.0	0.0	0.0	0.0
17279550	{'V92M', 'R151C', 'R160W', 'R163Q', 'D294H', 'D84E', 'V60L'}	{'V92M', 'R151C', 'R160W', 'R163Q', 'D294H', 'D84E', 'V60L'}	7	0	0	7	7	1.0	1.0	1.0	1.0
17357082	set()	{'chromosome11p12'}	0	1	0	0	1	0.0	0.0	0.0	0.0
17436254	set()	{'chromosome18q21.1'}	0	1	0	0	1	0.0	0.0	0.0	0.0
17492639	{'t16;22p13.3;q11.2', 'F106L', 'I35T'}	{'16p13.3', 'F106L', 'I35T'}	2	1	1	3	3	0.6666666666666666	0.6666666666666666	0.6666666666666666	0.5
17503332	{'30G>A'}	{'rs7903146', '30G>A', 'rs1799884'}	1	2	0	1	3	0.3333333333333333	1.0	0.5	0.3333333333333333
17503333	{'L145X'}	{'chromosome6p12.1', 'L145X'}	1	1	0	1	2	0.5	1.0	0.6666666666666666	0.5
17579354	{'Glu99X', 'Asp657Val', '2078G>C', 'Arg693Pro', '1970A>T', '295G>T'}	{'Glu99X', 'Asp657Val', '19q13.4', '295G>T', '1970A>T', 'Arg693Pro', '2078G>C'}	6	1	0	6	7	0.8571428571428571	1.0	0.923076923076923	0.8571428571428571
17621639	set()	{'H244K'}	0	1	0	0	1	0.0	0.0	0.0	0.0
17701907	{'C/T13910'}	set()	0	0	1	1	0	0.0	0.0	0.0	0.0
17721928	{'383C>A', 'Ser128Tyr'}	{'383C>A', 'Ser128Tyr'}	2	0	0	2	2	1.0	1.0	1.0	1.0
17847000	{'834C/T', '764G/A', '798G/C', '861G/T', '853C/G'}	{'834C/T', '764G/A', '798G/C', 'chromosome10', '861G/T', '853C/G'}	5	1	0	5	6	0.8333333333333334	1.0	0.9090909090909091	0.8333333333333334
17847001	set()	{'Xp22.31', '15q25.2'}	0	2	0	0	2	0.0	0.0	0.0	0.0
17879353	{'15461547insC', 'Arg460Ter', '249252delGTCT', '628631delACAG', '1378C>T'}	{'15461547insC', 'Arg460Ter', '249252delGTCT', '628631delACAG', '1378C>T', 'insertionatcodon516'}	5	1	0	5	6	0.8333333333333334	1.0	0.9090909090909091	0.8333333333333334
17999359	{'135G>C'}	{'135G>C'}	1	0	0	1	1	1.0	1.0	1.0	1.0
18179885	{'T/G13915', 'T/C3712'}	set()	0	0	2	2	0	0.0	0.0	0.0	0.0
18179886	set()	{'5p13.1'}	0	1	0	0	1	0.0	0.0	0.0	0.0
18179903	{'11771178delAA'}	{'11771178delAA'}	1	0	0	1	1	1.0	1.0	1.0	1.0
18252214	{'3243A>G'}	{'3243A>G'}	1	0	0	1	1	1.0	1.0	1.0	1.0
18308288	set()	{'Xq23', '11q14'}	0	2	0	0	2	0.0	0.0	0.0	0.0
18381613	{'29052923delinsCTCCGAGCGCA', 'Gln829X'}	{'29052923delinsCTCCGAGCGCA', 'Gln829X'}	2	0	0	2	2	1.0	1.0	1.0	1.0
18394579	{'Q186K'}	{'chromosome7p14.3', 'Q186K'}	1	1	0	1	2	0.5	1.0	0.6666666666666666	0.5
18429048	{'[D448H;H294Q]', 'D409H', 'H255Q'}	{'H294Q', 'D409H', '[D448H', 'H255Q'}	3	0	0	3	4	1.0	1.0	1.0	1.0
18452888	{'5943delA', '9527delG'}	{'9527delG', '1bpdeletionatposition5943', 'chromosome16q24', '5943delA', 'singlenucleotidedeletionatposition9527'}	2	3	0	2	5	0.4	1.0	0.5714285714285715	0.4
18521937	{'R283Q', 'A469T', '1315C>T', 'G557R', '682G>A', '1405G>A', 'E228K', 'T291R', 'E590K', 'F547L', 'R439W'}	{'R283Q', 'A469T', '1315C>T', 'G557R', '682G>A', '1405G>A', 'E228K', 'T291R', 'E590K', 'F547L', 'R439W'}	11	0	0	11	11	1.0	1.0	1.0	1.0
18674750	set()	{'rs2548861'}	0	1	0	0	1	0.0	0.0	0.0	0.0
19084217	{'C282Y'}	{'rs2280673', 'rs1799852', 'rs3811647', 'C282Y', 'rs1830084'}	1	4	0	1	5	0.2	1.0	0.33333333333333337	0.2
19118813	set()	{'rs10883866', 'rs10748842', '10q22', 'chromosome10q22', 'rs6584400'}	0	5	0	0	5	0.0	0.0	0.0	0.0
19191333	{'Asn2342Ser', 'Glu2371Gly', 'Cys4664Arg', 'Arg530His', 'Arg2163Pro', 'Arg2454His'}	{'Asn2342Ser', 'Glu2371Gly', 'Cys4664Arg', 'Arg530His', 'Arg2163Pro', 'Arg2454His'}	6	0	0	6	6	1.0	1.0	1.0	1.0
19230858	set()	{'chromosome7q22.1'}	0	1	0	0	1	0.0	0.0	0.0	0.0
19370757	set()	{'8q24.3'}	0	1	0	0	1	0.0	0.0	0.0	0.0
19462467	{'5206C>T', 'R538H', '1613G>A', 'H1736Y'}	{'5206C>T', 'R538H', '1613G>A', 'H1736Y'}	4	0	0	4	4	1.0	1.0	1.0	1.0
19559399	{'R316Q'}	{'R316Q'}	1	0	0	1	1	1.0	1.0	1.0	1.0
19576565	{'L85S'}	{'L85S'}	1	0	0	1	1	1.0	1.0	1.0	1.0
19664745	{'Leu16del', 'Leu16Arg'}	{'Leu16del', 'Leu16Arg'}	2	0	0	2	2	1.0	1.0	1.0	1.0
19716112	set()	{'Xq26.3'}	0	1	0	0	1	0.0	0.0	0.0	0.0
19718767	{'G56R'}	{'G56R'}	1	0	0	1	1	1.0	1.0	1.0	1.0
19732864	set()	{'rs12936231', 'chromosome17q12'}	0	2	0	0	2	0.0	0.0	0.0	0.0
19842213	set()	{'chromosome8q22.1'}	0	1	0	0	1	0.0	0.0	0.0	0.0
19847796	{'rs11614913', 'rs3746444', 'rs2910164'}	{'rs11614913', 'rs3746444', 'rs2910164'}	3	0	0	3	3	1.0	1.0	1.0	1.0
19853236	set()	{'rs7023923', 'chromosome6p21', 'chromosome6q24', 'rs12661667', 'chromosome9q31', 'rs592423'}	0	6	0	0	6	0.0	0.0	0.0	0.0
20052763	{'Ala198Thr', '2993G>A', '397C>T', '3502C>T', 'Gly268Arg', 'His133Tyr', '7872G>A', 'Gly1982Arg', '5944G>A', 'Arg1168Pro', 'Arg998Lys', '802G>A', 'Val218Glu', 'Glu2624Glu', '653T>A', 'Arg1168Trp', '3503G>C', '592G>A'}	{'Ala198Thr', '2993G>A', '397C>T', '3502C>T', 'Gly268Arg', 'His133Tyr', '7872G>A', 'Gly1982Arg', '5944G>A', 'Arg1168Pro', 'Arg998Lys', '802G>A', 'Val218Glu', 'Glu2624Glu', '653T>A', 'Arg1168Trp', '3503G>C', '592G>A'}	18	0	0	18	18	1.0	1.0	1.0	1.0
20127982	{'366A>G'}	{'366A>G'}	1	0	0	1	1	1.0	1.0	1.0	1.0
20206336	set()	{'1q23.2', '17q23'}	0	2	0	0	2	0.0	0.0	0.0	0.0
20226436	set()	{'chromosome6p24.1'}	0	1	0	0	1	0.0	0.0	0.0	0.0
20333758	{'I1148T', 'V1239G', 'I1102T', 'D1267V', 'T991M', 'G1101R', 'G1287S', 'R1228T', 'G1000R', 'L1043P', 'E1173G', 'G1176E'}	{'I1148T', 'V1239G', 'I1102T', 'D1267V', 'T991M', 'G1101R', 'G1287S', 'R1228T', 'G1000R', 'L1043P', 'E1173G', 'G1176E'}	12	0	0	12	12	1.0	1.0	1.0	1.0
20506298	{'E376K', 'L363P', 'P372S', 'S341P', 'G367V'}	{'E376K', 'L363P', 'P372S', 'S341P', 'G367V'}	5	0	0	5	5	1.0	1.0	1.0	1.0
20506408	{'13154T4C', '108C4A', '13181T4C'}	{'13154T4C', '108C4A', '13181T4C'}	3	0	0	3	3	1.0	1.0	1.0	1.0
20579627	{'W161R', 'P23H', '529T>C', 'W177R'}	{'529T>C', 'W177R', 'W177', 'W161R', 'Xq26.1', 'P23H', 'Xq28'}	4	2	0	4	7	0.6666666666666666	1.0	0.8	0.6666666666666666
20598277	{'5217G>A', 'Val1724Thr1739del'}	{'5217G>A', 'Val1724Thr1739del'}	2	0	0	2	2	1.0	1.0	1.0	1.0
20691405	set()	{'1q23'}	0	1	0	0	1	0.0	0.0	0.0	0.0
20826270	set()	{'chromosome1q32'}	0	1	0	0	1	0.0	0.0	0.0	0.0
20887961	{'773G>A', 'C258Y', 'V443DfsX83', '13281329delTG'}	{'773G>A', 'chromosome22q11', '13281329delTG', 'V443DfsX83', 'C258Y'}	4	1	0	4	5	0.8	1.0	0.888888888888889	0.8
20970104	{'R279C', '391C>G', '835C>T', 'Q131E'}	{'R279C', '391C>G', '835C>T', 'Q131E'}	4	0	0	4	4	1.0	1.0	1.0	1.0
21194677	set()	{'rs2732552', '11p13', 'rs387619'}	0	3	0	0	3	0.0	0.0	0.0	0.0
21353196	set()	{'chromosome17p13.3'}	0	1	0	0	1	0.0	0.0	0.0	0.0
21376300	{'16791681dup', 'Ser560dup'}	{'16791681dup', 'Ser560dup'}	2	0	0	2	2	1.0	1.0	1.0	1.0
21394830	{'3198314G>A'}	{'3198314G>A'}	1	0	0	1	1	1.0	1.0	1.0	1.0
21397065	{'1066dupC', '526C>G', 'Arg176Gly', '926G>C', 'Trp309Ser'}	{'1066dupC', '526C>G', 'chromosome2q37.1', 'Arg176Gly', '926G>C', 'Trp309Ser'}	5	1	0	5	6	0.8333333333333334	1.0	0.9090909090909091	0.8333333333333334
21473986	set()	{'2p24'}	0	1	0	0	1	0.0	0.0	0.0	0.0
21529752	{'83+1G>T', 'Pro229TrpfsX85', 'Ala29GlnfsX114', '684685del'}	{'83+1G>T', 'Pro229TrpfsX85', 'Ala29GlnfsX114', '684685del'}	4	0	0	4	4	1.0	1.0	1.0	1.0
21549336	set()	{'Xp22'}	0	1	0	0	1	0.0	0.0	0.0	0.0
21549338	{'Arg729Trp', '2185C>T'}	{'Arg729Trp', 'chromosome20q13.33', '2185C>T'}	2	1	0	2	3	0.6666666666666666	1.0	0.8	0.6666666666666666
21565291	set()	{'rs1464311'}	0	1	0	0	1	0.0	0.0	0.0	0.0
21636067	set()	{'5q35.3', 'Xq27.1', 'chromosomeXq24', '4q31.2'}	0	4	0	0	4	0.0	0.0	0.0	0.0
21665001	set()	{'chromosome3p21.3'}	0	1	0	0	1	0.0	0.0	0.0	0.0
21782149	{'Ser769GlnfsX8', '2305delT', '75701G>C', 'Glu2524Lys2525del'}	{'Ser769GlnfsX8', '2305delT', '75701G>C', 'Glu2524Lys2525del'}	4	0	0	4	4	1.0	1.0	1.0	1.0
21786366	{'P317R'}	{'P317R'}	1	0	0	1	1	1.0	1.0	1.0	1.0
21835305	set()	{'chromosome18'}	0	1	0	0	1	0.0	0.0	0.0	0.0
21898660	{'Arg218Trp', 'Leu462Pro'}	{'Arg218Trp', 'Leu462Pro'}	2	0	0	2	2	1.0	1.0	1.0	1.0
22052681	{'385G<T', 'Gly129Cys', 'glycinecysteineatcodon129'}	{'385G<T', 'Gly129Cys', 'glycinecysteineatcodon129'}	3	0	0	3	3	1.0	1.0	1.0	1.0
22226083	{'3611G>C'}	{'3611G>C', '12q13.12'}	1	1	0	1	2	0.5	1.0	0.6666666666666666	0.5
22265016	{'Ile186Thr', '557T>C', '566C>T', 'Pro189Leu'}	{'17q25', 'Pro189Leu', 'Ile186Thr', '566C>T', '557T>C'}	4	1	0	4	5	0.8	1.0	0.888888888888889	0.8
22275001	{'C484F', 'P415L', 'A325T'}	{'C484F', 'P415L', 'A325T'}	3	0	0	3	3	1.0	1.0	1.0	1.0
22331697	set()	{'11q22.3', '7p21', '8p22'}	0	3	0	0	3	0.0	0.0	0.0	0.0
22365152	{'Asn1768Asp', '5302A>G'}	{'Asn1768Asp', '5302A>G'}	2	0	0	2	2	1.0	1.0	1.0	1.0
22405088	{'Gly573Ser', 'Gly573Cys', 'Trp692Gly'}	{'Gly573Ser', 'Gly573Cys', 'Trp692Gly'}	3	0	0	3	3	1.0	1.0	1.0	1.0
22503632	set()	{'chromosome19'}	0	1	0	0	1	0.0	0.0	0.0	0.0
22521416	set()	{'chromosome4', '4q12'}	0	2	0	0	2	0.0	0.0	0.0	0.0
22703880	{'125C>T', 'Thr42Met'}	{'125C>T', 'Thr42Met'}	2	0	0	2	2	1.0	1.0	1.0	1.0
22770981	{'Arg207Cys'}	{'Arg207Cys', 'cysteineforanarginineataminoacidresidue207'}	1	1	0	1	2	0.5	1.0	0.6666666666666666	0.5
23084292	set()	{'rs2246618', 'rs8192591'}	0	2	0	0	2	0.0	0.0	0.0	0.0
23122587	{'6347C>T', 'Ala1838ProfsX31', 'Pro2116Leu', 'Arg2187X', '5508delC', '6559C>T'}	{'6347C>T', 'chromosome11', 'Ala1838ProfsX31', 'Pro2116Leu', 'Arg2187X', '5508delC', '6559C>T'}	6	1	0	6	7	0.8571428571428571	1.0	0.923076923076923	0.8571428571428571
7485151	set()	{'chromosome17q24', 'chromosome17'}	0	2	0	0	2	0.0	0.0	0.0	0.0
7509237	{'4114ATA>TT'}	set()	0	0	1	1	0	0.0	0.0	0.0	0.0
7537150	{'441delA', '681delC', 'R31L', 'W1098R', 'E1104X', '3499+45T>C', 'W1089R', '1461ins4'}	{'441delA', '681delC', 'R31L', 'W1098R', 'E1104X', '3499+45T>C', 'W1089R', '1461ins4'}	8	0	0	8	8	1.0	1.0	1.0	1.0
7550232	{'P496L', 'X654G', 'R492P', 'L490P'}	{'P496L', 'X654G', 'R492P', 'L490P'}	4	0	0	4	4	1.0	1.0	1.0	1.0
7581409	{'Q473X', 'N487S'}	{'Q473X', 'N487S'}	2	0	0	2	2	1.0	1.0	1.0	1.0
7599639	{'cys152>arg'}	set()	0	0	1	1	0	0.0	0.0	0.0	0.0
7599640	set()	{'T146T'}	0	1	0	0	1	0.0	0.0	0.0	0.0
7611293	{'T833C', 'I278T', 'G139R', 'E144K', 'threonineforisoleucineatcodon278'}	{'T833C', 'I278T', 'G139R', 'E144K', 'threonineforisoleucineatcodon278'}	5	0	0	5	5	1.0	1.0	1.0	1.0
7668286	{'341CT'}	{'341CT'}	1	0	0	1	1	1.0	1.0	1.0	1.0
7762555	{'GAtransitionatbase374inexon3', 'E131D', 'I278T', 'threoninemethioninesubstitutionataminoacid257', 'R125Q', 'CTtransitionatbase770inexon7', 'P145L', 'G307S', 'arginineglutamicacidsubstitutionatposition125', 'T257M', 'A12242C', 'prolineserinesubstitutionatposition88', 'P88S', 'A114V'}	{'E131D', 'I278T', 'threoninemethioninesubstitutionataminoacid257', 'R125Q', 'P145L', 'G307S', 'arginineglutamicacidsubstitutionatposition125', 'T257M', 'GAtransitionatbase374', 'prolineserinesubstitutionatposition88', 'CTtransitionatbase770', 'P88S', 'A114V'}	13	0	1	14	13	1.0	0.9285714285714286	0.962962962962963	0.9285714285714286
7847381	set()	{'chromosome8'}	0	1	0	0	1	0.0	0.0	0.0	0.0
7866409	{'M519V'}	{'M519V'}	1	0	0	1	1	1.0	1.0	1.0	1.0
7902670	set()	{'11q13'}	0	1	0	0	1	0.0	0.0	0.0	0.0
7977348	set()	{'17q1221'}	0	1	0	0	1	0.0	0.0	0.0	0.0
7977356	set()	{'9p21'}	0	1	0	0	1	0.0	0.0	0.0	0.0
7977360	set()	{'chromosome13', 'chromosome21'}	0	2	0	0	2	0.0	0.0	0.0	0.0
7977368	{'A118T', 'R363L', 'R304W', 'R272C', 'A192V', 'G280R'}	{'A118T', 'R363L', 'R304W', 'R272C', 'A192V', 'G280R'}	6	0	0	6	6	1.0	1.0	1.0	1.0
7977378	set()	{'chromosome11'}	0	1	0	0	1	0.0	0.0	0.0	0.0
7981715	{'Pro167>Arg', 'Gly122>Ser', 'Gly154>Asp'}	{'Pro167>Arg', 'Gly122>Ser', 'Gly154>Asp'}	3	0	0	3	3	1.0	1.0	1.0	1.0
8019556	set()	{'chromosome2q35'}	0	1	0	0	1	0.0	0.0	0.0	0.0
8023855	set()	{'Xq13.2'}	0	1	0	0	1	0.0	0.0	0.0	0.0
8037214	set()	{'5q31.332'}	0	1	0	0	1	0.0	0.0	0.0	0.0
8102508	set()	{'chromosome20', 'chromosome8q'}	0	2	0	0	2	0.0	0.0	0.0	0.0
8105686	{'codon228inexon6,becauseofaCGA>TGA'}	set()	0	0	1	1	0	0.0	0.0	0.0	0.0
8116617	set()	{'5p15.115.3', '5q11.213.3', '5q33.3', 'chromosome5'}	0	4	0	0	4	0.0	0.0	0.0	0.0
8198127	set()	{'chromosome6'}	0	1	0	0	1	0.0	0.0	0.0	0.0
8199594	set()	{'Xp21'}	0	1	0	0	1	0.0	0.0	0.0	0.0
8279475	set()	{'chromosome11q13'}	0	1	0	0	1	0.0	0.0	0.0	0.0
8304341	set()	{'6p21.3'}	0	1	0	0	1	0.0	0.0	0.0	0.0
8328452	{'Gln310>Ter', 'Gly409>Arg', 'Tyr64>Ter', 'Thr366>Pro'}	{'Gln310>Ter', 'Gly409>Arg', 'Tyr64>Ter', 'Thr366>Pro'}	4	0	0	4	4	1.0	1.0	1.0	1.0
8328462	{'Gly>Ser269'}	{'Gly>Ser269'}	1	0	0	1	1	1.0	1.0	1.0	1.0
8352275	{'D6S105', 'F13A', 'D6S89', 'C4B', 'D6S10', 'D6S109', 'DQA1/A2'}	set()	0	0	7	7	0	0.0	0.0	0.0	0.0
8364588	{'alpha1Ser415', 'Gly415withserine'}	{'Gly415withserine'}	1	0	1	2	1	1.0	0.5	0.6666666666666666	0.5
8387722	{'ACbasesubstitutionatnucleotideposition61', 'TAandAG,atpositions104and55G,respectively', '104A55G'}	set()	0	0	3	3	0	0.0	0.0	0.0	0.0
8401541	{'Q254X', 'delnt105054'}	{'Q254X'}	1	0	1	2	1	1.0	0.5	0.6666666666666666	0.5
8430703	set()	{'Xq27'}	0	1	0	0	1	0.0	0.0	0.0	0.0
8460646	set()	{'chromosome17q21'}	0	1	0	0	1	0.0	0.0	0.0	0.0
8477263	{'87CA'}	set()	0	0	1	1	0	0.0	0.0	0.0	0.0
8533759	{'R408W', 'F39L', 'I65T'}	{'R408W', 'F39L', 'I65T'}	3	0	0	3	3	1.0	1.0	1.0	1.0
8571955	{'1520C/T'}	{'1520C/T'}	1	0	0	1	1	1.0	1.0	1.0	1.0
8644710	set()	{'13q21.1'}	0	1	0	0	1	0.0	0.0	0.0	0.0
8651277	{'G8363A'}	{'G8363A'}	1	0	0	1	1	1.0	1.0	1.0	1.0
8651280	set()	{'chromosome4'}	0	1	0	0	1	0.0	0.0	0.0	0.0
8651297	{'D440V'}	{'Xp21', 'D440V'}	1	1	0	1	2	0.5	1.0	0.6666666666666666	0.5
8723680	{'D335V', 'Asp335Val', 'Met274substitutedarylsulfatase', 'T274M'}	{'Met274', 'D335V', 'Asp335Val', 'T274M'}	4	0	0	4	4	1.0	1.0	1.0	1.0
8755927	set()	{'16p13', 'chromosome16p13', '9q34'}	0	3	0	0	3	0.0	0.0	0.0	0.0
8829650	{'GTtransversionofthelastnucleotideofexon4,', 'V82F', 'C73R', 'L4F'}	{'V82F', 'C73R'}	2	0	2	4	2	1.0	0.5	0.6666666666666666	0.5
8829663	{'Y313H', '1098insA', 'R359Q'}	{'Y313H', '1098insA', 'R359Q'}	3	0	0	3	3	1.0	1.0	1.0	1.0
8940267	set()	{'Xq22'}	0	1	0	0	1	0.0	0.0	0.0	0.0
8956037	{'frameshiftafteraminoacid525glycineandleadsaprematureterminationcodonataminoacidposition538'}	{'terminationcodonataminoacidposition538'}	1	0	0	1	1	1.0	1.0	1.0	1.0
8956047	{'Tyr22X'}	{'Tyr22X'}	1	0	0	1	1	1.0	1.0	1.0	1.0
8956055	{'R552O'}	set()	0	0	1	1	0	0.0	0.0	0.0	0.0
8981950	set()	{'chromosome8q24.1', '8q24.1', '11p13', '19q', 'chromosome10', 'chromosome3q'}	0	6	0	0	6	0.0	0.0	0.0	0.0
9012405	{'T119P'}	{'T119P'}	1	0	0	1	1	1.0	1.0	1.0	1.0
9090528	{'deletionofthefirstsevenbasesinexon16', 'G324S', 'delta7b/Ex16', 'IVS151', 'R304W', 'IVS13+5', 'IVS62', '13bp/Ex15&IVS15', 'delta11bp/IVS15', 'R272C', 'ins37b/Ex15&16', 'R279Q', 'G280R'}	{'G324S', 'R304W', 'R272C', 'R279Q', 'G280R'}	5	0	8	13	5	1.0	0.38461538461538464	0.5555555555555556	0.38461538461538464
9143924	{'missenseAsn543', '2393del9', 'N543H'}	{'2393del9', 'Asn543', 'N543H'}	3	0	0	3	3	1.0	1.0	1.0	1.0
9150164	set()	{'chromosome11q22', 'chromosome11q', 'chromosome11'}	0	3	0	0	3	0.0	0.0	0.0	0.0
9199562	set()	{'5q12'}	0	1	0	0	1	0.0	0.0	0.0	0.0
9222768	{'A141D'}	{'A141D'}	1	0	0	1	1	1.0	1.0	1.0	1.0
9245996	set()	{'2p1216', '17q1112', '4q12', '17q12', '15q15.1', '13q12', '5q3334'}	0	7	0	0	7	0.0	0.0	0.0	0.0
9259194	{'2789+5G>A', '3849+10kbC>T', 'R553X', 'deltaF508', 'S945L', 'R347P', 'R75Q', 'D1152H', 'G85E', 'R117H', 'R334W', '3845+10kbC>T'}	{'2789+5G>A', '3849+10kbC>T', 'R553X', 'S945L', 'R347P', 'R75Q', 'D1152H', 'G85E', 'R117H', 'R334W', '3845+10kbC>T'}	11	0	1	12	11	1.0	0.9166666666666666	0.9565217391304348	0.9166666666666666
9259197	{'N1303K', '3905insT', 'R1066C', '621+1G>T', 'G551D', '451+1GA', 'deltaF308', '3659delC', 'R1162X', 'R347H', '394delTT', '1078delT', '17171G>A', 'R560T', 'S549R', 'G542X', '711+1G>T', 'R553X', 'W1282X', '1609delCA', 'deltaI507', 'T338I', 'R347P', '1898+1G>A', 'A455E', '1677delTA', 'G85E', '2789+5G>A', '3849+10kbC>T', 'deltaF508', '1811+1.6kbA>G', '2183AA>G', 'R117H', 'R334W'}	{'N1303K', '3905insT', 'R1066C', '621+1G>T', 'G551D', '451+1GA', '3659delC', 'R1162X', 'R347H', '394delTT', '1078delT', '17171G>A', 'R560T', 'S549R', 'G542X', '711+1G>T', 'R553X', 'W1282X', '1609delCA', 'T338I', 'R347P', '1898+1G>A', 'A455E', '1677delTA', 'G85E', '2789+5G>A', '3849+10kbC>T', 'deltaF508', 'R117H', 'R334W'}	30	0	4	34	30	1.0	0.8823529411764706	0.9375	0.8823529411764706
9326322	set()	{'Xp21.1'}	0	1	0	0	1	0.0	0.0	0.0	0.0
9326327	set()	{'chromosome22', '22q11'}	0	2	0	0	2	0.0	0.0	0.0	0.0
9326328	set()	{'chromosome18q21', 'chromosome2q24'}	0	2	0	0	2	0.0	0.0	0.0	0.0
9382097	{'glycineargininesubstitutionatposition197'}	{'glycineargininesubstitutionatposition197', 'Xq28'}	1	1	0	1	2	0.5	1.0	0.6666666666666666	0.5
9382104	set()	{'chromosome6p'}	0	1	0	0	1	0.0	0.0	0.0	0.0
9399882	set()	{'chromosome15'}	0	1	0	0	1	0.0	0.0	0.0	0.0
9401007	set()	{'17p11.2'}	0	1	0	0	1	0.0	0.0	0.0	0.0
9452048	{'31211G>A', 'deltaD192', 'R117P'}	{'31211G>A', 'deltaD192', 'R117P'}	3	0	0	3	3	1.0	1.0	1.0	1.0
9452104	{'G2088S', 'I2185T', 'E1875G', '1780delTC'}	{'G2088S', 'I2185T', 'E1875G', '1780delTC'}	4	0	0	4	4	1.0	1.0	1.0	1.0
9497249	set()	{'chromosome2q31', 'chromosome2q'}	0	2	0	0	2	0.0	0.0	0.0	0.0
9497255	set()	{'1p31', '20q11.2', '11q21', '11q23', '18q21'}	0	5	0	0	5	0.0	0.0	0.0	0.0
9545410	set()	{'chromosome18q21.1'}	0	1	0	0	1	0.0	0.0	0.0	0.0
9633815	{'F405H', 'IVS81gc', 'P261L', 'IVS12+5ga', 'IVS2+1gt', 'G158D', 'DEL366S', 'IVS61gc', 'IVS61gt'}	{'F405H', 'IVS81gc', 'P261L', 'IVS12+5ga', 'IVS2+1gt', 'G158D', 'IVS61gc', 'IVS61gt', 'L366S'}	9	0	0	9	9	1.0	1.0	1.0	1.0
9634522	{'8765delAG'}	{'8765delAG'}	1	0	0	1	1	1.0	1.0	1.0	1.0
9683585	set()	{'chromosome11q13'}	0	1	0	0	1	0.0	0.0	0.0	0.0
9683604	set()	{'1p34', 'chromosomeband2p21', '1q42', '1p36', '2p13', '5q31', '9q3234', '14q32', '2p21', '19q13.1', 'chromosome2', '5q3334'}	0	12	0	0	12	0.0	0.0	0.0	0.0
9718346	set()	{'chromosome9', 'chromosome17', '9p24'}	0	3	0	0	3	0.0	0.0	0.0	0.0
9792408	"{'IVS2+1G>A', ""deltaTGwasfoundinthe3'untranslatedregion3'UTRofthegene,7bpupstreamfromthepolyadenylationsignal""}"	{'IVS2+1G>A'}	1	0	1	2	1	1.0	0.5	0.6666666666666666	0.5
9829906	set()	{'17p11.2'}	0	1	0	0	1	0.0	0.0	0.0	0.0
9837820	{'L28P', 'Y90C', 'R15L', 'R257*', '964del13'}	{'L28P', 'Y90C', 'R15L', 'chromosome21q22.3', '964del13'}	4	1	1	5	5	0.8	0.8	0.8000000000000002	0.6666666666666666
9837829	set()	{'Xp11.2'}	0	1	0	0	1	0.0	0.0	0.0	0.0
9915955	set()	{'9q21.322', 'chromosome9q21.3'}	0	2	0	0	2	0.0	0.0	0.0	0.0
9915968	{'Glu318Gly'}	{'Glu318Gly'}	1	0	0	1	1	1.0	1.0	1.0	1.0
9973288	set()	{'chromosome1q', 'chromosome1q25'}	0	2	0	0	2	0.0	0.0	0.0	0.0
