PMCID	section	gene	DNA mutation	protein mutation	disease	phenotype	LLM reasoning	pathogenicity	dna_pos	dna_from	dna_to	RSID	aa_pos	aa_from	aa_to	dna_change	aa_change	genomic_coord_result	parsed_variants	MONDO name	disease pbmbert sim	disease string sim	disease combine sim	MONDO ID	HPO term	phenotype pbmbert sim	phenotype string sim	phenotype combine sim	HPO ID
PMC5628943	Results	IRF6	Δ8bp	-	embryonic lethality	periderm rupture, separation of the animal pole structures from the underlying yolk	failed to appropriately initiate epiboly	pathogenic											[]	obsolete preimplantation embryonic lethality	0.7134138345718384	0.6031746031746031	0.6858540267225296	MONDO:0000218	Formation of multiple pronuclei during fertilization	0.3738923668861389	0.4	0.38041927516460416	HP:4000008
PMC5628943	Results	IRF6	5 bp insertion in exon 6	-	embryonic lethality	periderm rupture, separation of the animal pole structures from the underlying yolk	produced the same set of phenotypes as the Δ8bp deletion line	pathogenic											[]	obsolete preimplantation embryonic lethality	0.7134138345718384	0.6031746031746031	0.6858540267225296	MONDO:0000218	Formation of multiple pronuclei during fertilization	0.3738923668861389	0.4	0.38041927516460416	HP:4000008
PMC5628943	Results	IRF6	irf6 Δ8bp	p.Trp264*	-	undetectable irf6 transcripts, undetectable Irf6 protein	irf6 transcript destabilization and degradation in the oocyte cytoplasm	pathogenic					264	Trp	Ter		Trp264Ter		[]	iniencephaly	0.6029075384140015	0.0	0.4521806538105011	MONDO:0018968	obsolete Abnormal circulating interferon concentration	0.4220300614833832	0.2545454545454545	0.380158909748901	HP:0030354
PMC5628943	Results	IRF6	-	p.F252L	cleft lip/palate (CL/P)	periderm rupture phenotype	unable to rescue the maternal-null irf6 -/- rupture phenotype	likely pathogenic					252	Phe	Leu		Phe252Leu	[{'transcript_id': 'ENST00000367021', 'chromosome': '1', 'strand': '-', 'genomic_coords': [209790801, 209790800, 209790799], 'ref_aa': 'F', 'codon_cDNA': 'TTC', 'gnomic_codon': 'GAA'}]	[{'chr': '1', 'pos': 209790799, 'ref': 'GAA', 'alt': 'TAA', 'MANE_transcript_used': 'True'}, {'chr': '1', 'pos': 209790799, 'ref': 'GAA', 'alt': 'CAA', 'MANE_transcript_used': 'True'}, {'chr': '1', 'pos': 209790799, 'ref': 'GAA', 'alt': 'AAG', 'MANE_transcript_used': 'True'}, {'chr': '1', 'pos': 209790799, 'ref': 'GAA', 'alt': 'GAG', 'MANE_transcript_used': 'True'}, {'chr': '1', 'pos': 209790799, 'ref': 'GAA', 'alt': 'TAG', 'MANE_transcript_used': 'True'}, {'chr': '1', 'pos': 209790799, 'ref': 'GAA', 'alt': 'CAG', 'MANE_transcript_used': 'True'}]	cleft lip/palate	0.865410566329956	0.8205128205128205	0.8541861298756721	MONDO:0016044	Abnormal periungual morphology	0.5493549108505249	0.32142857142857145	0.4923733259950365	HP:0100803
PMC5628943	Results	IRF6	-	p.V274I	cleft lip/palate (CL/P)	periderm rupture phenotype	able to rescue the rupture phenotype	benign					274	Val	Ile		Val274Ile	[{'transcript_id': 'ENST00000367021', 'chromosome': '1', 'strand': '-', 'genomic_coords': [209790735, 209790734, 209790733], 'ref_aa': 'V', 'codon_cDNA': 'GTC', 'gnomic_codon': 'GAC'}]	[{'chr': '1', 'pos': 209790733, 'ref': 'GAC', 'alt': 'AAT', 'MANE_transcript_used': 'True'}, {'chr': '1', 'pos': 209790733, 'ref': 'GAC', 'alt': 'GAT', 'MANE_transcript_used': 'True'}, {'chr': '1', 'pos': 209790733, 'ref': 'GAC', 'alt': 'TAT', 'MANE_transcript_used': 'True'}]	cleft lip/palate	0.865410566329956	0.8205128205128205	0.8541861298756721	MONDO:0016044	Abnormal periungual morphology	0.5493549108505249	0.32142857142857145	0.4923733259950365	HP:0100803
PMC5628943	Results	IRF6	-	V247M	-	periderm rupture	failure to rescue periderm rupture phenotype	pathogenic					247	Val	Met		Val247Met		[]	iniencephaly	0.6029075384140015	0.0	0.4521806538105011	MONDO:0018968	Splenic rupture	0.5309572219848633	0.7096774193548387	0.5756372713273572	HP:0012223
PMC5628943	Results	IRF6	-	p.R45Q	orofacial cleft	-	rescued the periderm rupture phenotype of maternal-null irf6 -/- embryos, but with limited evidence	unknown					45	Arg	Gln		Arg45Gln	[{'transcript_id': 'ENST00000367021', 'chromosome': '1', 'strand': '-', 'genomic_coords': [209801281, 209801280, 209801279], 'ref_aa': 'R', 'codon_cDNA': 'CGG', 'gnomic_codon': 'CCG'}]	[{'chr': '1', 'pos': 209801279, 'ref': 'CCG', 'alt': 'TTG', 'MANE_transcript_used': 'True'}, {'chr': '1', 'pos': 209801279, 'ref': 'CCG', 'alt': 'CTG', 'MANE_transcript_used': 'True'}]	orofacial cleft	1.0000001192092896	1.0	1.0000000894069672	MONDO:0000358	All	0.6562742590904236	0.0	0.4922056943178177	HP:0000001
PMC5628943	Results	IRF6	-	p.R45W	orofacial cleft	-	rescued the periderm rupture phenotype of maternal-null irf6 -/- embryos, but with limited evidence	unknown					45	Arg	Trp		Arg45Trp	[{'transcript_id': 'ENST00000367021', 'chromosome': '1', 'strand': '-', 'genomic_coords': [209801281, 209801280, 209801279], 'ref_aa': 'R', 'codon_cDNA': 'CGG', 'gnomic_codon': 'CCG'}]	[{'chr': '1', 'pos': 209801279, 'ref': 'CCG', 'alt': 'CCA', 'MANE_transcript_used': 'True'}]	orofacial cleft	1.0000001192092896	1.0	1.0000000894069672	MONDO:0000358	All	0.6562742590904236	0.0	0.4922056943178177	HP:0000001
PMC5628943	Results	IRF6	-	p.G70R	orofacial cleft	-	rescued the periderm rupture phenotype of maternal-null irf6 -/- embryos, but with limited evidence	unknown					70	Gly	Arg		Gly70Arg	[{'transcript_id': 'ENST00000367021', 'chromosome': '1', 'strand': '-', 'genomic_coords': [209796519, 209796518, 209796517], 'ref_aa': 'G', 'codon_cDNA': 'GGG', 'gnomic_codon': 'CCC'}]	[{'chr': '1', 'pos': 209796517, 'ref': 'CCC', 'alt': 'ACG', 'MANE_transcript_used': 'True'}, {'chr': '1', 'pos': 209796517, 'ref': 'CCC', 'alt': 'GCG', 'MANE_transcript_used': 'True'}, {'chr': '1', 'pos': 209796517, 'ref': 'CCC', 'alt': 'TCG', 'MANE_transcript_used': 'True'}, {'chr': '1', 'pos': 209796517, 'ref': 'CCC', 'alt': 'CCG', 'MANE_transcript_used': 'True'}, {'chr': '1', 'pos': 209796517, 'ref': 'CCC', 'alt': 'TCT', 'MANE_transcript_used': 'True'}, {'chr': '1', 'pos': 209796517, 'ref': 'CCC', 'alt': 'CCT', 'MANE_transcript_used': 'True'}]	orofacial cleft	1.0000001192092896	1.0	1.0000000894069672	MONDO:0000358	All	0.6562742590904236	0.0	0.4922056943178177	HP:0000001
PMC5628943	Results	IRF6	-	p.V274I	orofacial cleft	-	high allele frequency in ExAC, considered benign by ACMG standards	benign					274	Val	Ile		Val274Ile	[{'transcript_id': 'ENST00000367021', 'chromosome': '1', 'strand': '-', 'genomic_coords': [209790735, 209790734, 209790733], 'ref_aa': 'V', 'codon_cDNA': 'GTC', 'gnomic_codon': 'GAC'}]	[{'chr': '1', 'pos': 209790733, 'ref': 'GAC', 'alt': 'AAT', 'MANE_transcript_used': 'True'}, {'chr': '1', 'pos': 209790733, 'ref': 'GAC', 'alt': 'GAT', 'MANE_transcript_used': 'True'}, {'chr': '1', 'pos': 209790733, 'ref': 'GAC', 'alt': 'TAT', 'MANE_transcript_used': 'True'}]	orofacial cleft	1.0000001192092896	1.0	1.0000000894069672	MONDO:0000358	All	0.6562742590904236	0.0	0.4922056943178177	HP:0000001
PMC5628943	Results	IRF6	-	p.D354N	orofacial cleft	-	non-conserved in zebrafish irf6, found in ExAC/gnomAD database	likely benign					354	Asp	Asn		Asp354Asn	[{'transcript_id': 'ENST00000367021', 'chromosome': '1', 'strand': '-', 'genomic_coords': [209790495, 209789785, 209789784], 'ref_aa': 'D', 'codon_cDNA': 'GAT', 'gnomic_codon': 'ATC'}]	[{'chr': '1', 'pos': 209789784, 'ref': 'ATC', 'alt': 'ATT', 'MANE_transcript_used': 'True'}, {'chr': '1', 'pos': 209789784, 'ref': 'ATC', 'alt': 'GTT', 'MANE_transcript_used': 'True'}]	orofacial cleft	1.0000001192092896	1.0	1.0000000894069672	MONDO:0000358	All	0.6562742590904236	0.0	0.4922056943178177	HP:0000001
PMC5628943	Results	IRF6	-	p.F369S	orofacial cleft	-	non-conserved in zebrafish irf6	likely benign					369	Phe	Ser		Phe369Ser	[{'transcript_id': 'ENST00000367021', 'chromosome': '1', 'strand': '-', 'genomic_coords': [209789741, 209789740, 209789739], 'ref_aa': 'F', 'codon_cDNA': 'TTT', 'gnomic_codon': 'AAA'}]	[{'chr': '1', 'pos': 209789739, 'ref': 'AAA', 'alt': 'AGA', 'MANE_transcript_used': 'True'}, {'chr': '1', 'pos': 209789739, 'ref': 'AAA', 'alt': 'GGA', 'MANE_transcript_used': 'True'}, {'chr': '1', 'pos': 209789739, 'ref': 'AAA', 'alt': 'TGA', 'MANE_transcript_used': 'True'}, {'chr': '1', 'pos': 209789739, 'ref': 'AAA', 'alt': 'CGA', 'MANE_transcript_used': 'True'}, {'chr': '1', 'pos': 209789739, 'ref': 'AAA', 'alt': 'ACT', 'MANE_transcript_used': 'True'}, {'chr': '1', 'pos': 209789739, 'ref': 'AAA', 'alt': 'GCT', 'MANE_transcript_used': 'True'}]	orofacial cleft	1.0000001192092896	1.0	1.0000000894069672	MONDO:0000358	All	0.6562742590904236	0.0	0.4922056943178177	HP:0000001
PMC5628943	Results	IRF6	-	p.V274I	periderm rupture	-	could rescue the periderm rupture phenotype	benign					274	Val	Ile		Val274Ile	[{'transcript_id': 'ENST00000367021', 'chromosome': '1', 'strand': '-', 'genomic_coords': [209790735, 209790734, 209790733], 'ref_aa': 'V', 'codon_cDNA': 'GTC', 'gnomic_codon': 'GAC'}]	[{'chr': '1', 'pos': 209790733, 'ref': 'GAC', 'alt': 'AAT', 'MANE_transcript_used': 'True'}, {'chr': '1', 'pos': 209790733, 'ref': 'GAC', 'alt': 'GAT', 'MANE_transcript_used': 'True'}, {'chr': '1', 'pos': 209790733, 'ref': 'GAC', 'alt': 'TAT', 'MANE_transcript_used': 'True'}]	myocardial rupture	0.5719510316848755	0.5882352941176471	0.5760220972930684	MONDO:0020983	All	0.6562742590904236	0.0	0.4922056943178177	HP:0000001
PMC5628943	Results	IRF6	-	p.P12L	-	craniofacial abnormalities	rescued by human IRF6 missense gene variant mRNA microinjections	unknown					12	Pro	Leu		Pro12Leu	[{'transcript_id': 'ENST00000367021', 'chromosome': '1', 'strand': '-', 'genomic_coords': [209801380, 209801379, 209801378], 'ref_aa': 'P', 'codon_cDNA': 'CCC', 'gnomic_codon': 'GGG'}, {'transcript_id': 'ENST00000542854', 'chromosome': '1', 'strand': '-', 'genomic_coords': [209796408, 209796407, 209796406], 'ref_aa': 'P', 'codon_cDNA': 'CCA', 'gnomic_codon': 'TGG'}]	[{'chr': '1', 'pos': 209801378, 'ref': 'GGG', 'alt': 'TAA', 'MANE_transcript_used': 'True'}, {'chr': '1', 'pos': 209801378, 'ref': 'GGG', 'alt': 'CAA', 'MANE_transcript_used': 'True'}, {'chr': '1', 'pos': 209801378, 'ref': 'GGG', 'alt': 'AAG', 'MANE_transcript_used': 'True'}, {'chr': '1', 'pos': 209801378, 'ref': 'GGG', 'alt': 'GAG', 'MANE_transcript_used': 'True'}, {'chr': '1', 'pos': 209801378, 'ref': 'GGG', 'alt': 'TAG', 'MANE_transcript_used': 'True'}, {'chr': '1', 'pos': 209801378, 'ref': 'GGG', 'alt': 'CAG', 'MANE_transcript_used': 'True'}, {'chr': '1', 'pos': 209796406, 'ref': 'TGG', 'alt': 'TAA', 'MANE_transcript_used': 'False'}, {'chr': '1', 'pos': 209796406, 'ref': 'TGG', 'alt': 'CAA', 'MANE_transcript_used': 'False'}, {'chr': '1', 'pos': 209796406, 'ref': 'TGG', 'alt': 'AAG', 'MANE_transcript_used': 'False'}, {'chr': '1', 'pos': 209796406, 'ref': 'TGG', 'alt': 'GAG', 'MANE_transcript_used': 'False'}, {'chr': '1', 'pos': 209796406, 'ref': 'TGG', 'alt': 'TAG', 'MANE_transcript_used': 'False'}, {'chr': '1', 'pos': 209796406, 'ref': 'TGG', 'alt': 'CAG', 'MANE_transcript_used': 'False'}]	iniencephaly	0.6029075384140015	0.0	0.4521806538105011	MONDO:0018968	Craniofacial asymmetry	0.754043459892273	0.5833333333333334	0.7113659282525381	HP:0004484
PMC5628943	Results	IRF6	-	p.P76L	-	craniofacial abnormalities	rescued by human IRF6 missense gene variant mRNA microinjections	unknown					76	Pro	Leu		Pro76Leu	[{'transcript_id': 'ENST00000367021', 'chromosome': '1', 'strand': '-', 'genomic_coords': [209796501, 209796500, 209796499], 'ref_aa': 'P', 'codon_cDNA': 'CCA', 'gnomic_codon': 'TGG'}]	[{'chr': '1', 'pos': 209796499, 'ref': 'TGG', 'alt': 'TAA', 'MANE_transcript_used': 'True'}, {'chr': '1', 'pos': 209796499, 'ref': 'TGG', 'alt': 'CAA', 'MANE_transcript_used': 'True'}, {'chr': '1', 'pos': 209796499, 'ref': 'TGG', 'alt': 'AAG', 'MANE_transcript_used': 'True'}, {'chr': '1', 'pos': 209796499, 'ref': 'TGG', 'alt': 'GAG', 'MANE_transcript_used': 'True'}, {'chr': '1', 'pos': 209796499, 'ref': 'TGG', 'alt': 'TAG', 'MANE_transcript_used': 'True'}, {'chr': '1', 'pos': 209796499, 'ref': 'TGG', 'alt': 'CAG', 'MANE_transcript_used': 'True'}]	iniencephaly	0.6029075384140015	0.0	0.4521806538105011	MONDO:0018968	Craniofacial asymmetry	0.754043459892273	0.5833333333333334	0.7113659282525381	HP:0004484
PMC5628943	Results	IRF6	-	p.T100A	-	craniofacial abnormalities	rescued by human IRF6 missense gene variant mRNA microinjections	unknown					100	Thr	Ala		Thr100Ala	[{'transcript_id': 'ENST00000367021', 'chromosome': '1', 'strand': '-', 'genomic_coords': [209796429, 209796428, 209796427], 'ref_aa': 'T', 'codon_cDNA': 'ACC', 'gnomic_codon': 'GGT'}, {'transcript_id': 'ENST00000542854', 'chromosome': '1', 'strand': '-', 'genomic_coords': [209792353, 209792352, 209792351], 'ref_aa': 'T', 'codon_cDNA': 'ACT', 'gnomic_codon': 'AGT'}]	[{'chr': '1', 'pos': 209796427, 'ref': 'GGT', 'alt': 'AGC', 'MANE_transcript_used': 'True'}, {'chr': '1', 'pos': 209796427, 'ref': 'GGT', 'alt': 'GGC', 'MANE_transcript_used': 'True'}, {'chr': '1', 'pos': 209796427, 'ref': 'GGT', 'alt': 'TGC', 'MANE_transcript_used': 'True'}, {'chr': '1', 'pos': 209796427, 'ref': 'GGT', 'alt': 'CGC', 'MANE_transcript_used': 'True'}, {'chr': '1', 'pos': 209792351, 'ref': 'AGT', 'alt': 'AGC', 'MANE_transcript_used': 'False'}, {'chr': '1', 'pos': 209792351, 'ref': 'AGT', 'alt': 'GGC', 'MANE_transcript_used': 'False'}, {'chr': '1', 'pos': 209792351, 'ref': 'AGT', 'alt': 'TGC', 'MANE_transcript_used': 'False'}, {'chr': '1', 'pos': 209792351, 'ref': 'AGT', 'alt': 'CGC', 'MANE_transcript_used': 'False'}]	iniencephaly	0.6029075384140015	0.0	0.4521806538105011	MONDO:0018968	Craniofacial asymmetry	0.754043459892273	0.5833333333333334	0.7113659282525381	HP:0004484
PMC5628943	Results	IRF6	-	p.P222L	-	craniofacial abnormalities	rescued by human IRF6 missense gene variant mRNA microinjections	unknown					222	Pro	Leu		Pro222Leu	[{'transcript_id': 'ENST00000367021', 'chromosome': '1', 'strand': '-', 'genomic_coords': [209792272, 209792271, 209792270], 'ref_aa': 'P', 'codon_cDNA': 'CCA', 'gnomic_codon': 'TGG'}]	[{'chr': '1', 'pos': 209792270, 'ref': 'TGG', 'alt': 'TAA', 'MANE_transcript_used': 'True'}, {'chr': '1', 'pos': 209792270, 'ref': 'TGG', 'alt': 'CAA', 'MANE_transcript_used': 'True'}, {'chr': '1', 'pos': 209792270, 'ref': 'TGG', 'alt': 'AAG', 'MANE_transcript_used': 'True'}, {'chr': '1', 'pos': 209792270, 'ref': 'TGG', 'alt': 'GAG', 'MANE_transcript_used': 'True'}, {'chr': '1', 'pos': 209792270, 'ref': 'TGG', 'alt': 'TAG', 'MANE_transcript_used': 'True'}, {'chr': '1', 'pos': 209792270, 'ref': 'TGG', 'alt': 'CAG', 'MANE_transcript_used': 'True'}]	iniencephaly	0.6029075384140015	0.0	0.4521806538105011	MONDO:0018968	Craniofacial asymmetry	0.754043459892273	0.5833333333333334	0.7113659282525381	HP:0004484
PMC5628943	Discussion	IRF6	-	p.R45W	Van der Woude Syndrome (VWS)	periderm rupture	rescued maternal-null irf6 -/- periderm rupture and function quantitatively to the same degree as wild type IRF6	likely benign					45	Arg	Trp		Arg45Trp	[{'transcript_id': 'ENST00000367021', 'chromosome': '1', 'strand': '-', 'genomic_coords': [209801281, 209801280, 209801279], 'ref_aa': 'R', 'codon_cDNA': 'CGG', 'gnomic_codon': 'CCG'}]	[{'chr': '1', 'pos': 209801279, 'ref': 'CCG', 'alt': 'CCA', 'MANE_transcript_used': 'True'}]	van der Woude syndrome 1	0.9475538730621338	0.8461538461538461	0.9222038663350619	MONDO:0007333	Splenic rupture	0.5309572219848633	0.7096774193548387	0.5756372713273572	HP:0012223
PMC5628943	Discussion	IRF6	-	p.R45Q	-	periderm rupture phenotype	retained full function in zebrafish model	likely benign					45	Arg	Gln		Arg45Gln	[{'transcript_id': 'ENST00000367021', 'chromosome': '1', 'strand': '-', 'genomic_coords': [209801281, 209801280, 209801279], 'ref_aa': 'R', 'codon_cDNA': 'CGG', 'gnomic_codon': 'CCG'}]	[{'chr': '1', 'pos': 209801279, 'ref': 'CCG', 'alt': 'TTG', 'MANE_transcript_used': 'True'}, {'chr': '1', 'pos': 209801279, 'ref': 'CCG', 'alt': 'CTG', 'MANE_transcript_used': 'True'}]	iniencephaly	0.6029075384140015	0.0	0.4521806538105011	MONDO:0018968	Abnormal periungual morphology	0.5493549108505249	0.32142857142857145	0.4923733259950365	HP:0100803
PMC5628943	Discussion	IRF6	-	p.R45W	-	periderm rupture phenotype	retained full function in zebrafish model	likely benign					45	Arg	Trp		Arg45Trp	[{'transcript_id': 'ENST00000367021', 'chromosome': '1', 'strand': '-', 'genomic_coords': [209801281, 209801280, 209801279], 'ref_aa': 'R', 'codon_cDNA': 'CGG', 'gnomic_codon': 'CCG'}]	[{'chr': '1', 'pos': 209801279, 'ref': 'CCG', 'alt': 'CCA', 'MANE_transcript_used': 'True'}]	iniencephaly	0.6029075384140015	0.0	0.4521806538105011	MONDO:0018968	Abnormal periungual morphology	0.5493549108505249	0.32142857142857145	0.4923733259950365	HP:0100803
PMC5628943	Discussion	IRF6	-	p.G70R	-	periderm rupture phenotype	retained full function in zebrafish model	likely benign					70	Gly	Arg		Gly70Arg	[{'transcript_id': 'ENST00000367021', 'chromosome': '1', 'strand': '-', 'genomic_coords': [209796519, 209796518, 209796517], 'ref_aa': 'G', 'codon_cDNA': 'GGG', 'gnomic_codon': 'CCC'}]	[{'chr': '1', 'pos': 209796517, 'ref': 'CCC', 'alt': 'ACG', 'MANE_transcript_used': 'True'}, {'chr': '1', 'pos': 209796517, 'ref': 'CCC', 'alt': 'GCG', 'MANE_transcript_used': 'True'}, {'chr': '1', 'pos': 209796517, 'ref': 'CCC', 'alt': 'TCG', 'MANE_transcript_used': 'True'}, {'chr': '1', 'pos': 209796517, 'ref': 'CCC', 'alt': 'CCG', 'MANE_transcript_used': 'True'}, {'chr': '1', 'pos': 209796517, 'ref': 'CCC', 'alt': 'TCT', 'MANE_transcript_used': 'True'}, {'chr': '1', 'pos': 209796517, 'ref': 'CCC', 'alt': 'CCT', 'MANE_transcript_used': 'True'}]	iniencephaly	0.6029075384140015	0.0	0.4521806538105011	MONDO:0018968	Abnormal periungual morphology	0.5493549108505249	0.32142857142857145	0.4923733259950365	HP:0100803
PMC5628943	Discussion	IRF6	-	p.V274I	-	periderm rupture phenotype	retained full function in zebrafish model	likely benign					274	Val	Ile		Val274Ile	[{'transcript_id': 'ENST00000367021', 'chromosome': '1', 'strand': '-', 'genomic_coords': [209790735, 209790734, 209790733], 'ref_aa': 'V', 'codon_cDNA': 'GTC', 'gnomic_codon': 'GAC'}]	[{'chr': '1', 'pos': 209790733, 'ref': 'GAC', 'alt': 'AAT', 'MANE_transcript_used': 'True'}, {'chr': '1', 'pos': 209790733, 'ref': 'GAC', 'alt': 'GAT', 'MANE_transcript_used': 'True'}, {'chr': '1', 'pos': 209790733, 'ref': 'GAC', 'alt': 'TAT', 'MANE_transcript_used': 'True'}]	iniencephaly	0.6029075384140015	0.0	0.4521806538105011	MONDO:0018968	Abnormal periungual morphology	0.5493549108505249	0.32142857142857145	0.4923733259950365	HP:0100803
