PMID	GT_Mutations	AIONER-SETH_Mutations	TP	FP	FN	Total_GT	Total_AIONER-SETH	Precision	Recall	F1	Accuracy
10090486	{'CD6G', 'CDs130/131+GCCT', 'CDs108/11212nt'}	set()	0	0	3	3	0	0.0	0.0	0.0	0.0
10090909	{'2314delG'}	{'2314delG'}	1	0	0	1	1	1.0	1.0	1.0	1.0
10094560	{'M45L', 'H154Y', 'D289V', 'C184Y', 'E459K', 'G145V', '544delG', '862+5A', '1172delC', 'R119H', 'R411X'}	{'M45L', 'H154Y', 'D289V', 'C184Y', 'E459K', 'G145V', '544delG', '862+5A', '1172delC', 'R119H', 'R411X'}	11	0	0	11	11	1.0	1.0	1.0	1.0
10330344	{'His598Tyr', 'Gly607Val', 'Arg85Ser'}	{'Arg85Ser', 'His598Tyr;Gly607Val'}	3	0	0	3	2	1.0	1.0	1.0	1.0
10408782	{'IVS11nt5', 'Q232X', 'V388M', 'R252W', 'IVS10nt11', 'IVS12nt1', 'R408W'}	{'IVS11nt5', 'Q232X', 'R252W.', 'V388M', 'IVS10nt11', 'IVS12nt1', 'R408W'}	7	0	0	7	7	1.0	1.0	1.0	1.0
10477429	{'M133T', 'codon133ATG>ACG'}	{'M133T'}	1	0	1	2	1	1.0	0.5	0.6666666666666666	0.5
10477438	{'c1165G>C', 'c145A>G'}	{'c1165', 'c145A>G'}	2	0	0	2	2	1.0	1.0	1.0	1.0
10521296	{'Ala797Thr', 'Gln499Lys', 'Deltac756', 'Arg92Trp', 'Arg249Gln', 'Val896Met', 'Arg645His', 'Arg403Trp', 'Arg719Gln'}	{'Ala797Thr', 'Gln499Lys', 'Deltac756', 'Arg92Trp', 'Arg249Gln', 'Val896Met', 'Arg645His', 'Arg403Trp', 'Arg719Gln'}	9	0	0	9	9	1.0	1.0	1.0	1.0
10577941	{'A1555G'}	{'A1555G'}	1	0	0	1	1	1.0	1.0	1.0	1.0
10649495	{'R285H', 'A190E', 'F259L', 'Y304C', 'L444P', 'S196P', 'E326K', 'H255Q', '533delC', 'V398F', 'H311R', '330delA', 'R131L'}	{'R285H', 'A190E.', 'L444P.', 'F259L', 'Y304C', 'L444P', 'S196P', 'E326K', 'H255Q', '533delC', 'V398F', 'H311R', '330delA', 'R131L'}	13	0	0	13	14	1.0	1.0	1.0	1.0
10737991	{'R20X'}	{'R20X'}	1	0	0	1	1	1.0	1.0	1.0	1.0
10738001	{'219G>A'}	{'219G>A'}	1	0	0	1	1	1.0	1.0	1.0	1.0
10738004	{'Q239R'}	{'Q239R'}	1	0	0	1	1	1.0	1.0	1.0	1.0
10790217	{'CGmutationatposition5744', 'CTmutationatposition14116', 'g14116C>T', 'g11311delT', 'Tdeletionmutationatposition11311', 'g5744C>G'}	{'CGmutationatposition5744', 'CTmutationatposition14116', 'g14116C>T', 'g11311delT', 'Tdeletionmutationatposition11311', 'g5744C>G'}	6	0	0	6	6	1.0	1.0	1.0	1.0
10790218	{'Y667X'}	{'Y667X', 'STOPcodonatcodon667', '9bpinsertion'}	1	2	0	1	3	0.3333333333333333	1.0	0.5	0.3333333333333333
10862097	{'Y4236X', '11745+2ins3', 'Q3820X'}	{'Y4236X', '11745+2ins3', 'Q3820X'}	3	0	0	3	3	1.0	1.0	1.0	1.0
10874330	{'1320InsT'}	{'1320InsT'}	1	0	0	1	1	1.0	1.0	1.0	1.0
11058905	{'E60X', 'P32R', '934+2T>G', 'S443P', '261delA', '1593insC'}	{'E60X', 'P32R', '934+2T>G', '1593insC.', 'S443P', '261delA', '1593insC', '934+2bp'}	6	1	0	6	8	0.8571428571428571	1.0	0.923076923076923	0.8571428571428571
11102997	{'S636I', 'R104C'}	{'S636I', 'R104C'}	2	0	0	2	2	1.0	1.0	1.0	1.0
11139269	{'88C>A'}	{'88C>A'}	1	0	0	1	1	1.0	1.0	1.0	1.0
11180609	{'P760L', 'Q1351Sp', 'L1305P'}	{'P760L', 'Q1351Sp', 'L1305P'}	3	0	0	3	3	1.0	1.0	1.0	1.0
11254449	{'Ala541Thr'}	{'Ala541Thr'}	1	0	0	1	1	1.0	1.0	1.0	1.0
11295840	{'G373D'}	{'G373D'}	1	0	0	1	1	1.0	1.0	1.0	1.0
11309680	{'D10S1652'}	set()	0	0	1	1	0	0.0	0.0	0.0	0.0
11333381	{'Q775P', 'A1054T', 'I943M', 'P1007A', 'V950M', 'G992R', 'G986S', 'L724P'}	{'Q775P', 'A1054T', 'I943M', 'P1007A', 'V950M', 'G992R', 'G986S', 'L724P'}	8	0	0	8	8	1.0	1.0	1.0	1.0
11385711	{'330A>G', 'ArgGlychangeatcodon71', 'R71G'}	{'330A>G', 'ArgGlychangeatcodon71', 'terminationcodonatposition64', 'R71G'}	3	1	0	3	4	0.75	1.0	0.8571428571428571	0.75
11438995	{'W1282X', 'Trp1282Ter'}	{'W1282X', 'Trp1282Ter'}	2	0	0	2	2	1.0	1.0	1.0	1.0
11443547	{'Q119X', '13971401delAGAAC', 'R150G'}	{'Q119X', '13971401delAGAAC', 'R150G'}	3	0	0	3	3	1.0	1.0	1.0	1.0
11462173	{'R280H', 'Q634X', 'K193E'}	{'R280H', 'Q634X', 'K193E'}	3	0	0	3	3	1.0	1.0	1.0	1.0
11509994	{'R183P'}	{'R183P'}	1	0	0	1	1	1.0	1.0	1.0	1.0
11524734	{'IVS132delA', 'IVS121G>C', 'Q436X', 'D468V', 'S206P', '21042105delGGins29bp'}	{'IVS132delA', 'IVS121G>C', 'Q436X', 'D468V', 'S206P', '21042105delGGins29bp'}	6	0	0	6	6	1.0	1.0	1.0	1.0
11536080	{'D7S2472'}	set()	0	0	1	1	0	0.0	0.0	0.0	0.0
11577372	{'450delA'}	{'450delA'}	1	0	0	1	1	1.0	1.0	1.0	1.0
11668643	{'G27R', 'R179X', '861insG', 'IVS5+1G>A', 'R275Q', 'G190D', 'F188del', '164insA', 'Q89X'}	{'G27R', 'R179X', '861insG', 'IVS5+1G>A', 'R275Q', 'G190D', 'F188del', '164insA', 'Q89X'}	9	0	0	9	9	1.0	1.0	1.0	1.0
11793480	{'695insT', '9318del4', 'S1099X', '5382insC', '1528del4'}	{'695insT', '9318del4', 'S1099X', '5382insC', '1528del4'}	5	0	0	5	5	1.0	1.0	1.0	1.0
11813133	{'G>Apolymorphismwasidentifiedat112bp'}	{'at112bp', '112G', '112A'}	1	2	0	1	3	0.3333333333333333	1.0	0.5	0.3333333333333333
11822023	{'C>Tatposition158upstream'}	{'C>Tatposition158'}	1	0	0	1	1	1.0	1.0	1.0	1.0
11968091	{'W24X', '35delG', 'non35delG'}	{'W24X', '35delG'}	3	0	0	3	2	1.0	1.0	1.0	1.0
12145747	{'Leu>Promutationatposition293,357'}	{'11bpdeletion/insertion', 'Leu>Promutationatposition293,357'}	1	1	0	1	2	0.5	1.0	0.6666666666666666	0.5
12145749	{'IVS42A>G'}	{'IVS42A>G'}	1	0	0	1	1	1.0	1.0	1.0	1.0
12204007	{'R13X', 'IVS15+1G>C', 'M501T', '251273del', 'Q196X', 'G613D', 'H364P', 'Q234X', 'IVS14+1G>A', 'R28L'}	{'R13X', 'IVS15+1G>C', '251273del', 'M501T', 'Q196X', 'G613D', 'H364P', 'Q234X', 'IVS14+1G>A', 'R28L'}	10	0	0	10	10	1.0	1.0	1.0	1.0
12402331	{'G843D', '20972098insT', 'R798G'}	{'G843D', '20972098insT', 'R798G'}	3	0	0	3	3	1.0	1.0	1.0	1.0
12402345	{'R228Q', 'R467sp', 'R403sp', 'N219Y', 'P615T', '497delG', '208delG', 'c712A>G'}	{'R228Q', 'R467sp', 'R403sp', 'N219Y', 'P615T', '497delG', '208delG', 'c712A>G'}	8	0	0	8	8	1.0	1.0	1.0	1.0
12424708	{'R1210C', 'W1183L', 'V1197A'}	{'R1210C', 'W1183L', 'R1210C.', 'V1197A'}	3	0	0	3	4	1.0	1.0	1.0	1.0
12428213	{'serine55phenylalanine', 'S55F', 'T57I'}	{'serine55phenylalanine', 'S55F', 'T57I'}	3	0	0	3	3	1.0	1.0	1.0	1.0
12442272	{'D90A'}	{'D90A'}	1	0	0	1	1	1.0	1.0	1.0	1.0
12442283	{'Ile345Met', 'Val251Ala', 'Ser393Asn', 'Gly434Ser', 'Asn450Asp'}	{'Ile345Met', 'Val251Ala', 'Ser393Asn', 'Gly434Ser', 'Asn450Asp'}	5	0	0	5	5	1.0	1.0	1.0	1.0
12506336	{'14T>C', '53G>T'}	{'TG12', 'in3TG12', '14T>C', '12TGrepeats', '53G>T'}	2	3	0	2	5	0.4	1.0	0.5714285714285715	0.4
12552571	{'R304W', 'L263fsX286', 'K175D176del', 'I177N'}	{'L263fsX286', 'R304W', 'r291464del', 'r4851283del', 'K175D176del', 'I177N'}	4	2	0	4	6	0.6666666666666666	1.0	0.8	0.6666666666666666
12618959	{'15991605TCTTCTA>CTAGAAG'}	{'15991605TCTTCTA>CTAGAAG'}	1	0	0	1	1	1.0	1.0	1.0	1.0
12632327	{'P46L', '569T>C', 'V190A', '137C>T'}	{'P46L', '569T>C', 'V190A', '137C>T'}	4	0	0	4	4	1.0	1.0	1.0	1.0
12655559	{'3558+1G>C', '30363038delGGT', '712C>T', '2115ins35bp', '4101+2T>C', '2623A>G', '2528T>C', '1263+5G>C'}	{'3558+1G>C', '30363038delGGT', '712C>T', '2115ins35bp', '4101+2T>C', '2623A>G', '2528T>C', '1263+5G>C'}	8	0	0	8	8	1.0	1.0	1.0	1.0
12673796	{'965G>A'}	{'965G>A'}	1	0	0	1	1	1.0	1.0	1.0	1.0
12673802	{'1112insAAAA', '2728ins12'}	{'1112insAAAA', '2728ins12'}	2	0	0	2	2	1.0	1.0	1.0	1.0
12740763	{'Ala62Thr'}	{'Ala62Thr'}	1	0	0	1	1	1.0	1.0	1.0	1.0
1284538	{'delta508', 'E585X', 'G178R', 'I148T', 'G85E', '541delC', '1078delT', 'R347H', 'nondeltaF508', '1898+3A>G', 'R352Q', 'R347P'}	{'delta508', 'E585X', 'G178R', 'I148T', 'G85E', '541delC', '1078delT', 'R347H', '1898+3A>G', 'R352Q', 'R347P'}	11	0	1	12	11	1.0	0.9166666666666666	0.9565217391304348	0.9166666666666666
12872253	{'g.2290787G>A', 'IVS81G>A', 'R148X'}	{'IVS8', 'g.2290787G>A', 'IVS81G>A', 'R148X'}	3	0	0	3	4	1.0	1.0	1.0	1.0
12938095	{'IVS4+1G>A', 'G346fsX1', '678G>T', 'W226C', 'I407K', '1241T>C', '1145G>A', '639+1G>A', '836A>G', '1037delG', 'E48K', '284G>A', '12771278delAA', '508G>C', '142G>A', 'D170H', 'L414S', '242G>C', 'Y216fsX15', 'K426fsX23', 'A368fsX24', 'C382Y', '1102delGinsTTATAC', 'W95X', 'Q279R', '646647insT', '1220T>A', 'W81S'}	{'IVS4+1G>A', 'G346fsX1', '678G>T', 'W226C', 'I407K', '1241T>C', '1145G>A', '639+1G>A', '836A>G', '1037delG', 'E48K', '284G>A', '12771278delAA', '508G>C', '142G>A', 'D170H', 'L414S', '242G>C', 'Y216fsX15', 'K426fsX23', 'A368fsX24', 'C382Y', '1102delGinsTTATAC', 'W95X', 'Q279R', '646647insT', '1220T>A', 'W81S'}	28	0	0	28	28	1.0	1.0	1.0	1.0
1363805	{'985A>G', 'glutamatesubstitutionforlysine304'}	{'985A>G', 'glutamatesubstitutionforlysine304'}	2	0	0	2	2	1.0	1.0	1.0	1.0
1373934	{'1949del84'}	{'1949del84', 'deltaF508deletion', '84bpdeletion'}	1	2	0	1	3	0.3333333333333333	1.0	0.5	0.3333333333333333
14517964	{'10078T>C', '481G>A'}	{'10078T>C', '481G>A', 'Gln144'}	2	1	0	2	3	0.6666666666666666	1.0	0.8	0.6666666666666666
14610717	{'S1259L', 'I1220M'}	{'L1.2', 'S1259L', 'I1220M'}	2	1	0	2	3	0.6666666666666666	1.0	0.8	0.6666666666666666
14681830	{'C1494T', 'A1555G'}	{'U14941555A', 'CTtransitionatposition1494', 'C1494T', 'C14941555G', 'A1555G'}	2	3	0	2	5	0.4	1.0	0.5714285714285715	0.4
15024732	{'655A>G', 'Ile219Val'}	{'655A>G', 'Ile219Val'}	2	0	0	2	2	1.0	1.0	1.0	1.0
15154114	{'IVS2+88G>C', 'IVS12+15C>T', 'IVS799C>A', 'M560V', 'IVS936G>A', 'IVS835G>A', 'IVS1282G>C', 'IVS8+28C>T', 'G87R', '*207G>C', 'IVS1018C>T', 'V629I', 'IVS7151152delGA', 'IVS12+32C>A', 'IVS735G>A', 'Y498', 'IVS7+87A>G', 'P390L', 'Y317X', 'IVS11+21G>A', 'IVS123C>T', 'C337W', 'IVS7+37G>A', 'IVS6+9C>T', 'P554L', 'IVS1+26G>A'}	{'IVS2+88G>C', 'IVS12+15C>T', 'IVS799C>A', 'M560V', 'IVS936G>A', 'IVS835G>A', 'IVS1282G>C', 'IVS8+28C>T', 'G87R', '*207G>C', 'IVS1018C>T', 'V629I', 'L472', 'IVS7151152delGA', 'IVS12+32C>A', 'IVS735G>A', 'Y498', 'IVS7+87A>G', 'P390L', 'Y317X', 'IVS11+21G>A', 'IVS123C>T', 'C337W', 'IVS7+37G>A', 'IVS6+9C>T', 'P554L', 'IVS1+26G>A'}	26	1	0	26	27	0.9629629629629629	1.0	0.9811320754716981	0.9629629629629629
15365989	{'192G>C', 'L166P', 'E64D'}	{'192G>C', 'L166P', 'E64D', 'E64D.'}	3	0	0	3	4	1.0	1.0	1.0	1.0
15365995	{'1918C>T', '3488A>T', '21042A>G', '1907T>C', '1730+1delG', '632633insT', '1128T>C', '1886A>G', '17571758insC', '808811delACTT', '13161318delCCT', '2168C>A', '2170T>A', '1625A>C', '845C>G'}	{'1918C>T', '3488A>T', '21042A>G', '1907T>C', '1730+1delG', '632633insT', '1128T>C', '1886A>G', '17571758insC', '808811delACTT', '13161318delCCT', '2168C>A', '2170T>A', '1625A>C', '845C>G'}	15	0	0	15	15	1.0	1.0	1.0	1.0
15459972	{'F105S'}	{'F105S'}	1	0	0	1	1	1.0	1.0	1.0	1.0
15712269	{'599A>T', 'H200L', 'G801D', '293dupA', '2402G>A', '157G>T', '562C>T', 'Y99VfsX61', 'E53X', 'R188X'}	{'599A>T', 'H200L', 'G801D', '293dupA', '2402G>A', '157G>T', '562C>T', 'Y99VfsX61', 'E53X', 'R188X'}	10	0	0	10	10	1.0	1.0	1.0	1.0
15937921	{'V39M', 'C93R', '278G>T', '140G>T', 'C47F', 'C99R', '199T>C', '295T>C', 'C93F', '115G>A', 'S67P'}	{'V39M', 'C93R', '278G>T', 'C47F', '140G>T', 'C99R', '199T>C', '295T>C', 'C93F', '115G>A', 'S67P'}	11	0	0	11	11	1.0	1.0	1.0	1.0
15952089	{'1228insC'}	{'1228insC'}	1	0	0	1	1	1.0	1.0	1.0	1.0
1598907	{'Gln106Sp', 'CTtransitionatnucleotide571', 'TCtransitionforcodon86TGGatnucleotide511', 'Trp86Arg'}	{'Gln106Sp', 'Trp86Arg', 'CTtransitionatnucleotide571', 'Gln106', 'TCtransitionforcodon86TGGatnucleotide511'}	4	0	0	4	5	1.0	1.0	1.0	1.0
16110494	{'520G>A', 'C515Y', '1544G>A', 'E174K'}	{'520G>A', 'C515Y', '1544G>A', 'E174K'}	4	0	0	4	4	1.0	1.0	1.0	1.0
16211558	{'1405C>T', 'R218S', 'A443T', '1209delC', 'frameshiftatresidueF382', 'R357H', 'R469W', '654A>T', '1327G>A', '1070G>A'}	{'F382', '1405C>T', 'R218S', 'A443T', '1209delC', 'R357H', 'R469W', '654A>T', '1327G>A', '1070G>A'}	10	0	0	10	10	1.0	1.0	1.0	1.0
16281286	{'1022dupA', 'G717V', '970G>A', '280G>A', 'R108C', 'A324T', '2150G>T', 'G94R', '322C>T'}	{'1022dupA', 'G717V', '970G>A', '280G>A', 'R108C', 'A324T', '2150G>T', 'G94R', '322C>T'}	9	0	0	9	9	1.0	1.0	1.0	1.0
16329098	{'Thr96Ala', '293A>C', 'Leu100Ser', '299T>C', 'Asp98Ala', '286A>G'}	{'Thr96Ala', '293A>C', 'Leu100Ser', '299T>C', 'Asp98Ala', '286A>G'}	6	0	0	6	6	1.0	1.0	1.0	1.0
16909383	{'R295X'}	{'R295X'}	1	0	0	1	1	1.0	1.0	1.0	1.0
16909392	{'R50Q'}	{'R50Q'}	1	0	0	1	1	1.0	1.0	1.0	1.0
16909394	{'2991+1655A>G'}	{'2991+1655A>G'}	1	0	0	1	1	1.0	1.0	1.0	1.0
17041889	{'[2484C>T]+[2484C>T', 'Gly828'}	{'7nucleotide', '[2484C>T]+[2484C>T]', 'Gly828'}	2	1	0	2	3	0.6666666666666666	1.0	0.8	0.6666666666666666
17160901	{'990delM', 'ACA>ACGchangeofcodon990', '29702972delAAT'}	{'990delM', '29702972delAAT', 'methioninescodon991or992', '3bpinframedeletion', '3', 'Met991'}	2	4	1	3	6	0.3333333333333333	0.6666666666666666	0.4444444444444444	0.2857142857142857
17279550	{'V92M', 'V60L', 'R160W', 'R151C', 'D294H', 'R163Q', 'D84E'}	{'V92M', 'V60L', 'R160W', 'R151C', 'D294H', 'R163Q', 'D84E'}	7	0	0	7	7	1.0	1.0	1.0	1.0
17492639	{'I35T', 'F106L', 't16;22p13.3;q11.2'}	{'I35T', 'F106L'}	2	0	1	3	2	1.0	0.6666666666666666	0.8	0.6666666666666666
17503332	{'30G>A'}	{'30G>A', 'rs1799884', 'rs7903146'}	1	2	0	1	3	0.3333333333333333	1.0	0.5	0.3333333333333333
17503333	{'L145X'}	{'L145X'}	1	0	0	1	1	1.0	1.0	1.0	1.0
17579354	{'295G>T', '1970A>T', 'Glu99X', '2078G>C', 'Asp657Val', 'Arg693Pro'}	{'295G>T', '1970A>T', 'Glu99X', '2078G>C', 'Asp657Val', 'Arg693Pro'}	6	0	0	6	6	1.0	1.0	1.0	1.0
17701907	{'C/T13910'}	{'C/T13910', 'T13910', '13910'}	1	0	0	1	3	1.0	1.0	1.0	1.0
17721928	{'383C>A', 'Ser128Tyr'}	{'383C>A', 'Ser128Tyr'}	2	0	0	2	2	1.0	1.0	1.0	1.0
17847000	{'834C/T', '853C/G', '861G/T', '764G/A', '798G/C'}	{'834C/T', '853C/G', '861G/T', '764G/A', '798G/C'}	5	0	0	5	5	1.0	1.0	1.0	1.0
17879353	{'Arg460Ter', '15461547insC', '1378C>T', '249252delGTCT', '628631delACAG'}	{'Arg460Ter', '15461547insC', '1378C>T', '249252delGTCT', '628631delACAG', 'deletionatcodons210211', 'insertionatcodon516'}	5	2	0	5	7	0.7142857142857143	1.0	0.8333333333333333	0.7142857142857143
17999359	{'135G>C'}	{'135G>C', '135'}	1	0	0	1	2	1.0	1.0	1.0	1.0
18179885	{'T/C3712', 'T/G13915'}	{'T/G13915', 'T13910', 'T/C3712,3712bp', 'G13907LP', '13910'}	2	3	0	2	5	0.4	1.0	0.5714285714285715	0.4
18179903	{'11771178delAA'}	{'11771178delAA'}	1	0	0	1	1	1.0	1.0	1.0	1.0
18252214	{'3243A>G'}	{'3243A>G'}	1	0	0	1	1	1.0	1.0	1.0	1.0
18381613	{'29052923delinsCTCCGAGCGCA', 'Gln829X'}	{'29052923delinsCTCCGAGCGCA', 'Gln829X'}	2	0	0	2	2	1.0	1.0	1.0	1.0
18394579	{'Q186K'}	{'Q186K'}	1	0	0	1	1	1.0	1.0	1.0	1.0
18429048	{'H255Q', 'D409H', '[D448H;H294Q]'}	{'[D448H;H294Q', 'D409H', 'D409H;H255Q'}	3	0	0	3	3	1.0	1.0	1.0	1.0
18452888	{'9527delG', '5943delA'}	{'1bpdeletionatposition5943', 'singlenucleotidedeletionatposition9527', '9527delG', '5943delA'}	2	2	0	2	4	0.5	1.0	0.6666666666666666	0.5
18521937	{'E228K', 'G557R', '682G>A', 'A469T', 'T291R', 'F547L', '1315C>T', 'E590K', 'R439W', '1405G>A', 'R283Q'}	{'E228K', 'E590K.', 'G557R', '682G>A', 'A469T', 'T291R', 'F547L', '1315C>T', 'E590K', 'R439W', '1405G>A', 'R283Q'}	11	0	0	11	12	1.0	1.0	1.0	1.0
19084217	{'C282Y'}	{'rs3811647', 'rs1830084', 'rs2280673', 'rs1799852', 'C282Y'}	1	4	0	1	5	0.2	1.0	0.33333333333333337	0.2
19191333	{'Arg530His', 'Arg2454His', 'Arg2163Pro', 'Cys4664Arg', 'Asn2342Ser', 'Glu2371Gly'}	{'Arg530His', 'Arg2454His', 'Arg2163Pro', 'Cys4664Arg', 'Asn2342Ser', 'Glu2371Gly'}	6	0	0	6	6	1.0	1.0	1.0	1.0
19462467	{'1613G>A', '5206C>T', 'R538H', 'H1736Y'}	{'1613G>A', '5206C>T', 'R538H', 'H1736Y'}	4	0	0	4	4	1.0	1.0	1.0	1.0
19559399	{'R316Q'}	{'R316Q'}	1	0	0	1	1	1.0	1.0	1.0	1.0
19576565	{'L85S'}	{'L85S'}	1	0	0	1	1	1.0	1.0	1.0	1.0
19664745	{'Leu16del', 'Leu16Arg'}	{'Leu16del', 'Leu16Arg'}	2	0	0	2	2	1.0	1.0	1.0	1.0
19718767	{'G56R'}	{'G56R'}	1	0	0	1	1	1.0	1.0	1.0	1.0
19847796	{'rs2910164', 'rs11614913', 'rs3746444'}	{'rs2910164', 'rs11614913', 'rs3746444'}	3	0	0	3	3	1.0	1.0	1.0	1.0
20052763	{'3503G>C', '5944G>A', '7872G>A', 'His133Tyr', 'Arg1168Trp', '802G>A', '397C>T', 'Ala198Thr', '2993G>A', 'Arg998Lys', 'Glu2624Glu', 'Gly268Arg', 'Arg1168Pro', 'Gly1982Arg', '653T>A', 'Val218Glu', '3502C>T', '592G>A'}	{'3503G>C', '5944G>A', '7872G>A', 'His133Tyr', 'Arg1168Trp', '802G>A', '397C>T', 'Ala198Thr', '2993G>A', 'Arg998Lys', 'Glu2624Glu', 'Gly268Arg', 'Arg1168Pro', 'Gly1982Arg', '653T>A', 'Val218Glu', '3502C>T', '592G>A'}	18	0	0	18	18	1.0	1.0	1.0	1.0
20127982	{'366A>G'}	{'366A>G', '169', '366A>G.'}	1	1	0	1	3	0.5	1.0	0.6666666666666666	0.5
20333758	{'E1173G', 'T991M', 'G1000R', 'R1228T', 'V1239G', 'I1148T', 'G1101R', 'G1287S', 'G1176E', 'L1043P', 'I1102T', 'D1267V'}	{'E1173G', 'T991M', 'G1000R', 'R1228T', 'V1239G', 'I1148T', 'G1101R', 'G1287S', 'G1176E', 'L1043P', 'I1102T', 'D1267V'}	12	0	0	12	12	1.0	1.0	1.0	1.0
20506298	{'P372S', 'L363P', 'G367V', 'E376K', 'S341P'}	{'P372S', 'L363P', 'G367V', 'E376K.', 'E376K', 'S341P'}	5	0	0	5	6	1.0	1.0	1.0	1.0
20506408	{'13181T4C', '13154T4C', '108C4A'}	{'13181T4C', '13154T4C', '108C4A'}	3	0	0	3	3	1.0	1.0	1.0	1.0
20579627	{'529T>C', 'W177R', 'P23H', 'W161R'}	{'529T>C', 'W177R', 'P23H', 'W161R'}	4	0	0	4	4	1.0	1.0	1.0	1.0
20598277	{'5217G>A', 'Val1724Thr1739del'}	{'5217G>A', 'Val1724Thr1739del'}	2	0	0	2	2	1.0	1.0	1.0	1.0
20887961	{'13281329delTG', 'V443DfsX83', '773G>A', 'C258Y'}	{'13281329delTG', 'V443DfsX83', '773G>A', 'C258Y'}	4	0	0	4	4	1.0	1.0	1.0	1.0
20970104	{'391C>G', 'R279C', 'Q131E', '835C>T'}	{'391C>G', 'R279C', 'Q131E', '835C>T'}	4	0	0	4	4	1.0	1.0	1.0	1.0
21376300	{'16791681dup', 'Ser560dup'}	{'16791681dup', 'Ser560dup'}	2	0	0	2	2	1.0	1.0	1.0	1.0
21394830	{'3198314G>A'}	{'3198314G>A'}	1	0	0	1	1	1.0	1.0	1.0	1.0
21397065	{'Trp309Ser', '526C>G', '1066dupC', '926G>C', 'Arg176Gly'}	{'Trp309Ser', '526C>G', '1066dupC', '926G>C', 'Arg176Gly'}	5	0	0	5	5	1.0	1.0	1.0	1.0
21529752	{'Ala29GlnfsX114', '684685del', 'Pro229TrpfsX85', '83+1G>T'}	{'Ala29GlnfsX114', '684685del', 'Pro229TrpfsX85', '83+1G>T'}	4	0	0	4	4	1.0	1.0	1.0	1.0
21549338	{'2185C>T', 'Arg729Trp'}	{'2185C>T', 'Arg729Trp'}	2	0	0	2	2	1.0	1.0	1.0	1.0
21782149	{'2305delT', 'Ser769GlnfsX8', 'Glu2524Lys2525del', '75701G>C'}	{'2305delT', 'Ser769GlnfsX8', 'Glu2524Lys2525del', '75701G>C'}	4	0	0	4	4	1.0	1.0	1.0	1.0
21786366	{'P317R'}	{'P317R'}	1	0	0	1	1	1.0	1.0	1.0	1.0
21898660	{'Arg218Trp', 'Leu462Pro'}	{'Arg218Trp', 'Leu462Pro'}	2	0	0	2	2	1.0	1.0	1.0	1.0
22052681	{'385G<T', 'Gly129Cys', 'glycinecysteineatcodon129'}	{'385G<T', 'Gly129Cys', 'glycinecysteineatcodon129'}	3	0	0	3	3	1.0	1.0	1.0	1.0
22226083	{'3611G>C'}	{'3611G>C'}	1	0	0	1	1	1.0	1.0	1.0	1.0
22265016	{'Ile186Thr', '557T>C', 'Pro189Leu', '566C>T'}	{'Ile186Thr', '557T>C', 'Pro189Leu', '566C>T'}	4	0	0	4	4	1.0	1.0	1.0	1.0
22275001	{'C484F', 'P415L', 'A325T'}	{'C484F', 'P415L', 'A325T'}	3	0	0	3	3	1.0	1.0	1.0	1.0
22365152	{'5302A>G', 'Asn1768Asp'}	{'5302A>G', 'Asn1768Asp'}	2	0	0	2	2	1.0	1.0	1.0	1.0
22405088	{'Gly573Ser', 'Trp692Gly', 'Gly573Cys'}	{'Gly573Ser', 'Trp692Gly', 'Gly573Cys'}	3	0	0	3	3	1.0	1.0	1.0	1.0
22703880	{'125C>T', 'Thr42Met'}	{'125C>T', 'Thr42Met'}	2	0	0	2	2	1.0	1.0	1.0	1.0
22770981	{'Arg207Cys'}	{'Arg207Cys', 'cysteineforanarginineataminoacidresidue207'}	1	1	0	1	2	0.5	1.0	0.6666666666666666	0.5
23122587	{'Pro2116Leu', 'Arg2187X', 'Ala1838ProfsX31', '6347C>T', '5508delC', '6559C>T'}	{'Pro2116Leu'}	1	0	5	6	1	1.0	0.16666666666666666	0.2857142857142857	0.16666666666666666
7509237	{'4114ATA>TT'}	{'4114ATA>TT'}	1	0	0	1	1	1.0	1.0	1.0	1.0
7537150	{'R31L', '1461ins4', '441delA', '681delC', '3499+45T>C', 'W1098R', 'W1089R', 'E1104X'}	{'R31L', '1461ins4', '441delA', '681delC', '3499+45T>C', 'W1098R', 'W1089R', 'E1104X'}	8	0	0	8	8	1.0	1.0	1.0	1.0
7550232	{'P496L', 'L490P', 'X654G', 'R492P'}	{'P496L', 'L490P', 'X654G', 'R492P'}	4	0	0	4	4	1.0	1.0	1.0	1.0
7581409	{'Q473X', 'N487S'}	{'Q473X', 'N487S'}	2	0	0	2	2	1.0	1.0	1.0	1.0
7599639	{'cys152>arg'}	{'cys152>arg'}	1	0	0	1	1	1.0	1.0	1.0	1.0
7611293	{'threonineforisoleucineatcodon278', 'I278T', 'E144K', 'T833C', 'G139R'}	{'threonineforisoleucineatcodon278', 'I278T', 'E144K', 'T833C', 'I278T.', 'G139R'}	5	0	0	5	6	1.0	1.0	1.0	1.0
7668286	{'341CT'}	{'341CT'}	1	0	0	1	1	1.0	1.0	1.0	1.0
7762555	{'G307S', 'A12242C', 'T257M', 'CTtransitionatbase770inexon7', 'GAtransitionatbase374inexon3', 'I278T', 'threoninemethioninesubstitutionataminoacid257', 'A114V', 'prolineserinesubstitutionatposition88', 'P88S', 'arginineglutamicacidsubstitutionatposition125', 'P145L', 'E131D', 'R125Q'}	{'G307S', 'prolineserinesubstitutionatposition88', 'threoninemethioninesubstitutionataminoacid257', 'T257M', 'CTtransitioninexon2atbase262', 'I278T', 'A12242C', 'A114V', 'P88S', 'arginineglutamicacidsubstitutionatposition125', 'insertionof68bp', 'P145L', '8atbase844', 'E131D', 'CTtransitionatbase770', 'R125Q', 'GAtransitionatbase374'}	14	3	0	14	17	0.8235294117647058	1.0	0.9032258064516129	0.8235294117647058
7866409	{'M519V'}	{'M519V'}	1	0	0	1	1	1.0	1.0	1.0	1.0
7977368	{'R363L', 'A192V', 'R272C', 'A118T', 'R304W', 'G280R'}	{'R363L', 'A192V', 'R272C', 'insertionof37bp', '7bpdeletion', 'A118T', 'R304W', 'G280R'}	6	2	0	6	8	0.75	1.0	0.8571428571428571	0.75
7981715	{'Gly154>Asp', 'Pro167>Arg', 'Gly122>Ser'}	{'Gly154>Asp', 'Pro167>Arg', 'Gly122>Ser'}	3	0	0	3	3	1.0	1.0	1.0	1.0
8105686	{'codon228inexon6,becauseofaCGA>TGA'}	set()	0	0	1	1	0	0.0	0.0	0.0	0.0
8328452	{'Thr366>Pro', 'Tyr64>Ter', 'Gly409>Arg', 'Gln310>Ter'}	{'Thr366>Pro', 'Tyr64>Ter', 'Gly409>Arg', 'Gln310>Ter'}	4	0	0	4	4	1.0	1.0	1.0	1.0
8328462	{'Gly>Ser269'}	{'Gly>Ser269'}	1	0	0	1	1	1.0	1.0	1.0	1.0
8352275	{'D6S89', 'D6S105', 'D6S109', 'DQA1/A2', 'C4B', 'D6S10', 'F13A'}	set()	0	0	7	7	0	0.0	0.0	0.0	0.0
8364588	{'Gly415withserine', 'alpha1Ser415'}	{'Gly415withserine', 'Ser415'}	2	0	0	2	2	1.0	1.0	1.0	1.0
8387722	{'TAandAG,atpositions104and55G,respectively', '104A55G', 'ACbasesubstitutionatnucleotideposition61'}	{'55G', '104A55G', '61C', 'ACbasesubstitutionatnucleotideposition61'}	3	1	0	3	4	0.75	1.0	0.8571428571428571	0.75
8401541	{'Q254X', 'delnt105054'}	{'Q254X', 'delnt105054'}	2	0	0	2	2	1.0	1.0	1.0	1.0
8477263	{'87CA'}	set()	0	0	1	1	0	0.0	0.0	0.0	0.0
8533759	{'F39L', 'I65T', 'R408W'}	{'F39L', 'I65T', 'R408W'}	3	0	0	3	3	1.0	1.0	1.0	1.0
8571955	{'1520C/T'}	{'1520C/T'}	1	0	0	1	1	1.0	1.0	1.0	1.0
8651277	{'G8363A'}	{'G8363A'}	1	0	0	1	1	1.0	1.0	1.0	1.0
8651297	{'D440V'}	{'D440V'}	1	0	0	1	1	1.0	1.0	1.0	1.0
8723680	{'D335V', 'Met274substitutedarylsulfatase', 'T274M', 'Asp335Val'}	{'D335V', 'Met274', 'T274M', 'Asp335Val'}	4	0	0	4	4	1.0	1.0	1.0	1.0
8829650	{'C73R', 'V82F', 'GTtransversionofthelastnucleotideofexon4,', 'L4F'}	{'C73R', 'V82F', 'L4F'}	3	0	1	4	3	1.0	0.75	0.8571428571428571	0.75
8829663	{'Y313H', '1098insA', 'R359Q'}	{'Y313H', '1098insA', 'R359Q'}	3	0	0	3	3	1.0	1.0	1.0	1.0
8956037	{'frameshiftafteraminoacid525glycineandleadsaprematureterminationcodonataminoacidposition538'}	{'frameshiftafteraminoacid525glycine', 'terminationcodonataminoacidposition538'}	1	0	0	1	2	1.0	1.0	1.0	1.0
8956047	{'Tyr22X'}	{'Tyr22X'}	1	0	0	1	1	1.0	1.0	1.0	1.0
8956055	{'R552O'}	{'R552O'}	1	0	0	1	1	1.0	1.0	1.0	1.0
9012405	{'T119P'}	{'T119P'}	1	0	0	1	1	1.0	1.0	1.0	1.0
9090528	{'ins37b/Ex15&16', 'IVS13+5', '13bp/Ex15&IVS15', 'delta11bp/IVS15', 'R272C', 'R279Q', 'R304W', 'delta7b/Ex16', 'deletionofthefirstsevenbasesinexon16', 'IVS62', 'IVS151', 'G280R', 'G324S'}	{'delta11bp', 'delta11bp/IVS15', 'R272C', 'R279Q', 'R304W', 'IVS15', 'ins37b', 'IVS62', 'G280R', 'G324S'}	10	0	3	13	10	1.0	0.7692307692307693	0.8695652173913044	0.7692307692307693
9143924	{'N543H', '2393del9', 'missenseAsn543'}	{'N543H', '2393del9', 'Asn543', '9bpdeletion'}	3	1	0	3	4	0.75	1.0	0.8571428571428571	0.75
9222768	{'A141D'}	{'A141D'}	1	0	0	1	1	1.0	1.0	1.0	1.0
9259194	{'deltaF508', 'R334W', 'R553X', 'G85E', '3845+10kbC>T', 'R75Q', 'S945L', 'D1152H', 'R117H', '3849+10kbC>T', '2789+5G>A', 'R347P'}	{'R117H.', 'deltaF508', '5T', '9T,9T', 'R334W', 'R553X', 'G85E', '3845+10kbC>T', 'R117H9T', 'R75Q', 'S945L', 'D1152H', 'R117H', '3849+10kbC>T', '2789+5G>A', 'R347P'}	12	2	0	12	16	0.8571428571428571	1.0	0.923076923076923	0.8571428571428571
9259197	{'W1282X', 'N1303K', '621+1G>T', 'R334W', '1677delTA', '451+1GA', 'R1066C', '3659delC', '1078delT', 'R347H', '394delTT', '2789+5G>A', 'deltaF308', 'T338I', 'R1162X', 'A455E', '2183AA>G', '711+1G>T', '1811+1.6kbA>G', '1609delCA', '3905insT', 'R117H', '1898+1G>A', 'R347P', 'deltaI507', 'G542X', 'deltaF508', 'S549R', 'R553X', 'R560T', 'G85E', '17171G>A', 'G551D', '3849+10kbC>T'}	{'W1282X', 'N1303K', '621+1G>T', 'R334W', '1677delTA', '451+1GA', 'R1066C', '3659delC', '1078delT', 'R347H', '394delTT', '2789+5G>A', 'T338I', 'R1162X', 'A455E', '2183AA>G', '711+1G>T', '1811+1.6kbA>G', '1609delCA', '3905insT', 'R117H', '1898+1G>A', 'R347P', 'deltaI507', 'G542X', 'deltaF508', 'S549R', 'R553X', 'G85E', '17171G>A', 'G551D', '3849+10kbC>T'}	32	0	2	34	32	1.0	0.9411764705882353	0.9696969696969697	0.9411764705882353
9382097	{'glycineargininesubstitutionatposition197'}	{'glycineargininesubstitutionatposition197'}	1	0	0	1	1	1.0	1.0	1.0	1.0
9452048	{'deltaD192', 'R117P', '31211G>A'}	{'deltaD192', 'R117P', '31211G>A'}	3	0	0	3	3	1.0	1.0	1.0	1.0
9452104	{'1780delTC', 'E1875G', 'G2088S', 'I2185T'}	{'1780delTC', 'I2185T', 'E1875G', '2bpdeletion', 'G2088S'}	4	1	0	4	5	0.8	1.0	0.888888888888889	0.8
9633815	{'IVS61gt', 'DEL366S', 'IVS61gc', 'G158D', 'IVS81gc', 'IVS12+5ga', 'F405H', 'P261L', 'IVS2+1gt'}	{'P261L', 'G158D', 'F405H', 'DEL366S'}	4	0	5	9	4	1.0	0.4444444444444444	0.6153846153846153	0.4444444444444444
9634522	{'8765delAG'}	{'8765delAG'}	1	0	0	1	1	1.0	1.0	1.0	1.0
9792408	"{""deltaTGwasfoundinthe3'untranslatedregion3'UTRofthegene,7bpupstreamfromthepolyadenylationsignal"", 'IVS2+1G>A'}"	{'IVS2+1G>A'}	1	0	1	2	1	1.0	0.5	0.6666666666666666	0.5
9837820	{'R15L', '964del13', 'L28P', 'Y90C', 'R257*'}	{'R15L', '964del13', 'L28P', 'Y90C', '13bpdeletion', 'R257*'}	5	1	0	5	6	0.8333333333333334	1.0	0.9090909090909091	0.8333333333333334
9915968	{'Glu318Gly'}	{'Glu318Gly'}	1	0	0	1	1	1.0	1.0	1.0	1.0
