PMID	GT_Mutations	AIONER-tmVar3_Mutations	TP	FP	FN	Total_GT	Total_AIONER-tmVar3	Precision	Recall	F1	Accuracy
12636044	{'c2403T>C', 'Ala1492withanAsp', 'c5398T>C', 'c4475C>A'}	{'c2403T>C', 'Ala1492withanAsp', 'c5398T>C', 'c4475C>A'}	4	0	0	4	4	1.0	1.0	1.0	1.0
12650796	{'cysineinsertionatposition3020', '3020insC'}	{'cysineinsertionatposition3020', '3020insC'}	2	0	0	2	2	1.0	1.0	1.0	1.0
12653841	{'878delA', '1936delG', '1195delC'}	{'878delA', '1936delG', '1195delC'}	3	0	0	3	3	1.0	1.0	1.0	1.0
12668354	{'44basepairinsertion/deletion'}	{'44basepairinsertion/deletion'}	1	0	0	1	1	1.0	1.0	1.0	1.0
12668609	{'A262T'}	{'A262T'}	1	0	0	1	1	1.0	1.0	1.0	1.0
12673366	{'GCsubstitutionatposition135'}	{'GCsubstitutionatposition135'}	1	0	0	1	1	1.0	1.0	1.0	1.0
12701064	{'3basedeletion', '3basedeletionTCC,either350351or351352codon', '1basedeletion', 'TAC>AAatcodon329'}	{'3basedeletionTCC,either350351or351352codon', '1basedeletion', 'TAC>AAatcodon329'}	4	0	0	4	3	1.0	1.0	1.0	1.0
12716337	{'GCsubstitutionatposition174'}	{'GCsubstitutionatposition174'}	1	0	0	1	1	1.0	1.0	1.0	1.0
12719097	{'terminationatcodon1524', 'Cdeletionatnucleotideposition4548'}	{'terminationatcodon1524', 'Cdeletionatnucleotideposition4548'}	2	0	0	2	2	1.0	1.0	1.0	1.0
12729343	{'D543N', '1729+55del4', '469+14G/C'}	{'D543N', '1729+55del4', '469+14G/C'}	3	0	0	3	3	1.0	1.0	1.0	1.0
12736721	{'192bpinsert'}	{'192bpinsert'}	1	0	0	1	1	1.0	1.0	1.0	1.0
12737948	{'IVS348C', 'IVS10+1,g>t', 'IVS123T', '251G'}	{'IVS348C', 'IVS10+1,g>t', 'IVS123T', '251G'}	4	0	0	4	4	1.0	1.0	1.0	1.0
12750403	{'1631delC', '1bpdeletion', '573X'}	{'1631delC', '1bpdeletion', '573X'}	3	0	0	3	3	1.0	1.0	1.0	1.0
12752111	{'IVSI1G>A', 'IVSI5G>C', 'codonCD26GAG>GAA', '13bpdeletion', 'IVSI129A>C'}	{'IVSI1G>A', 'IVSI5G>C', 'codonCD26GAG>GAA', '13bpdeletion', 'IVSI129A>C'}	5	0	0	5	5	1.0	1.0	1.0	1.0
12791036	{'615delC', 'duplicationof17bp', '12851301dup', 'R238X'}	{'615delC', 'duplicationof17bp', '12851301dup', 'R238X'}	4	0	0	4	4	1.0	1.0	1.0	1.0
12809638	{'25902591insCCCC', '752758delGCCGGCC', 'R84Q', '2566T>C', 'C488R'}	{'25902591insCCCC', '752758delGCCGGCC', 'R84Q', '2566T>C', 'C488R'}	5	0	0	5	5	1.0	1.0	1.0	1.0
12820697	{'P261L', '1009delA', 'A182T', 'V330M'}	{'P261L', '1009delA', 'A182T', 'V330M'}	4	0	0	4	4	1.0	1.0	1.0	1.0
12829659	{'G308G', 'C174C', 'G308A', 'C174G', '308A'}	{'G308G', 'C174C', 'G308A', 'C174G', '308A'}	5	0	0	5	5	1.0	1.0	1.0	1.0
12862311	{'R497X', '791G>T', 'Q1169X', 'R295C'}	{'R497X', '791G>T', 'Q1169X', 'R295C'}	4	0	0	4	4	1.0	1.0	1.0	1.0
12872254	{'399402delAGAG', '4bpdeletion'}	{'399402delAGAG', '4bpdeletion'}	2	0	0	2	2	1.0	1.0	1.0	1.0
12898858	{'M235T', 'A1166C'}	{'M235T', 'A1166C'}	2	0	0	2	2	1.0	1.0	1.0	1.0
12915397	{'866A', 'A55V', '45ntinsertion', 'Ala55Val', '866G/A'}	{'866A', 'A55V', '45ntinsertion', 'Ala55Val', '866G/A'}	5	0	0	5	5	1.0	1.0	1.0	1.0
12915882	{'Arg139', 'His113', 'argininehistidineatresidue139', 'His139', 'Tyr113', 'histidinetyrosineatresidue113'}	{'Arg139', 'His113', 'argininehistidineatresidue139', 'His139', 'Tyr113', 'histidinetyrosineatresidue113'}	6	0	0	6	6	1.0	1.0	1.0	1.0
12925671	{'620621del', 'C877T'}	{'620621del', 'C877T'}	2	0	0	2	2	1.0	1.0	1.0	1.0
12925722	{'glycinesubstitutionatcodon154', 'glycineforanasparticacidresidueatcodon262'}	{'glycinesubstitutionatcodon154', 'glycineforanasparticacidresidueatcodon262'}	2	0	0	2	2	1.0	1.0	1.0	1.0
12968672	{'G1739A'}	{'G1739A'}	1	0	0	1	1	1.0	1.0	1.0	1.0
14508191	{'A/C1166', 'T/C704', 'T/C344'}	{'A/C1166', 'T/C704', 'T/C344'}	3	0	0	3	3	1.0	1.0	1.0	1.0
14510914	{'deletionofthecodingsequencent1314throughnt1328', 'del439443', '15ntduplicating', 'lackingthefiveterminalaminoacidsofexonXI439443'}	{'deletionofthecodingsequencent1314throughnt1328', 'del439443', 'insertionof15ntduplicatingthefirst15', 'lackingthefiveterminalaminoacidsofexonXI439443'}	4	0	0	4	4	1.0	1.0	1.0	1.0
14510916	{'1892G>C', 'A68P'}	{'1892G>C', 'A68P'}	2	0	0	2	2	1.0	1.0	1.0	1.0
14533983	{'D32', '32nucleotidedeletion'}	{'D32', '32nucleotidedeletion'}	2	0	0	2	2	1.0	1.0	1.0	1.0
14562027	{'263G/A', '1001C/T', '+355G/T', '+142C/G', '13C/T'}	{'263G/A', '1001C/T', '+355G/T', '+142C/G', '13C/T'}	5	0	0	5	5	1.0	1.0	1.0	1.0
14568816	{'spcodonatnucleotides766768', 'GAmutationatcodon456', 'GATTduplicationnucleotides763766'}	{'spcodonatnucleotides766768', 'GAmutationatcodon456', 'GATTduplicationnucleotides763766'}	3	0	0	3	3	1.0	1.0	1.0	1.0
14576201	{'G5947A', 'R1851Q', 'IVS46:delT39...46', 'deletionofthymidineinapolypyrimidinetractlocated3346bps'}	{'G5947A', 'R1851Q', 'IVS46:delT39...46', 'deletionofthymidineinapolypyrimidinetractlocated3346bps'}	4	0	0	4	4	1.0	1.0	1.0	1.0
14623369	{'C270T'}	{'C270T'}	1	0	0	1	1	1.0	1.0	1.0	1.0
14639526	{'dup17p11.2p11.2', '4Mbheterozygousinterstitialdeletion', '2.1kbATrichinvertedrepeats'}	{'dup17p11.2p11.2', '4Mbheterozygousinterstitialdeletion'}	2	0	1	3	2	1.0	0.6666666666666666	0.8	0.6666666666666666
14673473	{'V30M', 'Val30Met'}	{'V30M', 'Val30Met', 'V30M.'}	2	0	0	2	3	1.0	1.0	1.0	1.0
14708104	{'F1129X', 'spatcodon1129', '33853386delTT'}	{'F1129X', 'spatcodon1129', '33853386delTT'}	3	0	0	3	3	1.0	1.0	1.0	1.0
14709355	{'5GCrepeats', 'spcodonatresidue178'}	{'spcodonatresidue178'}	1	0	1	2	1	1.0	0.5	0.6666666666666666	0.5
14722925	{'G>Asubstitutionatnucleotide+1ofintron2', '27delC', '87+1G>A', 'N34S'}	{'27delC', '87+1G>A', 'N34S', 'G>Asubstitutionatnucleotide+1'}	4	0	0	4	4	1.0	1.0	1.0	1.0
14742428	{'V69G', '1109ins8bp', 'IVS9del[7:4]', 'S133sp', 'H156Y', 'H391R', 'C219W'}	{'V69G', '1109ins8bp', 'IVS9del[7:4]', 'V69', 'S133sp', 'H156Y', 'H391R', 'C219W'}	7	0	0	7	8	1.0	1.0	1.0	1.0
14751036	{'Cinsertioninexon14betweenpositions25052511', '1242G>T', 'GGCCinsertionatexon8,position1277', '2084G>A', 'GGCCinsertionatexon81277', '1780C>A', '9+1G>T', '2068G>C'}	{'1242G>T', 'GGCCinsertionatexon8,position1277', '2084G>A', 'GGCCinsertionatexon81277', '1780C>A', '9+1G>T', 'exon14betweenpositions25052511', '2068G>C'}	8	0	0	8	8	1.0	1.0	1.0	1.0
14962306	{'V1561M', 'V1561', 'M1561'}	{'V1561M', 'V1561', 'M1561'}	3	0	0	3	3	1.0	1.0	1.0	1.0
14979495	{'Arg753Gln', 'Arg753GLn', 'arginineglutaminesubstitutionatresidue753polymorphism', 'arginineglutaminesubstitutionatresidue753'}	{'Arg753Gln', 'Arg753GLn', 'arginineglutaminesubstitutionatresidue753polymorphism', 'arginineglutaminesubstitutionatresidue753'}	4	0	0	4	4	1.0	1.0	1.0	1.0
15000256	{'ACsubstitutionatnucleotide879'}	{'ACsubstitutionatnucleotide879'}	1	0	0	1	1	1.0	1.0	1.0	1.0
15003823	{'33+2T>C', '962GA', '3451G>C', '181G>C', '1067delA', '498+15G>T', '49913Delta14bpindelTGA', '26761del8bp', '825+1G>C', '10671068ins5bp', '825+2T>C'}	{'33+2T>C', '962GA', '3451G>C', '181G>C', '1067delA', '498+15G>T', '49913Delta14bpindelTGA', '26761del8bp', '825+1G>C', '10671068ins5bp', '825+2T>C'}	11	0	0	11	11	1.0	1.0	1.0	1.0
15009222	{'C435G', 'del329C', 'singlenucleotidedeletionatposition329'}	{'C435G.', 'del329C', 'singlenucleotidedeletionatposition329'}	3	0	0	3	3	1.0	1.0	1.0	1.0
15018851	{'N495K', 'L501I'}	{'N495K', 'L501I'}	2	0	0	2	2	1.0	1.0	1.0	1.0
15033202	{'5nucleotidedeletion'}	{'5nucleotidedeletion'}	1	0	0	1	1	1.0	1.0	1.0	1.0
15041272	{'R1306W', 'CTtransitionatnucleotide3916', 'Arg1306Trp'}	{'R1306W', 'CTtransitionatnucleotide3916', 'Arg1306Trp'}	3	0	0	3	3	1.0	1.0	1.0	1.0
15064320	{'R227Q', 'Tnucleotidedeletion,whichpredictsaframeshiftmutationfromcodon219', 'Tdel219'}	{'R227Q', 'Tnucleotidedeletion,whichpredictsaframeshiftmutationfromcodon219', 'Tdel219'}	3	0	0	3	3	1.0	1.0	1.0	1.0
15069170	{'185C>T', 'Thr60Met', '7A>T', '1930C>T', '11811186+20del26', 'Ala569Val', 'Leu849His', '1932delC', 'IVS16+1G>A', '96bpinsertion', 'Met1Leu', 'Arg642Cys', '18111812delAT', '2552T>A', '1712C>T'}	{'185C>T', 'Thr60Met', '7A>T', '1930C>T', '11811186+20del26', 'Ala569Val', 'Leu849His', '1932delC', 'IVS16+1G>A', '96bpinsertion', 'Met1Leu', 'Arg642Cys', '18111812delAT', '2552T>A', '1712C>T'}	15	0	0	15	15	1.0	1.0	1.0	1.0
15086325	{'IVS82A>G', 'Gly2079Val', '22389delAG', 'G6410T'}	{'IVS82A>G', '22389delAG', '689AA', 'Gly2079Val', 'G6410T'}	4	1	0	4	5	0.8	1.0	0.888888888888889	0.8
15086338	{'6573+1G>C', '5504delA'}	{'6573+1G>C', '5504delA'}	2	0	0	2	2	1.0	1.0	1.0	1.0
15111599	{'3bpdeletion', 'DeltaG91', 'IVS3+1G/A', '279delGAG', 'deletionofglycine91'}	{'3bpdeletion', 'DeltaG91', 'IVS3+1G/A', '279delGAG', 'deletionofglycine91'}	5	0	0	5	5	1.0	1.0	1.0	1.0
15122708	{'del92nucleotide19/+73'}	{'del92nucleotide19/+73'}	1	0	0	1	1	1.0	1.0	1.0	1.0
15122711	{'Glu873Sp', 'Ala467Thr', 'G1681A'}	{'Glu873Sp', 'Ala467Thr', 'G1681A'}	3	0	0	3	3	1.0	1.0	1.0	1.0
15135245	{'His3543Tyr', 'R3500W', 'R3531C', 'CAC3543TAC', 'Arg3500Gln', 'H3543Y', 'R3480W', 'R3500Q'}	{'His3543Tyr', 'R3500W', 'R3531C', 'CAC3543TAC', 'Arg3500Gln', 'H3543Y', 'R3480W', 'R3500Q'}	8	0	0	8	8	1.0	1.0	1.0	1.0
15147378	{'36bpinsertion'}	{'36bpinsertion'}	1	0	0	1	1	1.0	1.0	1.0	1.0
15148206	{'27bpduplicationwasfoundinsertedinthe2Bdomainatnucleotideposition1222', '27bpinsertion', 'Arg135Ser', '429A>C', 'duplicationof27nucleotides', '1222ins27'}	{'27bpduplicationwasfoundinsertedinthe2Bdomainatnucleotideposition1222', '27bpinsertion', 'Arg135Ser', '429A>C', 'duplicationof27nucleotides', '1222ins27'}	6	0	0	6	6	1.0	1.0	1.0	1.0
15191352	{'1123T>G', 'I280S'}	{'1123T>G', 'I280S'}	2	0	0	2	2	1.0	1.0	1.0	1.0
15198485	{'LysAsnatposition198', '134delA', 'Lys198Asn'}	{'LysAsnatposition198', '134delA', 'Lys198Asn'}	3	0	0	3	3	1.0	1.0	1.0	1.0
15200408	{'Ala7Val', 'Pro154Ala'}	{'Ala7Val', 'Pro154Ala'}	2	0	0	2	2	1.0	1.0	1.0	1.0
15200509	{'cysineCforguanineGatcodon246', 'spcodonatthe246residue', 'Tyr246X'}	{'cysineCforguanineGatcodon246', 'spcodonatthe246residue', 'Tyr246X'}	3	0	0	3	3	1.0	1.0	1.0	1.0
15205584	{'W486C'}	{'W486C'}	1	0	0	1	1	1.0	1.0	1.0	1.0
15272913	{'306basepairinsertion'}	{'306basepairinsertion'}	1	0	0	1	1	1.0	1.0	1.0	1.0
15304120	{'G71R', 'Y486D', 'P229Q', 'P364L', '1091C>T'}	{'G71R', 'Y486D', 'P229Q', 'P364L', '1091C>T'}	5	0	0	5	5	1.0	1.0	1.0	1.0
15316799	{'+45CC', 'intron4,+718C>T', 'intron2,352G>A', 'intron3,+45C>T', '352asGGorGA', '352G', 'Phe>Seratcodon15', '15T>C'}	{'+45CC', 'intron4,+718C>T', 'intron2,352G>A', 'intron3,+45C>T', '352asGGorGA', '352G', 'Phe>Seratcodon15', '15T>C'}	8	0	0	8	8	1.0	1.0	1.0	1.0
15377356	{'3432delT', '18772A>C'}	{'3432delT', '18772A>C'}	2	0	0	2	2	1.0	1.0	1.0	1.0
15459183	{'Ile232Thr', '4bpdeletion', '13nucleotiderepeat', '232Ile', '232Thr'}	{'232Thr', 'Ile232Thr', '232Ile'}	3	0	2	5	3	1.0	0.6	0.7499999999999999	0.6
15461822	{'Delta30', 'Delta304995', '30nucleotidedeletion'}	{'rDEN2Delta30', 'Delta30', '4995', '30nucleotidedeletion'}	3	0	0	3	4	1.0	1.0	1.0	1.0
15464247	{'4bpinsertion/deletion', '1188A/C', '1188C'}	{'1188A/C', '1188C'}	2	0	1	3	2	1.0	0.6666666666666666	0.8	0.6666666666666666
15481887	{'codon29,GGC>AGC', 'codon26,GAG>GCG'}	{'codon29,GGC>AGC', 'codon26,GAG>GCG'}	2	0	0	2	2	1.0	1.0	1.0	1.0
15485686	{'V1764M', 'I1762A', 'G>Asubstitutionatcodon1763', 'V1763M'}	{'V1763', 'V1764M', 'I1762A', 'G>Asubstitutionatcodon1763'}	4	0	0	4	4	1.0	1.0	1.0	1.0
15579915	{'IVS10+4G'}	{'IVS10+4G.'}	1	0	0	1	1	1.0	1.0	1.0	1.0
15607529	{'tyrosinecodoninaspcodonatcodon612', 'TGtransversionatnucleotide1836'}	{'tyrosinecodoninaspcodonatcodon612', 'TGtransversionatnucleotide1836'}	2	0	0	2	2	1.0	1.0	1.0	1.0
15609295	{'changesasparagine86foralanineandeliminatesaminoacids87,88,and89arginine,threonine,andproline', 'Asn45Ser', 'ninenucleotidedeletionstartingatposition1952', 'asparagineAACforserineAGCatresidue45'}	{'changesasparagine86foralanineandeliminatesaminoacids87,88,and89arginine,threonine,andproline', 'Asn45Ser', 'ninenucleotidedeletionstartingatposition1952', 'asparagineAACforserineAGCatresidue45'}	4	0	0	4	4	1.0	1.0	1.0	1.0
15623763	{'Arg555Trp', 'glycine594valine', 'histidine626arginine', 'valine539asparticacid', 'Gly594Val', 'Val539Asp', 'deletionofvaline624,valine625', 'His626Arg', 'Leu269Phe', 'Arg124Cys', 'arginine555trypphan', 'Val624Val625del', 'Arg124Leu', 'arginine124cysteine', 'leucine269phenylalanine'}	{'Arg555Trp', 'glycine594valine', 'histidine626arginine', 'valine539asparticacid', 'Gly594Val', 'Val539Asp', 'deletionofvaline624,valine625', 'His626Arg', 'Leu269Phe', 'Arg124Cys', 'arginine555trypphan', 'Val624Val625del', 'Arg124Leu', 'arginine124cysteine', 'leucine269phenylalanine'}	15	0	0	15	15	1.0	1.0	1.0	1.0
15636431	{'TCsubstitutionatposition1833'}	{'TCsubstitutionatposition1833'}	1	0	0	1	1	1.0	1.0	1.0	1.0
15642853	{'R396G', 'G284R'}	{'R396G', 'G284R'}	2	0	0	2	2	1.0	1.0	1.0	1.0
15649253	{'L50R'}	{'L50R'}	1	0	0	1	1	1.0	1.0	1.0	1.0
15661214	{'guanineinsertion2Gpolymorphismatnucleotide1607'}	{'guanineinsertion2Gpolymorphismatnucleotide1607'}	1	0	0	1	1	1.0	1.0	1.0	1.0
15667541	{'Glu29Lys', 'E29K', 'g.3907G>A'}	{'Glu29Lys', 'E29K', 'g.3907G>A'}	3	0	0	3	3	1.0	1.0	1.0	1.0
15668505	{'203A', '203G>A', 'N372H'}	{'203A', '203G>A', 'N372H'}	3	0	0	3	3	1.0	1.0	1.0	1.0
15672026	{'A>Gpolymorphismatposition670', 'adenineAguanineGsubstitutionatposition670'}	{'A>Gpolymorphismatposition670', 'adenineAguanineGsubstitutionatposition670'}	2	0	0	2	2	1.0	1.0	1.0	1.0
15680411	{'GACTAnmicrosatellitelocated120kb', 'I134T', 'R399Q', 'T241M', 'R194W'}	{'GACTAnmicrosatellitelocated120kb', 'I134T', 'R399Q', 'T241M', 'R194W'}	5	0	0	5	5	1.0	1.0	1.0	1.0
15710861	{'F219V'}	{'F219V'}	1	0	0	1	1	1.0	1.0	1.0	1.0
15749661	{'L490R', '714C', 'V561X', 'AVAQ594597deletion', '1469T>G', '1665delC', 'C282Y', 'I238M'}	{'L490R', '714C', 'V561X', 'L490R.', 'AVAQ594597deletion', '1469T>G', '1665delC', 'C282Y', 'I238M'}	8	0	0	8	9	1.0	1.0	1.0	1.0
15754732	{'912delTA', '222insT', 'Q536X', '835del18', 'R171Q', 'P291A', 'D418D', 'L89R'}	{'912delTA', '222insT', 'Q536X', '835del18', 'R171Q', 'P291A', 'D418D', 'L89R'}	8	0	0	8	8	1.0	1.0	1.0	1.0
15755837	{'19basepairdeletion'}	{'19basepairdeletion'}	1	0	0	1	1	1.0	1.0	1.0	1.0
15768551	{'GTT>GCTtransitionatcodon23'}	{'GTT>GCTtransitionatcodon23'}	1	0	0	1	1	1.0	1.0	1.0	1.0
15770495	{'R266W', 'G196S', 'IVS3+1G>A', 'G183S', 'del418T', 'V89L', 'A207D', 'del642T', 'Q126R', 'G158R', 'A49T', '217218insC', 'R246W'}	{'R266W', 'G196S', 'IVS3+1G>A', 'G183S', 'del418T', 'V89L', 'A207D', 'del642T', 'Q126R', 'G158R', 'A49T', '217218insC', 'R246W'}	13	0	0	13	13	1.0	1.0	1.0	1.0
15807692	{'IVS51+1G>A', '3472delC'}	{'IVS51+1G>A.', '3472delC'}	2	0	0	2	2	1.0	1.0	1.0	1.0
15818664	{'143bpTC', '4basepairGA', '+14bpCT', '4bpGA'}	{'143bpTC', '4basepairGA', '+14bpCT', '4bpGA'}	4	0	0	4	4	1.0	1.0	1.0	1.0
15820770	{'GAT>GAGsubstitutionreplacesasparticacidglutamicacidincodon416', 'ACG>AAGsubstitutionincodon420'}	{'GAT>GAGsubstitutionreplacesasparticacidglutamicacidincodon416', 'ACG>AAGsubstitutionincodon420'}	2	0	0	2	2	1.0	1.0	1.0	1.0
15824163	{'rs1639679'}	{'rs1639679'}	1	0	0	1	1	1.0	1.0	1.0	1.0
15834874	{'G1915T/A', 'C3026T', 'T2005C/A', 'A1053G', 'G529A', 'C934A'}	{'G1915T/A', 'C3026T', 'T2005C/A', 'A1053G', 'G529A', 'C934A'}	6	0	0	6	6	1.0	1.0	1.0	1.0
15837627	{'V617F'}	{'JAK2V617F'}	1	0	0	1	1	1.0	1.0	1.0	1.0
15851735	{'2607C>A'}	{'2607C>A', '2607C>A.'}	1	0	0	1	2	1.0	1.0	1.0	1.0
15867855	{'rs2277025', '157delMTTTVP'}	{'rs2277025', '157delMTTTVP'}	2	0	0	2	2	1.0	1.0	1.0	1.0
15880727	{'10441049delTTCTGGinsACACT', '360363delCAAA', 'A150P', '612T>G', '532T>C', '1131G>A', 'N335K', '345372del28', '851T>C', 'R60X', 'C178R', '865delC', 'A175D', 'Y204X', '841842delAC', 'L284P', '799+2T>A'}	{'10441049delTTCTGGinsACACT', '360363delCAAA', 'A150P', '612T>G', '532T>C', '1131G>A', 'N335K', '345372del28', '851T>C', 'R60X', 'C178R', '799+2T>A', 'A175D', 'Y204X', '841842delAC', 'L284P', '865delC.'}	17	0	0	17	17	1.0	1.0	1.0	1.0
15929706	{'3basepairinsertion', '3bpinsertion'}	{'3basepairinsertion', '3bpinsertion'}	2	0	0	2	2	1.0	1.0	1.0	1.0
15983230	{'rs5393'}	{'rs5393'}	1	0	0	1	1	1.0	1.0	1.0	1.0
16000134	{'Tinsertionat7916and7917', 'Glu272sp'}	{'Glu272sp', 'nucleotideTinsertionat7916and7917'}	2	0	0	2	2	1.0	1.0	1.0	1.0
16005363	{'AFF344345ins'}	{'AFF344345ins'}	1	0	0	1	1	1.0	1.0	1.0	1.0
16018252	{'AwasreplacedaGincodon38', 'TAtransitionatthenucleotideposition+387'}	{'AwasreplacedaGincodon38', 'TAtransitionatthenucleotideposition+387'}	2	0	0	2	2	1.0	1.0	1.0	1.0
16046395	{'A118', 'adenosine,guanosine,cytidine,andthymidineinposition118', 'N40D', 'A118G', 'G118'}	{'A118', 'adenosine,guanosine,cytidine,andthymidineinposition118', 'N40D', 'A118G', 'A118G.', 'G118'}	5	0	0	5	6	1.0	1.0	1.0	1.0
16051693	{'V175M', 'Met/Metatresidue175'}	{'V175M', 'Met/Metatresidue175'}	2	0	0	2	2	1.0	1.0	1.0	1.0
16088915	{'Arg792Gly', 'AGtransitionatnucleotide+79', 'arginineataminoacid792acodonforglycine'}	{'Arg792Gly', 'AGtransitionatnucleotide+79', 'arginineataminoacid792acodonforglycine'}	3	0	0	3	3	1.0	1.0	1.0	1.0
16120104	{'111G', 'G3853A', 'C1228T', 'C111G'}	{'111G', 'G3853A', 'C1228T', 'C111G'}	4	0	0	4	4	1.0	1.0	1.0	1.0
16143638	{'IVS25855insT'}	{'IVS25855insT'}	1	0	0	1	1	1.0	1.0	1.0	1.0
16152606	{'657del5', 'R215W', '643C>T'}	{'657del5', 'R215W', '643C>T'}	3	0	0	3	3	1.0	1.0	1.0	1.0
16157158	{'Cys23Ser', 'Cys23Ser23'}	{'Cys23Ser', 'Cys23Ser23'}	2	0	0	2	2	1.0	1.0	1.0	1.0
16159638	{'15bpinsertion/deletion'}	{'15bpinsertion/deletion'}	1	0	0	1	1	1.0	1.0	1.0	1.0
16167150	{'45bpins/del', 'ins/del;45bpand3bp', '3bpins/del', 'Ala55Val', '866G/A'}	{'45bpins/del', 'ins/del;45bpand3bp', '3bpins/del', 'Ala55Val', '866G/A'}	5	0	0	5	5	1.0	1.0	1.0	1.0
16181814	{'A467T', 'E873sp', 'E873TAG'}	{'A467T', 'E873sp', 'E873TAG', 'A467T.'}	3	0	0	3	4	1.0	1.0	1.0	1.0
16186368	{'K386T', '15bpdeletion', 'S482X'}	{'K386T', '15bpdeletion', 'S482X'}	3	0	0	3	3	1.0	1.0	1.0	1.0
16211251	{'Glu4Lys', '10G>A'}	{'Glu4Lys', '10G>A'}	2	0	0	2	2	1.0	1.0	1.0	1.0
16216473	{'prolineserinesubstitutionatcodon155', 'P155S', 'C463T', 'C>TtransversionatcDNAbase463'}	{'prolineserinesubstitutionatcodon155', 'P155S', 'C463T', 'C>TtransversionatcDNAbase463'}	4	0	0	4	4	1.0	1.0	1.0	1.0
16252083	{'Gly322Asp', 'Asn>Sersubstitutionatcodon127', 'G>Atransitionat1032position', 'Asn127Ser', 'A>Gtransitionat127position', 'Gly>Aspchangeatcodon322'}	{'Gly322Asp', 'Asn>Sersubstitutionatcodon127', 'G>Atransitionat1032position', 'Asn127Ser', 'A>Gtransitionat127position', 'Gly>Aspchangeatcodon322'}	6	0	0	6	6	1.0	1.0	1.0	1.0
16256386	{'R400K', 'IVS4+3G>C', 'R413P', 'G346R', 'R157I', 'R111X', 'Y356X', 'I38fsX19', 'R157K', 'T200fsX6', 'S349A', 'L367L', 'IVS12+4A>G', 'F302fsX39', 'Y154H', 'R243Q', 'EX696A>G', 'Q267E', 'IVS12+6T>A', 'Q267H'}	{'R400K', 'IVS4+3G>C', 'R413P', 'G346R', 'R157I', 'R111X', 'Y356X', 'I38fsX19', 'R157K', 'T200fsX6', 'S349A', 'L367L', 'IVS12+4A>G', 'F302fsX39', 'Y154H', 'R243Q', 'EX696A>G', 'Q267E', 'IVS12+6T>A.', 'Q267H'}	20	0	0	20	20	1.0	1.0	1.0	1.0
16277682	{'M404V', 'methionine>valinesubstitutionatcodon404'}	{'M404V', 'methionine>valinesubstitutionatcodon404'}	2	0	0	2	2	1.0	1.0	1.0	1.0
16288197	{'Q48H', '144G>A'}	{'Q48H', '144G>A'}	2	0	0	2	2	1.0	1.0	1.0	1.0
16288199	{'CCTTT13', 'CCTTT10', 'CCTTT14'}	{'CCTTT13', 'CCTTT10', 'CCTTT14'}	3	0	0	3	3	1.0	1.0	1.0	1.0
16321363	{'del1p31.2p32.3', '338G>A', 'deletion1012Mb'}	{'del1p31.2p32.3', '338G>A', 'deletion1012Mb'}	3	0	0	3	3	1.0	1.0	1.0	1.0
16379540	{'4002A>G', 'S589N', 'D110H', 'del14b17b'}	{'4002A>G', 'S589N', 'D110H', 'CFTRdel14b17b'}	4	0	0	4	4	1.0	1.0	1.0	1.0
16410744	{'codon787CAG/CAA'}	{'codon787CAG/CAA'}	1	0	0	1	1	1.0	1.0	1.0	1.0
16418600	{'457458insG', 'F366L'}	{'457458insG', 'F366L'}	2	0	0	2	2	1.0	1.0	1.0	1.0
16419642	{'L809L', 'S810L', 'F826Y'}	{'L809L', 'S810L', 'F826Y'}	3	0	0	3	3	1.0	1.0	1.0	1.0
16424663	{'nt81Gdeletion', 'deletionofcDNAnucleotide81'}	{'nt81Gdeletion', 'deletionofcDNAnucleotide81'}	2	0	0	2	2	1.0	1.0	1.0	1.0
16480574	{'30bpdeletioncodon:346355', '30bpdeleted'}	{'30bpdeletioncodon:346355'}	1	0	1	2	1	1.0	0.5	0.6666666666666666	0.5
16506214	{'+3100T/G', '+8365C/T'}	{'+3100T/G', '+8365C/T'}	2	0	0	2	2	1.0	1.0	1.0	1.0
16525586	{'16421644dupA', 'Ser413Leu', 'Arg260His', '892895dupG', 'Ser263Phe', 'Tyr547fs', 'Val414Phe', '20451G>A', 'Ser290/Ala291fs', '791C>T', 'Tyr69X', '210T>G'}	{'16421644dupA', 'Ser413Leu', 'Arg260His', '892895dupG', 'Ser263Phe', 'Val414Phe', '20451G>A', 'Ser290/Ala291fs', 'codonTyr547fs', '791C>T', 'Tyr69X', '210T>G'}	12	0	0	12	12	1.0	1.0	1.0	1.0
16543197	{'G1103R'}	{'G1103R'}	1	0	0	1	1	1.0	1.0	1.0	1.0
16575011	{'1494del6'}	{'1494del6'}	1	0	0	1	1	1.0	1.0	1.0	1.0
16601880	{'10021003insT', 'D880V', 'H775R', 'E153X', 'R337X', 'T187K', '12851286insCAAA', 'N533Y', 'R424X', 'S957P', 'H651R', 'V705M', 'R373W', '2422delA', 'R966G', 'T830M', 'R461Q', '861+1G>T', '1175delC', 'S132W', 'R236X', '28delC', '2186delC', 'T269M', 'N732K', 'A841P', 'E270X', 'G171A', 'R212K', 'C644F', 'Y138F', '23161G>A', 'I440N', '2838+5G>A', '2919+1G>A', 'G771R', '14021C>G', '21532155delinsTCCTGGTTTA'}	{'10021003insT', 'D880V', 'H775R', 'E153X', 'R337X', 'T187K', '12851286insCAAA', 'N533Y', 'R424X', 'S957P', 'H651R', 'V705M', 'R373W', '2422delA', 'R966G', 'T830M', 'R461Q', '861+1G>T', '1175delC', 'S132W', 'R236X', '28delC', '2186delC', 'T269M', 'N732K', 'A841P', 'E270X', 'G171A', 'R212K', 'C644F', 'Y138F', '23161G>A', 'I440N', '2838+5G>A', '2919+1G>A', 'G771R', '14021C>G', '21532155delinsTCCTGGTTTA'}	38	0	0	38	38	1.0	1.0	1.0	1.0
16628674	{'V1188E'}	{'V1188E'}	1	0	0	1	1	1.0	1.0	1.0	1.0
16644711	{'Tyr1306Cys', 'Cys1306', 'Tyr1306'}	{'Tyr1306Cys', 'Cys1306', 'Tyr1306'}	3	0	0	3	3	1.0	1.0	1.0	1.0
16723031	{'28bptandemrepeat', 'del6', '1494del6', '6bpdeletion/insertion'}	{'28bptandemrepeat', 'del6', '1494del6', '6bpdeletion/insertion'}	4	0	0	4	4	1.0	1.0	1.0	1.0
16728705	{'863C>A', 'C>Asubstitutionatposition863'}	{'863C>A', 'C>Asubstitutionatposition863'}	2	0	0	2	2	1.0	1.0	1.0	1.0
16781314	{'deletionofCatnucleotide888', '888delC'}	{'deletionofCatnucleotide888', '888delC'}	2	0	0	2	2	1.0	1.0	1.0	1.0
16822828	{'V311fs', '8bpnucleotideTTAAATGGdeletion', 'D487S488F489deletion', 'Y329fs', 'TAC>AAatcodon329'}	{'V311fs', '8bpnucleotideTTAAATGGdeletion', 'D487S488F489deletion', 'Y329fs', 'TAC>AAatcodon329'}	5	0	0	5	5	1.0	1.0	1.0	1.0
16838170	{'rs2071197', 'rs2144908', 'rs3818247', 'rs4810424', 'rs1884614'}	{'rs2071197', 'rs2144908', 'rs3818247', 'rs4810424', 'rs1884614'}	5	0	0	5	5	1.0	1.0	1.0	1.0
16840830	{'mutationatcodon418ofexon9GAC>TAT', 'AGtransitionatcodon557AAG>GAG'}	{'AGtransitionatcodon557'}	1	0	1	2	1	1.0	0.5	0.6666666666666666	0.5
16843501	{'Ser326Cys', 'G>Csubstitutionatposition135', 'G135C', 'Ser1245Cys', 'G>Ctransversionat1245position', 'Ser>Cyssubstitutionatthecodon326'}	{'Ser326Cys', 'G>Csubstitutionatposition135', 'G135C', 'Ser1245Cys', 'G>Ctransversionat1245position', 'Ser>Cyssubstitutionatthecodon326'}	6	0	0	6	6	1.0	1.0	1.0	1.0
16849419	{'101bpdeletion', '85bpdeletion'}	{'101bpdeletion', '85bpdeletion'}	2	0	0	2	2	1.0	1.0	1.0	1.0
16911351	{'646G>C', '904906delGAG', '3bpdeletion', 'Asp216His'}	{'646G>C', '904906delGAG', '3', 'Asp216His'}	4	0	0	4	4	1.0	1.0	1.0	1.0
16953235	{'T11', 'I11T', '32T', '32C>T'}	{'T11', 'I11T', '32T', '32C>T'}	4	0	0	4	4	1.0	1.0	1.0	1.0
16970763	{'His43Arg', 'Leu103Val', '14bpdeletion'}	{'His43Arg', 'Leu103Val', '14bpdeletion'}	3	0	0	3	3	1.0	1.0	1.0	1.0
16989765	{'His158Arg', 'histidine158'}	{'His158Arg', 'histidine158'}	2	0	0	2	2	1.0	1.0	1.0	1.0
17000021	{'+2740A>G', 'rs1217412', 'Walleleatcodon620', 'R620W', 'rs2488457', '+1858C>T', '1123G>C', 'Ralleleatcodon620', 'rs2476601'}	{'+2740A>G', 'rs1217412', 'Walleleatcodon620', 'R620W', 'rs2488457', '+1858C>T', '1123G>C', 'Ralleleatcodon620', 'rs2476601'}	9	0	0	9	9	1.0	1.0	1.0	1.0
17002658	{'R4Q', 'Arg4', 'g.1755G>A', 'g.1043510809del'}	{'R4Q', 'Arg4', 'g.1755G>A', 'g.1043510809del'}	4	0	0	4	4	1.0	1.0	1.0	1.0
17003357	{'1858C/T', '2250G/C', '1858T'}	{'1858C/T.', '1858C/T', '2250G/C', '1858T'}	3	0	0	3	4	1.0	1.0	1.0	1.0
17003923	{'Arg353Gln', 'Val34Leu', '675insertion/deletion', '1601G>A', '455G>A', '677C>T', '1691G>A', '20210G>A', '807C>T', '4070A>G', '536C>T', '127G>A'}	{'Arg353Gln', 'Val34Leu', '675insertion/deletion', '1601G>A', '455G>A', '677C>T', '1691G>A', '5G/4G', '20210G>A', '807C>T', '4070A>G', '127G>A'}	11	1	1	12	12	0.9166666666666666	0.9166666666666666	0.9166666666666666	0.8461538461538461
17033974	{'2406C>A'}	{'2406C>A'}	1	0	0	1	1	1.0	1.0	1.0	1.0
17050029	{'prolineserinesubstitutionatcodon38'}	{'prolineserinesubstitutionatcodon38'}	1	0	0	1	1	1.0	1.0	1.0	1.0
17059986	{'2633+1G>C', 'r.25212634del', 'Ser555Leu', 'serineleucineataminoacidposition555'}	{'2633+1G>C', 'r.25212634del', 'Ser555Leu', 'serineleucineataminoacidposition555'}	4	0	0	4	4	1.0	1.0	1.0	1.0
17065190	{'rs2857657', 'rs13900', 'rs3917887', 'rs4586'}	{'rs2857657', 'rs13900', 'rs3917887', 'rs4586'}	4	0	0	4	4	1.0	1.0	1.0	1.0
17065479	{'7.36kbhomozygousdeletion'}	{'7.36kbhomozygousdeletion'}	1	0	0	1	1	1.0	1.0	1.0	1.0
17079875	{'1282G>A', '2084G>C'}	{'1282G>A', '2084G>C'}	2	0	0	2	2	1.0	1.0	1.0	1.0
17083016	{'glutaminewithlysineatresidue223', 'lysineatresidue223'}	{'glutaminewithlysineatresidue223', 'lysineatresidue223', 'lysinein1A1ratherthanglutaminein1A5ataminoacid223'}	2	1	0	2	3	0.6666666666666666	1.0	0.8	0.6666666666666666
17160997	{'22basepairduplication', '22bptandemduplication'}	{'22basepairduplication', '22bptandemduplication'}	2	0	0	2	2	1.0	1.0	1.0	1.0
17166870	{'6baseinsertion', '6bINS'}	{'6baseinsertion'}	1	0	1	2	1	1.0	0.5	0.6666666666666666	0.5
17169596	{'671G>A'}	{'671G>A'}	1	0	0	1	1	1.0	1.0	1.0	1.0
17177139	{'glutamicacid333asparticacid', 'E333D', '1284A>C'}	{'glutamicacid333asparticacid', 'E333D', '1284A>C'}	3	0	0	3	3	1.0	1.0	1.0	1.0
17192049	{'Ile462Val', 'T3801C'}	{'Ile462Val', 'T3801C'}	2	0	0	2	2	1.0	1.0	1.0	1.0
17221831	{'serineglycineatposition51', 'G51S'}	{'serineglycineatposition51', 'G51S'}	2	0	0	2	2	1.0	1.0	1.0	1.0
17250663	{'D572N', 'G1714A', 'D572H', 'G1714C'}	{'D572N', 'G1714A', 'D572H', 'G1714C'}	4	0	0	4	4	1.0	1.0	1.0	1.0
17250667	{'Cdeletionincodon241', 'Adeletionincodon242'}	{'Cdeletionincodon241', 'Adeletionincodon242'}	2	0	0	2	2	1.0	1.0	1.0	1.0
17273972	{'H194Q'}	{'H194Q'}	1	0	0	1	1	1.0	1.0	1.0	1.0
17292585	{'A174D', 'Delta4E4', 'N334K', 'A149P'}	{'A174D', 'Delta4E4', 'N334K', 'A149P'}	4	0	0	4	4	1.0	1.0	1.0	1.0
17311329	{'30bpdeletion'}	{'30bpdeletion'}	1	0	0	1	1	1.0	1.0	1.0	1.0
17327131	{'1415insC', '1bpinsertion', 'Asp218Asn', 'Gln266His'}	{'1415insC', '1bpinsertion', 'Asp218Asn', 'Gln266His'}	4	0	0	4	4	1.0	1.0	1.0	1.0
17372760	{'IVS101G>A', 'L638', 'L638P'}	{'IVS101G>A', 'L638', 'L638P'}	3	0	0	3	3	1.0	1.0	1.0	1.0
17391797	{'Val175Met', 'V175M'}	{'Val175Met', 'V175M'}	2	0	0	2	2	1.0	1.0	1.0	1.0
17392687	{'12nucleotideinframedeletion'}	{'12nucleotideinframedeletion'}	1	0	0	1	1	1.0	1.0	1.0	1.0
17395743	{'rs2720709', 'rs2648875'}	{'rs2720709', 'rs2648875'}	2	0	0	2	2	1.0	1.0	1.0	1.0
17426470	{'adenosinedeletionatposition5772'}	{'adenosinedeletionatposition5772'}	1	0	0	1	1	1.0	1.0	1.0	1.0
17495183	{'rs11798018', 'rs2073162', 'rs1155974', 'rs1155794', 'rs2073163', 'rs5966709', 'rs4828037'}	{'rs11798018', 'rs2073162', 'rs1155974', 'rs1155794', 'rs2073163', 'rs5966709', 'rs4828037'}	7	0	0	7	7	1.0	1.0	1.0	1.0
17549393	{'201C>A', 'tyrosinecodonataminoacidposition67inasp', 'Y67X'}	{'201C>A', 'tyrosinecodonataminoacidposition67inasp', 'Y67X'}	3	0	0	3	3	1.0	1.0	1.0	1.0
17595233	{'D299G', 'P631H'}	{'D299G', 'P631H'}	2	0	0	2	2	1.0	1.0	1.0	1.0
17615540	{'T87M', 'C260T', 'threonineatposition87methionine'}	{'T87M', 'C260T', 'threonineatposition87methionine'}	3	0	0	3	3	1.0	1.0	1.0	1.0
17628794	{'valineValalanineAlasubstitutionataminoacid16'}	{'valineValalanineAlasubstitutionataminoacid16'}	1	0	0	1	1	1.0	1.0	1.0	1.0
17634480	{'rs713041', 'rs757229'}	{'rs713041', 'rs757229'}	2	0	0	2	2	1.0	1.0	1.0	1.0
17635946	{'phenylalanineFleucineLsubstitutionataminoacidposition737', 'T>Csubstitutionatposition2209', 'F737L'}	{'phenylalanineFleucineLsubstitutionataminoacidposition737', 'T>Csubstitutionatposition2209'}	2	0	1	3	2	1.0	0.6666666666666666	0.8	0.6666666666666666
17671735	{'94C>T', '798C>T', 'R127H', 'DeltaGJB6D13S1830', 'R32W', '3170G>A', '35delG', '357C>T'}	{'94C>T', 'R127H.', '798C>T', 'R32W', '3170G>A', '35delG', '357C>T'}	7	0	1	8	7	1.0	0.875	0.9333333333333333	0.875
17683901	{'1138G>A', '1138G>C', 'G380R', 'GAorGCsubstitutionatnucleotideposition1138'}	{'1138G>A', '1138G>C', 'G380R', 'GAorGCsubstitutionatnucleotideposition1138'}	4	0	0	4	4	1.0	1.0	1.0	1.0
17710578	{'A1166C'}	{'A1166C'}	1	0	0	1	1	1.0	1.0	1.0	1.0
17868390	{'spcodonatposition372', 'IVS8+4A>G'}	{'spcodonatposition372', 'IVS8+4A>G'}	2	0	0	2	2	1.0	1.0	1.0	1.0
17876530	{'Delta32', '32bpdeletion'}	{'Delta32', '32bpdeletion'}	2	0	0	2	2	1.0	1.0	1.0	1.0
17909797	{'Delta32', '32bpdeletion'}	{'CCR5Delta32', '32bpdeletion'}	2	0	0	2	2	1.0	1.0	1.0	1.0
17910065	{'C139T', 'R47W'}	{'C139T', 'R47W'}	2	0	0	2	2	1.0	1.0	1.0	1.0
17935240	{'AGdeletionatnucleotide652and653', 'g.ORF15+652653delAG'}	{'+652653delAG', 'ORF15+652653delAG', 'AGdeletionatnucleotide652and653'}	2	0	0	2	3	1.0	1.0	1.0	1.0
17951029	{'E300X', 'G>Tsubstitutionatnucleotidec.898'}	{'E300X', 'G>Tsubstitutionatnucleotidec.898'}	2	0	0	2	2	1.0	1.0	1.0	1.0
17959715	{'rs1800734'}	{'rs1800734'}	1	0	0	1	1	1.0	1.0	1.0	1.0
17961316	{'IVS11G>A', 'IVS11G>C'}	{'IVS11G>A', 'IVS11G>C'}	2	0	0	2	2	1.0	1.0	1.0	1.0
17962394	{'R229G', 'arginineataminoacidposition229glycine', '686C>G'}	{'R229G', 'arginineataminoacidposition229glycine', '686C>G'}	3	0	0	3	3	1.0	1.0	1.0	1.0
17962469	{'6baseinframeduplication'}	{'6baseinframeduplication'}	1	0	0	1	1	1.0	1.0	1.0	1.0
17968299	{'Aatposition1082', '1082G/A'}	{'Aatposition1082', '1082G/A'}	2	0	0	2	2	1.0	1.0	1.0	1.0
17990063	{'T3708fs3769'}	{'T3708fs3769'}	1	0	0	1	1	1.0	1.0	1.0	1.0
18046082	{'prolineresidueforarginineresidueatposition150', 'arginine150proline', 'GCpointmutationinexon4base308'}	{'prolineresidueforarginineresidueatposition150', 'arginine150proline', 'GCpointmutationinexon4base308'}	3	0	0	3	3	1.0	1.0	1.0	1.0
18050247	{'C203S', 'N673S'}	{'C203S', 'N673S'}	2	0	0	2	2	1.0	1.0	1.0	1.0
18164595	{'AGtransitionatnucleotide276', '178283delAG', '3097delG', '2bpdeletion', 'N970S'}	{'AGtransitionatnucleotide276', '3097delG.', '178283delAG', '2bpdeletion', 'N970S'}	5	0	0	5	5	1.0	1.0	1.0	1.0
18166824	{'M200V', 'P29S', 'prolinewithapolaraminoacidserineatposition29'}	{'M200V', 'P29S', 'prolinewithapolaraminoacidserineatposition29'}	3	0	0	3	3	1.0	1.0	1.0	1.0
18189233	{'D541E', 'K294E', '20bpinsertion/deletionpolymorphism1,109bpupstreamoftheinitiationcodon', 'R462Q', 'A/Gtransition1,071bp'}	{'D541E', 'K294E', '20bpinsertion/deletionpolymorphism1,109bpupstreamoftheinitiationcodon', 'R462Q', 'A/Gtransition1,071bp'}	5	0	0	5	5	1.0	1.0	1.0	1.0
18202102	{'deletiona2.5Mb'}	{'deletiona2.5'}	1	0	0	1	1	1.0	1.0	1.0	1.0
18241046	{'g.203A>C'}	{'g.203A>C'}	1	0	0	1	1	1.0	1.0	1.0	1.0
18257781	{'1445T>G', 'phenylalaninethepolarhydrophiliccysteineinexon6atcodon482', 'F482C', 'IVS212delAG'}	{'1445T>G', '6atcodon482', 'F482C', 'IVS212delAG'}	4	0	0	4	4	1.0	1.0	1.0	1.0
18266724	{'C314T', 'Thr105Ile'}	{'C314T', 'Thr105Ile'}	2	0	0	2	2	1.0	1.0	1.0	1.0
18270997	{'G472A', 'Val158Met'}	{'G472A', 'Val158Met'}	2	0	0	2	2	1.0	1.0	1.0	1.0
18272172	{'insertionof18aminoacids', '2398+1G>C'}	{'insertionof18aminoacids', '2398+1G>C'}	2	0	0	2	2	1.0	1.0	1.0	1.0
18372165	{'681dupA', '360+1G>C', '1570+2T>C', '520delC', '956delC', 'Arg153X', '899+1G>T'}	{'681dupA', '360+1G>C', '1570+2T>C', 'Arg153X.', '520delC', '956delC', '899+1G>T'}	7	0	0	7	7	1.0	1.0	1.0	1.0
18385169	{'guanineadeninesubstitutionofnucleotide308', '308G>A', '252A>G', '308adenine'}	{'guanineadeninesubstitutionofnucleotide308', '308G>A', '252A>G', '308adenine'}	4	0	0	4	4	1.0	1.0	1.0	1.0
18385794	{'*557G>A', 'Ser157Ser', 'rs11915160', '579G>A', 'Asp291Asn', '471C>T', 'Glu104X', 'Pro184ArgfsX19', 'rs35435463', '310G>T', '871G>A', 'Gln193Gln', '549delC', '*469C>A'}	{'*557G>A', 'Ser157Ser', 'rs11915160', '579G>A', 'Asp291Asn', '471C>T', 'Glu104X', 'Pro184ArgfsX19', 'rs35435463', '310G>T', '871G>A', 'Gln193Gln', '549delC', '*469C>A'}	14	0	0	14	14	1.0	1.0	1.0	1.0
18397285	{'T>Gtransversionatnucleotide4508', 'L1503Q', 'L1503R'}	{'T>Gtransversionatnucleotide4508', 'L1503Q', 'L1503R'}	3	0	0	3	3	1.0	1.0	1.0	1.0
18408250	{'rs729302'}	{'rs729302'}	1	0	0	1	1	1.0	1.0	1.0	1.0
18410548	{'742744delTAC', 'Y248del'}	{'742744delTAC', 'Y248del'}	2	0	0	2	2	1.0	1.0	1.0	1.0
18426832	{'4TTTAnrepeat', 'TTTA11'}	{'4TTTAnrepeat', 'TTTA11'}	2	0	0	2	2	1.0	1.0	1.0	1.0
18439317	{'guanineinsertion/deletionG/D,the1607polymorphism', 'Dalleleforthe1607'}	{'guanineinsertion/deletionG/D,the1607polymorphism', 'Dalleleforthe1607'}	2	0	0	2	2	1.0	1.0	1.0	1.0
18457324	{'M244', 'V244', 'valine[V]methionine[M]substitutionatposition244', 'V244M'}	{'valine[V]methionine[M]substitutionatposition244[', 'M244', 'V244', 'V244M'}	4	0	0	4	4	1.0	1.0	1.0	1.0
18470323	{'C417T', 'R124C'}	{'C417T', 'R124C'}	2	0	0	2	2	1.0	1.0	1.0	1.0
18492086	{'7bpdeletion', '20684T>A'}	{'7bpdeletion', '20684T>A'}	2	0	0	2	2	1.0	1.0	1.0	1.0
18606230	{'R1858X', 'Y1854X'}	{'R1858X', 'Y1854X'}	2	0	0	2	2	1.0	1.0	1.0	1.0
18672102	{'P407Q', '1146+25insA', '118119insA', 'A442V', 'A6V', 'S429T', '46delS', 'P163S', 'E359K', '125126insAA'}	{'P407Q', '1146+25insA', '118119insA', 'A442V', 'A6V', 'S429T', '46delS', 'P163S', 'E359K', '125126insAA'}	10	0	0	10	10	1.0	1.0	1.0	1.0
18681856	{'M453T', '1358T>C', 'methionineATGthreonineACGatcodon453'}	{'M453T', '1358T>C', 'methionineATGthreonineACGatcodon453'}	3	0	0	3	3	1.0	1.0	1.0	1.0
18694509	{'rs12329760'}	{'rs12329760'}	1	0	0	1	1	1.0	1.0	1.0	1.0
18726896	{'deletion10Mborless'}	{'deletion10Mborless'}	1	0	0	1	1	1.0	1.0	1.0	1.0
18779591	{'Ile146>Leu', 'I146L'}	{'Ile146>Leu', 'I146L'}	2	0	0	2	2	1.0	1.0	1.0	1.0
18790087	{'Delta32', '32bpdeletion'}	{'Delta32', '32bpdeletion'}	2	0	0	2	2	1.0	1.0	1.0	1.0
18791947	{'Ser39'}	set()	0	0	1	1	0	0.0	0.0	0.0	0.0
18806880	{'1493A>T', 'glutamicacidforvalineatcodon498', 'E498V'}	{'1493A>T', 'glutamicacidforvalineatcodon498', 'E498V'}	3	0	0	3	3	1.0	1.0	1.0	1.0
18813858	{'deletionofGatthenucleotideposition520', '520delG', 'TAatnucleotideposition1135', 'T1135A'}	{'deletionofGatthenucleotideposition520', '520delG', 'TAatnucleotideposition1135', 'T1135A'}	4	0	0	4	4	1.0	1.0	1.0	1.0
18827003	{'asparticacidhistidinesubstitutionataminoacidposition401', 'D401H', 'G>Csubstitutionatposition1201'}	{'asparticacidhistidinesubstitutionataminoacidposition401', 'D401H', 'G>Csubstitutionatposition1201'}	3	0	0	3	3	1.0	1.0	1.0	1.0
18945288	{'342delA', 'Arg58fs', 'R58fs'}	{'342delA', 'Arg58fs', 'R58fs'}	3	0	0	3	3	1.0	1.0	1.0	1.0
19012332	{'Arg282Trp'}	{'Arg282Trp'}	1	0	0	1	1	1.0	1.0	1.0	1.0
19067809	{'A1166C', 'A11666C', 'M235'}	{'A1166C', 'A11666C', 'M235'}	3	0	0	3	3	1.0	1.0	1.0	1.0
19082493	{'28bpvariablenumberoftandemrepeats', 'ins/del6bp', 'deletionof6bpatposition1494'}	{'28bpvariablenumberoftandemrepeats', 'ins/del6bp', 'deletionof6bpatposition1494'}	3	0	0	3	3	1.0	1.0	1.0	1.0
19101703	{'insertionofGCG4GCA', 'GCG6GCA3GCGsequencewasreplacedGCG6GCAGCG4GCA3GCG'}	{'insertionofGCG4GCA', 'GCG6GCA3GCGsequencewasreplacedGCG6GCAGCG4GCA3GCG'}	2	0	0	2	2	1.0	1.0	1.0	1.0
19110214	{'6799G>A', 'D2267', 'D2267N'}	{'6799G>A', 'D2267', 'D2267N'}	3	0	0	3	3	1.0	1.0	1.0	1.0
19129715	{'13081316dup9', 'insertionof3aminoacids', 'C60S', 'L244F'}	{'13081316dup9', 'insertionof3aminoacids', 'C60S', 'L244F'}	4	0	0	4	4	1.0	1.0	1.0	1.0
19144556	{'2192C>T', '1849T>A', 'TTATtetranucleotidewasinsertedbetweennt2057and2058', '1978TATC12', '2180C>T', '2193ATCT513', '2122C>T', '2234TGTA57'}	{'2192C>T.', '1849T>A', 'TTATtetranucleotidewasinsertedbetweennt2057and2058', '1978TATC12', '2180C>T', '2193ATCT513', '2122C>T', '2234TGTA57'}	8	0	0	8	8	1.0	1.0	1.0	1.0
19218574	{'Ile326Ile', 'Met326Met', '326Ile', 'Met326Ile'}	{'Ile326Ile', 'Met326Met', '326Ile', 'Met326Ile'}	4	0	0	4	4	1.0	1.0	1.0	1.0
19223935	{'Ser863Asn', 'Glu98X', '669A', 'deletionofTGatthenucleotideposition608609', 'Leu203fsX15', 'G669A', '669G'}	{'Ser863Asn', 'Glu98X', '669A', 'deletionofTGatthenucleotideposition608609', 'Leu203fsX15', 'G669A', '669G'}	7	0	0	7	7	1.0	1.0	1.0	1.0
19276632	{'Tyr428Tyr', '25*G>A', 'Ser424Ser', '97GCC[9]+[10]', '262G>A', '1272C>T', '1284T>C', 'Ala88Thr'}	{'Tyr428Tyr', '25*G>A', 'Ser424Ser', '97GCC[9]+[10]', '262G>A', '1272C>T', '1284T>C', 'Ala88Thr'}	8	0	0	8	8	1.0	1.0	1.0	1.0
19298002	{'2aspartate2Asp2alanine2Ala', '16C>A', 'referenceSNPno.4359426'}	{'4359426', '16C>A', '2aspartate2Asp2alanine2Ala'}	3	0	0	3	3	1.0	1.0	1.0	1.0
19365571	{'codon358,tyrosinehistidine', '1072T>C', 'Y358H', 'Q298X', 'spcodonforglutamineatcodon298', '892C>T'}	{'codon358,tyrosinehistidine', '1072T>C', 'Y358H', 'Q298X', 'spcodonforglutamineatcodon298', '892C>T'}	6	0	0	6	6	1.0	1.0	1.0	1.0
19370764	{'640667del28', 'G204VfsX17', 'W111X', '609+2861016del', 'G204VfsX28', '33bpgenomicdeletion', '611delG', 'T286M', 'G204K247del', '6102A>G'}	{'640667del28', 'G204VfsX17', 'W111X', '609+2861016del', 'G204VfsX28', '33bpgenomicdeletion', '611delG', 'T286M', 'G204K247del', '6102A>G'}	10	0	0	10	10	1.0	1.0	1.0	1.0
19394258	{'44462C>A', 'insertionof20aminoacids'}	{'44462C>A', 'insertionof20aminoacids'}	2	0	0	2	2	1.0	1.0	1.0	1.0
19404517	{'missensemutationinposition1829ARG', 'N45S'}	{'missensemutationinposition1829ARG', 'N45S'}	2	0	0	2	2	1.0	1.0	1.0	1.0
19429592	{'E299sp', '897G>T', '867G>T', 'E169sp', '15581559insA', 'G289sp', '507G>T', 'S522fs525sp'}	{'E299sp', '897G>T', '867G>T', 'E169sp', '15581559insA', 'G289sp', '507G>T', 'S522fs525sp'}	8	0	0	8	8	1.0	1.0	1.0	1.0
19429807	{'G1315R', '1544?2916+?', '3943G>A'}	{'G1315R', '3943G>A', '1544?'}	3	0	0	3	3	1.0	1.0	1.0	1.0
19444361	{'2209G>A', 'rs1800255'}	{'2209G>A', 'rs1800255', '2209G>A.'}	2	0	0	2	3	1.0	1.0	1.0	1.0
19448408	{'T1270533G', 'C1256088C'}	{'T1270533G', 'C1256088C', 'C1256088C.'}	2	0	0	2	3	1.0	1.0	1.0	1.0
19473658	{'deletionmutationincodon138', 'deletionoftwosuccessiveadenineresiduesincodon138', 'codon138deletion'}	{'deletionmutationincodon138', 'deletionoftwosuccessiveadenineresiduesincodon138', 'codon138deletion'}	3	0	0	3	3	1.0	1.0	1.0	1.0
19476483	{'32basepairdeletion', 'Delta32'}	{'32basepairdeletion', 'Delta32'}	2	0	0	2	2	1.0	1.0	1.0	1.0
19521089	{'rs25531'}	{'rs25531', 'insertion/deletionlongalleleL/shortalleleSof43bp'}	1	1	0	1	2	0.5	1.0	0.6666666666666666	0.5
19559455	{'Delta32', '247nucleotidedeletion', 'deletionsof1088and228'}	{'deletionsof1088and228nucleotides', 'Delta32', '247nucleotidedeletion'}	3	0	0	3	3	1.0	1.0	1.0	1.0
19561170	{'Thr111'}	{'Thr111'}	1	0	0	1	1	1.0	1.0	1.0	1.0
19565319	{'rs5751876', 'rs2236624', 'rs3761422', 'rs35320474'}	{'rs5751876', 'rs2236624', 'rs3761422', 'rs35320474'}	4	0	0	4	4	1.0	1.0	1.0	1.0
19592582	{'468C>T', '467C>A', '21722173insCCCC', 'A118D', 'P686fs'}	{'468C>T', '467C>A', '21722173insCCCC', 'A118D', 'P686fs'}	5	0	0	5	5	1.0	1.0	1.0	1.0
19624485	{'14bpdeletion/insertion', '14bpinsertion/deletion', 'rs16375'}	{'14bpdeletion/insertion', '14bpinsertion/deletion', 'rs16375'}	3	0	0	3	3	1.0	1.0	1.0	1.0
19664890	{'387+107A>T'}	{'387+107A>T.'}	1	0	0	1	1	1.0	1.0	1.0	1.0
19681861	{'rs1799750', 'deletionof4kb'}	{'1G2G', 'rs1799750', 'deletionof4kb'}	2	1	0	2	3	0.6666666666666666	1.0	0.8	0.6666666666666666
19728872	{'1922G>A', 'Arg641His'}	{'1922G>A', 'Arg641His'}	2	0	0	2	2	1.0	1.0	1.0	1.0
19766614	{'S124fsX127', '370371insA'}	{'S124fsX127', '370371insA'}	2	0	0	2	2	1.0	1.0	1.0	1.0
19781362	{'R298Q', 'rs16864880', 'G>Asubstitutionatnucleotide893'}	{'R298Q', 'rs16864880', 'G>Asubstitutionatnucleotide893'}	3	0	0	3	3	1.0	1.0	1.0	1.0
19808398	{'A1180V'}	{'A1180V'}	1	0	0	1	1	1.0	1.0	1.0	1.0
19823838	{'cysineadenineatposition264', '263G>C', 'guaninecysineatposition263', '264C>A'}	{'cysineadenineatposition264', '263G>C', 'guaninecysineatposition263', '264C>A'}	4	0	0	4	4	1.0	1.0	1.0	1.0
19880293	{'IVS9+459AA', 'IVS9+459,A/G', '924,A/G', '3279,A/C', 'IVS9+459GG', 'IVS9+459GA+GG', '6054,deletion/ATT', '3279CC', '3279AC'}	{'924A/G', 'IVS9+459AA', 'IVS9+459,A/G', '924,A/G', '6054deletion/ATT', '3279AC+AA', '3279,A/C', 'IVS9+459GG', 'IVS9+459GA+GG', '6054,deletion/ATT', '3279CC', '3279AC'}	9	2	0	9	12	0.8181818181818182	1.0	0.9	0.8181818181818182
19881468	{'Ser326Cys', '326fromSerCys', 'rs1052133', 'Cys326'}	{'Ser326Cys', '326fromSerCys', 'rs1052133', 'Cys326'}	4	0	0	4	4	1.0	1.0	1.0	1.0
19897031	{'rs12203592'}	{'rs12203592'}	1	0	0	1	1	1.0	1.0	1.0	1.0
19918264	{'Gly388Arg'}	{'Gly388Arg'}	1	0	0	1	1	1.0	1.0	1.0	1.0
19929939	{'terminationcodonataminoacidposition831', '2449delT', 'Cys817ValfsX15'}	{'terminationcodonataminoacidposition831', '2449delT', 'Cys817ValfsX15'}	3	0	0	3	3	1.0	1.0	1.0	1.0
19958188	{'Aalleleofthe588', 'IVSII1G>A', 'Aalleleof588', '21A', '611T', 'AAGCat222225', '603/604GA>AG', '588A>G', '369C>G'}	{'Aalleleofthe588', 'IVSII1G>A', 'Aalleleof588', '21A', '611T', 'AAGCat222225', '603/604GA>AG', '588A>G', '369C>G'}	9	0	0	9	9	1.0	1.0	1.0	1.0
20005218	{'395A', 'G395A', '395G'}	{'395A', 'G395A', '395G'}	3	0	0	3	3	1.0	1.0	1.0	1.0
20017074	{'1bpguaninedeletion/insertion'}	{'1bpguaninedeletion/insertion'}	1	0	0	1	1	1.0	1.0	1.0	1.0
20019594	{'S173fsX174', 'E180K', 'R194S', 'D157fsX158', 'C152G'}	{'S173fsX174', 'E180K', 'C152G.', 'R194S', 'D157fsX158'}	5	0	0	5	5	1.0	1.0	1.0	1.0
20026870	{'A1166C', 'A1166'}	{'A1166C', 'A1166'}	2	0	0	2	2	1.0	1.0	1.0	1.0
20080916	{'rs10954213', 'rs2070197', 'rs2004640'}	{'rs10954213', 'rs2070197', 'rs2004640'}	3	0	0	3	3	1.0	1.0	1.0	1.0
20086182	{'6526Nins/del', 'D302H', '6526Ndel', '302H'}	{'6526Nins/del', 'D302H', '6526Ndel', '302H'}	4	0	0	4	4	1.0	1.0	1.0	1.0
20143913	{'g.99367102002del', '8991142del', 'R315X'}	{'g.99367102002del', '8991142del', 'R315X'}	3	0	0	3	3	1.0	1.0	1.0	1.0
20154289	{'codon104G>A'}	{'codon104G>A'}	1	0	0	1	1	1.0	1.0	1.0	1.0
20227423	{'Cys704', 'Ser704Cys', 'Ser704'}	{'Cys704', 'Ser704Cys', 'Ser704'}	3	0	0	3	3	1.0	1.0	1.0	1.0
20331852	{'rs4112788', 'R68C', 'LCE3CLCE3Bdeletion', 'LCE3CLCE3Bdel'}	{'rs4112788', 'R68C', 'LCE3CLCE3Bdeletion', 'LCE3CLCE3Bdel'}	4	0	0	4	4	1.0	1.0	1.0	1.0
20335448	{'arginine714', 'arginineglutamineatposition714', 'arginineglutamineataminoacidposition714', 'G>Aatnucleotideposition2141'}	{'arginine714', 'arginineglutamineatposition714', 'arginineglutamineataminoacidposition714', 'G>Aatnucleotideposition2141'}	4	0	0	4	4	1.0	1.0	1.0	1.0
20367983	{'15461547insC', 'IVS3+18C>T'}	{'15461547insC', 'IVS3+18C>T'}	2	0	0	2	2	1.0	1.0	1.0	1.0
20454699	{'C119Y', '356G>A', 'rs13267'}	{'C119Y', '356G>A', 'rs13267'}	3	0	0	3	3	1.0	1.0	1.0	1.0
20512659	{'25152519delAAGTT'}	{'25152519delAAGTT'}	1	0	0	1	1	1.0	1.0	1.0	1.0
20523265	{'rs7535263', 'rs2274700', 'rs3753394', 'rs1329428', 'rs1061170', 'rs800292', 'rs1410996'}	{'rs7535263', 'rs2274700', 'rs3753394', 'rs1329428', 'rs1061170', 'rs800292', 'rs1410996'}	7	0	0	7	7	1.0	1.0	1.0	1.0
20529581	{'Asp300Val', '899A>T', 'AspValatthe300'}	{'Asp300Val', '899A>T', 'AspValatthe300'}	3	0	0	3	3	1.0	1.0	1.0	1.0
20534142	{'rs6232', 'N221D', 'rs6235'}	{'rs6232', 'N221D', 'rs6235'}	3	0	0	3	3	1.0	1.0	1.0	1.0
20534762	{'C105Vfs114X', 'C88Y', 'GforAatcDNAnucleotideposition323', '313delT'}	{'C105Vfs114X', 'C88Y', 'GforAatcDNAnucleotideposition323', '313delT'}	4	0	0	4	4	1.0	1.0	1.0	1.0
20577006	{'P799L', 'R594', 'P799', 'R594H', 'F471del'}	{'P799L', 'R594', 'P799', 'R594H', 'F471del'}	5	0	0	5	5	1.0	1.0	1.0	1.0
20579626	{'1052delA'}	{'1052delA'}	1	0	0	1	1	1.0	1.0	1.0	1.0
20583543	{'G196S', '8nucleotidedeletion', 'A27fsX132', 'R246Q', 'g.8087delTCGCGAAG'}	{'G196S', '8nucleotidedeletion', 'R246Q.', 'A27fsX132', 'R246Q', 'g.8087delTCGCGAAG'}	5	0	0	5	6	1.0	1.0	1.0	1.0
20602574	{'G218C', 'T189C', '218G', '189T'}	{'G218C', 'T189C.', 'T189C', '218G', '189T'}	4	0	0	4	5	1.0	1.0	1.0	1.0
20606392	{'899dupC', 'duplicationofanucleotideinexon9', 'R211H'}	{'899dupC', 'R211H'}	2	0	1	3	2	1.0	0.6666666666666666	0.8	0.6666666666666666
20648600	{'I195M', 'G1899A', 'A1762T', 'G1896A', 'E164D', 'V173L', 'G1764A', 'M204V', 'L180M'}	{'G1899A', 'G1896A', 'G1764A', 'rtV173L', 'sI195M', 'rtM204V', 'rtL180M', 'A1762T'}	8	0	1	9	8	1.0	0.8888888888888888	0.9411764705882353	0.8888888888888888
20651814	{'indelpolymorphismatposition4825', '12nucleotideinsertion/deletionindel'}	{'4825geneinsertion/deletion', '12nucleotideinsertion/deletionindel', 'indelpolymorphismatposition4825'}	2	1	0	2	3	0.6666666666666666	1.0	0.8	0.6666666666666666
20682662	{'DD32', 'DD32deletion', '32basepairDD32deletion'}	{'DD32', 'DD32deletion', '32basepairDD32deletion'}	3	0	0	3	3	1.0	1.0	1.0	1.0
20693575	{'695X', 'insertionof13nucleotides'}	{'695X', 'insertionof13nucleotides'}	2	0	0	2	2	1.0	1.0	1.0	1.0
20708777	{'C344T', 'rs6410', 'rs4539', 'rs1799998', 'G225A', 'rs6387', 'A2718G', 'A2803G'}	{'C344T', 'rs6410', 'rs4539', 'rs1799998', 'G225A', 'rs6387', 'A2718G', 'A2803G'}	8	0	0	8	8	1.0	1.0	1.0	1.0
20709368	{'10034C>T', 'rs2066865', '10034T'}	{'10034C>T', 'rs2066865', '10034T'}	3	0	0	3	3	1.0	1.0	1.0	1.0
20728296	{'deletionof54Mbp'}	{'deletionof54Mbp'}	1	0	0	1	1	1.0	1.0	1.0	1.0
20738799	{'I597T'}	{'I597T'}	1	0	0	1	1	1.0	1.0	1.0	1.0
20801104	{'521C/T', '1240L/S', '120bpduplication', '616C/G'}	{'521C/T', '1240L/S', '120bpduplication', '616C/G'}	4	0	0	4	4	1.0	1.0	1.0	1.0
20801540	{'2554+1G>T', 'deletionofaminoacids809852'}	{'2554+1G>T', 'deletionofaminoacids809852'}	2	0	0	2	2	1.0	1.0	1.0	1.0
20806042	{'argininetrypphanatcodon198', '592C>T', 'R198W'}	{'argininetrypphanatcodon198', '592C>T', 'R198W'}	3	0	0	3	3	1.0	1.0	1.0	1.0
20846357	{'263C>T', 'Asp50Asn', 'alanineforvalineatposition88', 'Ala88Val'}	{'263C>T', 'Asp50Asn', 'alanineforvalineatposition88', 'Ala88Val'}	4	0	0	4	4	1.0	1.0	1.0	1.0
20854438	{'G86R', 'GAsubstitutioninnucleotide256', 'glycineargininesubstitutionataminoacid86'}	{'G86R', 'GAsubstitutioninnucleotide256', 'glycineargininesubstitutionataminoacid86'}	3	0	0	3	3	1.0	1.0	1.0	1.0
20887110	{'C677T', 'C>Ttransitionatnucleotide677', '677TT', '677C>T'}	{'C677T', 'C>Ttransitionatnucleotide677', '677TT', '677C>T'}	4	0	0	4	4	1.0	1.0	1.0	1.0
20949073	{'E831X', '2623G>T'}	{'E831X', '2623G>T'}	2	0	0	2	2	1.0	1.0	1.0	1.0
21042587	{'arginineCGAaspTGAataminoacid469', 'R469[R,X]'}	{'arginineCGAaspTGAataminoacid469', 'R469[R,X]'}	2	0	0	2	2	1.0	1.0	1.0	1.0
21054465	{'Tdeletionat5063', 'C35322T', 'CTat33468', 'C35322C'}	{'Tdeletionat5063', 'C35322T', 'CTat33468', 'C35322C'}	4	0	0	4	4	1.0	1.0	1.0	1.0
21059483	{'5.5kbdeletion'}	{'5.5kbdeletion'}	1	0	0	1	1	1.0	1.0	1.0	1.0
21070631	{'rs1800587', '1021C/T', '889TT', '1021T', 'rs1611115'}	{'rs1800587', '1021C/T', '889TT', '1021T', 'rs1611115'}	5	0	0	5	5	1.0	1.0	1.0	1.0
21080147	{'lysineforglutamicacidataminoacid325', 'E325K', 'CGtransitionwasidentifiedatnucleotide857', '973G>A', 'alanineforprolineataminoacid286'}	{'lysineforglutamicacidataminoacid325', 'E325K', 'CGtransitionwasidentifiedatnucleotide857', '973G>A', 'alanineforprolineataminoacid286'}	5	0	0	5	5	1.0	1.0	1.0	1.0
21099701	{'glycineatposition303glutamicacid', 'G303E', '908G>A'}	{'glycineatposition303glutamicacid', 'G303E', '908G>A'}	3	0	0	3	3	1.0	1.0	1.0	1.0
21103668	{'deletionof22,230bp', 'deletionof37,410bp'}	{'deletionof22,230bp', 'deletionof37,410bp'}	2	0	0	2	2	1.0	1.0	1.0	1.0
21108633	{'69delC', '410+5G/A'}	{'69delC', '410+5G/A'}	2	0	0	2	2	1.0	1.0	1.0	1.0
21126715	{'Ile262fs', '783insG'}	{'Ile262fs', '783insG'}	2	0	0	2	2	1.0	1.0	1.0	1.0
21127202	{'3bpdeletion'}	{'3bpdeletion'}	1	0	0	1	1	1.0	1.0	1.0	1.0
21130517	{'L858R'}	{'L858R'}	1	0	0	1	1	1.0	1.0	1.0	1.0
21135151	{'DD32', 'delta32'}	{'DD32', 'CCR5delta32'}	2	0	0	2	2	1.0	1.0	1.0	1.0
21163864	{'M235T', 'methioninethreoninesubstitutionatcodon235', 'T704C'}	{'M235T', 'methioninethreoninesubstitutionatcodon235', 'T704C'}	3	0	0	3	3	1.0	1.0	1.0	1.0
21182502	{'IVS64+5g>a'}	{'IVS64+5g>a'}	1	0	0	1	1	1.0	1.0	1.0	1.0
21219851	{'2992C>T', 'rs1801184', 'rs2271683', 'rs1800255', '2187delA'}	{'2992C>T', 'rs1801184', 'rs2271683', 'rs1800255', '2187delA'}	5	0	0	5	5	1.0	1.0	1.0	1.0
21325775	{'arginineresiduefortheprolineresidueatposition158', 'Arg158Pro', 'GCatcodon158'}	{'arginineresiduefortheprolineresidueatposition158', 'Arg158Pro', 'GCatcodon158'}	3	0	0	3	3	1.0	1.0	1.0	1.0
21340161	{'11861187insGGCC'}	{'11861187insGGCC'}	1	0	0	1	1	1.0	1.0	1.0	1.0
21405999	{'465G>T', '171T>C', 'Glu155Asp', '17T>C'}	{'465G>T', '171T>C', 'Glu155Asp', '17T>C'}	4	0	0	4	4	1.0	1.0	1.0	1.0
21406173	{'E441G', '1.7kbpdeletion'}	{'E441G', '1.7kbpdeletion'}	2	0	0	2	2	1.0	1.0	1.0	1.0
21445905	{'CTsubstitutionatapolymorphicsite13,910bpupstream', 'T13,910'}	{'CTsubstitutionatapolymorphicsite13,910bpupstream', 'T13,910'}	2	0	0	2	2	1.0	1.0	1.0	1.0
21493871	{'rs7286979', 'rs5758222', 'rs20551', 'rs6589664', 'rs525549'}	{'rs7286979', 'rs5758222', 'rs20551', 'rs6589664', 'rs525549'}	5	0	0	5	5	1.0	1.0	1.0	1.0
21496008	{'429452dup', 'dup24bp', 'dup33bp', 'dup27bp', '1074G>T', '304insGCG7'}	{'429452dup', 'dup24bp', 'dup33bp', 'dup27bp', '1074G>T', '304insGCG7'}	6	0	0	6	6	1.0	1.0	1.0	1.0
21499297	{'rs2297882'}	{'SNP216', 'rs2297882'}	1	1	0	1	2	0.5	1.0	0.6666666666666666	0.5
21506149	{'adeninedeletionatnucleotide202', '202adeninedeletion', '202A'}	{'adeninedeletionatnucleotide202', '202adeninedeletion', '202A'}	3	0	0	3	3	1.0	1.0	1.0	1.0
21533187	{'15kbdeletion'}	{'15kbdeletion'}	1	0	0	1	1	1.0	1.0	1.0	1.0
21542403	{'634cysteine', 'IVS1937G/C', 'D1017N', 'cysteineradicalmutationatthe620position'}	{'634cysteine', 'IVS1937G/C', 'D1017N', 'cysteineradicalmutationatthe620position'}	4	0	0	4	4	1.0	1.0	1.0	1.0
21546516	{'57kbdeletion'}	{'57kbdeletion'}	1	0	0	1	1	1.0	1.0	1.0	1.0
21559944	{'104delT', 'Val35AlafsX25'}	{'104delT', 'Val35AlafsX25'}	2	0	0	2	2	1.0	1.0	1.0	1.0
21615796	{'7488T', '7488CC', 'rs763780', '7488T/C', '7488C', '7488TC', '7488TT', 'HisArgsubstitutionataminoacid161'}	{'7488T', '7488CC', 'rs763780', '7488T/C', '7488C', '7488TC', '7488TT', 'HisArgsubstitutionataminoacid161'}	8	0	0	8	8	1.0	1.0	1.0	1.0
21640722	{'13basepairdeletion'}	{'13basepairdeletion'}	1	0	0	1	1	1.0	1.0	1.0	1.0
21666969	{'A1359A', 'G1359G', '1359G/A', 'G1359A', 'GAatnucleotideposition1359', 'codon435Thr', 'A1359'}	{'A1359A', 'G1359G', '1359G/A', 'G1359A', 'GAatnucleotideposition1359', 'codon435Thr', 'A1359'}	7	0	0	7	7	1.0	1.0	1.0	1.0
21682595	{'rs25487', '399Gln', 'Arg399Gln'}	{'rs25487', '399Gln', 'Arg399Gln'}	3	0	0	3	3	1.0	1.0	1.0	1.0
21684788	{'P136L', '352kbdeletion', '1.44Mbcontiguousgenedeletion', '407C>T'}	{'P136L', '352kbdeletion', '407C>T'}	3	0	1	4	3	1.0	0.75	0.8571428571428571	0.75
21695597	{'rs2844580', 'rs2071349', 'rs204890', 'rs9271366'}	{'rs2844580', 'rs2071349', 'rs204890', 'rs9271366'}	4	0	0	4	4	1.0	1.0	1.0	1.0
21699520	{'g.2885G>C', 'E947sp', 'IVS9+217T', 'R962T', 'g.2839T>G'}	{'g.2885G>C', 'E947sp', 'IVS9+217T', 'R962T', 'g.2839T>G'}	5	0	0	5	5	1.0	1.0	1.0	1.0
21717135	{'10bpdeletion'}	{'10bpdeletion'}	1	0	0	1	1	1.0	1.0	1.0	1.0
21738389	{'Pro246HisfsX13', '737delC'}	{'Pro246HisfsX13', '737delC'}	2	0	0	2	2	1.0	1.0	1.0	1.0
21757944	{'13bpdeletionatnucleotide90downstreamoftheterminationcodon', 'IVSII1G>A', 'CD+90del13bp', '13bpdeletion'}	{'13bpdeletionatnucleotide90downstreamoftheterminationcodon', 'IVSII1G>A', 'CD+90del13bp', '13bpdeletion'}	4	0	0	4	4	1.0	1.0	1.0	1.0
21779184	{'3.5kbdeletion', '3.5kbgenedeletion'}	{'3.5kbdeletion', '3.5kbgenedeletion', '3.5kbgene'}	2	0	0	2	3	1.0	1.0	1.0	1.0
21790735	{'650kbpdeletion'}	{'650kbpdeletion'}	1	0	0	1	1	1.0	1.0	1.0	1.0
21798259	{'rs16754'}	{'rs16754'}	1	0	0	1	1	1.0	1.0	1.0	1.0
21799811	{'677C>T'}	{'677C>T'}	1	0	0	1	1	1.0	1.0	1.0	1.0
21850008	{'T10191C', 'A11470C', 'M237T', 'S45P', 'deletion1302513033:1441714425', 'T13046C', 'K237N', 'G13513A', 'A3243G'}	{'T10191C', 'A11470C', 'M237T', 'S45P', 'deletion1302513033:1441714425', 'T13046C', 'K237N', 'G13513A', 'A3243G'}	9	0	0	9	9	1.0	1.0	1.0	1.0
21879313	{'Arg70', 'rs8099917'}	{'Arg70', 'rs8099917'}	2	0	0	2	2	1.0	1.0	1.0	1.0
21897748	{'V44M', '130G>A', 'valinemethionineatcodon44'}	{'V44M', '130G>A', 'valinemethionineatcodon44'}	3	0	0	3	3	1.0	1.0	1.0	1.0
21903317	{'thymidinecysinemutationatposition28', 'W10R', '28T>C', 'trypphanargininesubstitutionataminoacid10'}	{'thymidinecysinemutationatposition28', 'W10R', '28T>C', 'trypphanargininesubstitutionataminoacid10'}	4	0	0	4	4	1.0	1.0	1.0	1.0
21904390	{'Ser119fsX', '643T>C', 'S216P', '3573C>G'}	{'Ser119fsX', '643T>C', 'S216P', '3573C>G'}	4	0	0	4	4	1.0	1.0	1.0	1.0
21937424	{'insertionmutationsaspartateatposition201', 'alanineatposition124', 'Arg114', 'R114A', 'A124ins', 'D201ins', 'R114H', 'R114K'}	{'insertionmutationsaspartateatposition201', 'alanineatposition124', 'Arg114', 'R114A', 'A124ins', 'D201ins', 'R114H', 'R114K'}	8	0	0	8	8	1.0	1.0	1.0	1.0
21943124	{'1372bpdeletion'}	{'1372bpdeletion'}	1	0	0	1	1	1.0	1.0	1.0	1.0
21976953	{'3703T>C', 'serineprolineatcodon1235', 'S1235P'}	{'3703T>C', 'serineprolineatcodon1235', 'S1235P'}	3	0	0	3	3	1.0	1.0	1.0	1.0
22016685	{'asparticacidwithglycineincodon506', 'Asp506Gly', 'AGsubstitutioninnucleotide1517', '1517A>G'}	{'asparticacidwithglycineincodon506', 'Asp506Gly', 'AGsubstitutioninnucleotide1517', '1517A>G'}	4	0	0	4	4	1.0	1.0	1.0	1.0
22028770	{'rs405509', '491A/T', 'rs440446', '219G/T', '491AT', 'rs449647', '+113G/C'}	{'rs405509', '491A/T', 'rs440446', '219G/T', '491AT', 'rs449647', '+113G/C'}	7	0	0	7	7	1.0	1.0	1.0	1.0
22042570	{'27082711delTTAG', 'E362X', '16181620delACT', 'T540del', '1084G>T', 'V903GfsX905'}	{'27082711delTTAG', 'E362X', '16181620delACT', 'T540del', '1084G>T', 'V903GfsX905'}	6	0	0	6	6	1.0	1.0	1.0	1.0
22048266	{'rs461155', 'rs2073601', 'rs2073416'}	{'rs461155', 'rs2073601', 'rs2073416'}	3	0	0	3	3	1.0	1.0	1.0	1.0
22051099	{'S276T', 'rs2234671', 'Ex2+860G>C'}	{'S276T', 'rs2234671', 'Ex2+860G>C'}	3	0	0	3	3	1.0	1.0	1.0	1.0
22104738	{'920T>G', 'Leu307Arg'}	{'920T>G', 'Leu307Arg'}	2	0	0	2	2	1.0	1.0	1.0	1.0
22106692	{'R32Q', 'E137D', '366delT', 'largedeletionof342kb', 'E101K', 'Y156H'}	{'R32Q', 'E137D', '366delT', 'largedeletionof342kb', 'E101K', 'Y156H'}	6	0	0	6	6	1.0	1.0	1.0	1.0
22125978	{'659660delTA'}	{'659660delTA'}	1	0	0	1	1	1.0	1.0	1.0	1.0
22129472	{'10basedeletion', '17062A>T', '17061715del.ATCTCCTCAG'}	{'10basedeletion', '17062A>T', '17061715del'}	3	0	0	3	3	1.0	1.0	1.0	1.0
22174939	{'22bpdeletion'}	{'22bpdeletion'}	1	0	0	1	1	1.0	1.0	1.0	1.0
22180037	{'Ile105Val', 'A>Gatnucleotide313'}	{'Ile105Val', 'A>Gatnucleotide313'}	2	0	0	2	2	1.0	1.0	1.0	1.0
22188495	{'3190C>T', 'Arg987Ter', 'arginineresidueatposition573terminationcodon'}	{'3190C>T', 'Arg987Ter', 'arginineresidueatposition573terminationcodon'}	3	0	0	3	3	1.0	1.0	1.0	1.0
22337303	{'69bpdeletion', 'five33bprepeats', '27bpdeletions'}	{'69bpdeletion'}	1	0	2	3	1	1.0	0.3333333333333333	0.5	0.3333333333333333
