PMID	GT_Mutations	SETH-Wei2013_Mutations	TP	FP	FN	Total_GT	Total_SETH-Wei2013	Precision	Recall	F1	Accuracy
12650796	{'3020insC'}	{'3020insC'}	1	0	0	1	1	1.0	1.0	1.0	1.0
12829659	{'G308A', 'C174G'}	{'G308A', 'C174G'}	2	0	0	2	2	1.0	1.0	1.0	1.0
12872254	{'399402delAGAG'}	{'399402delAGAG'}	1	0	0	1	1	1.0	1.0	1.0	1.0
12915397	{'A55V', 'Ala55Val', '866G/A'}	{'A55V', 'Ala55Val'}	2	0	1	3	2	1.0	0.6666666666666666	0.8	0.6666666666666666
12925671	{'620621del', 'C877T'}	{'C877T'}	1	0	1	2	1	1.0	0.5	0.6666666666666666	0.5
14508191	{'A/C1166', 'T/C704', 'T/C344'}	{'A/C1166', 'T/C704'}	2	0	1	3	2	1.0	0.6666666666666666	0.8	0.6666666666666666
14562027	{'263G/A', '1001C/T', '+355G/T', '+142C/G', '13C/T'}	{'263G/A', '1001C/T', '+355G/T', '+142C/G', '13C/T'}	5	0	0	5	5	1.0	1.0	1.0	1.0
14623369	{'C270T'}	{'C270T'}	1	0	0	1	1	1.0	1.0	1.0	1.0
14751036	{'1242G>T', '2084G>A', '1780C>A', '9+1G>T', '2068G>C'}	{'1242G>T', '2084G>A', '1780C>A', '9+1G>T', '2068G>C'}	5	0	0	5	5	1.0	1.0	1.0	1.0
15009222	{'C435G', 'del329C'}	{'C435G'}	1	0	1	2	1	1.0	0.5	0.6666666666666666	0.5
15086338	{'6573+1G>C', '5504delA'}	{'6573+1G>C', '5504delA'}	2	0	0	2	2	1.0	1.0	1.0	1.0
15200509	{'Tyr246X'}	{'Tyr246X'}	1	0	0	1	1	1.0	1.0	1.0	1.0
15304120	{'G71R', 'Y486D', 'P229Q', 'P364L', '1091C>T'}	{'G71R', 'P229Q', 'Y486D', 'P364L', '1091C>T'}	5	0	0	5	5	1.0	1.0	1.0	1.0
15461822	{'Delta30'}	set()	0	0	1	1	0	0.0	0.0	0.0	0.0
15464247	{'1188A/C'}	set()	0	0	1	1	0	0.0	0.0	0.0	0.0
15485686	{'V1764M', 'I1762A', 'G>Asubstitutionatcodon1763', 'V1763M'}	{'V1764M', 'I1762A', 'V1763M'}	3	0	1	4	3	1.0	0.75	0.8571428571428571	0.75
15579915	{'IVS10+4G'}	set()	0	0	1	1	0	0.0	0.0	0.0	0.0
15667541	{'Glu29Lys', 'E29K', 'g.3907G>A'}	{'Glu29Lys', 'E29K'}	2	0	1	3	2	1.0	0.6666666666666666	0.8	0.6666666666666666
15668505	{'203G>A', 'N372H'}	{'203G>A', 'N372H'}	2	0	0	2	2	1.0	1.0	1.0	1.0
15672026	{'A>Gpolymorphismatposition670'}	set()	0	0	1	1	0	0.0	0.0	0.0	0.0
15749661	{'L490R', 'V561X', '1469T>G', '1665delC', 'C282Y', 'I238M'}	{'L490R', 'V561X', '1469T>G', '1665delC', 'C282Y', 'I238M'}	6	0	0	6	6	1.0	1.0	1.0	1.0
15754732	{'912delTA', '222insT', 'Q536X', '835del18', 'R171Q', 'P291A', 'D418D', 'L89R'}	{'912delTA', '222insT', 'Q536X', '835del18', 'R171Q', 'P291A', 'L89R'}	7	0	1	8	7	1.0	0.875	0.9333333333333333	0.875
15770495	{'R266W', 'G196S', 'IVS3+1G>A', 'G183S', 'del418T', 'V89L', 'A207D', 'del642T', 'Q126R', 'G158R', 'A49T', '217218insC', 'R246W'}	{'V89L', 'G196S', 'IVS3+1G>A', 'G183S', 'R266W', 'A207D', 'Q126R', 'G158R', 'A49T', '217218insC', 'R246W'}	11	0	2	13	11	1.0	0.8461538461538461	0.9166666666666666	0.8461538461538461
15820770	{'ACG>AAGsubstitutionincodon420'}	set()	0	0	1	1	0	0.0	0.0	0.0	0.0
15824163	{'rs1639679'}	{'rs1639679'}	1	0	0	1	1	1.0	1.0	1.0	1.0
15834874	{'G1915T/A', 'C3026T', 'T2005C/A', 'A1053G', 'G529A', 'C934A'}	{'T2005C', 'C3026T', 'G1915T', 'A1053G', 'G529A', 'C934A'}	6	0	0	6	6	1.0	1.0	1.0	1.0
15867855	{'rs2277025', '157delMTTTVP'}	{'rs2277025'}	1	0	1	2	1	1.0	0.5	0.6666666666666666	0.5
15880727	{'10441049delTTCTGGinsACACT', '360363delCAAA', 'A150P', '612T>G', '532T>C', '1131G>A', 'N335K', '345372del28', '851T>C', 'R60X', 'C178R', '865delC', 'A175D', 'Y204X', '841842delAC', 'L284P', '799+2T>A'}	{'10441049delTTCTGGinsACACT', '612T>G', 'A150P', '360363delCAAA', '532T>C', '1131G>A', '851T>C', '345372del28', 'N335K', 'C178R', 'R60X', '865delC', 'A175D', 'Y204X', '841842delAC', 'L284P', '799+2T>A'}	17	0	0	17	17	1.0	1.0	1.0	1.0
15983230	{'rs5393'}	{'rs5393'}	1	0	0	1	1	1.0	1.0	1.0	1.0
16051693	{'V175M'}	{'V175M'}	1	0	0	1	1	1.0	1.0	1.0	1.0
16088915	{'Arg792Gly'}	{'Arg792Gly'}	1	0	0	1	1	1.0	1.0	1.0	1.0
16143638	{'IVS25855insT'}	set()	0	0	1	1	0	0.0	0.0	0.0	0.0
16181814	{'A467T', 'E873sp', 'E873TAG'}	{'A467T', 'E873sp'}	2	0	1	3	2	1.0	0.6666666666666666	0.8	0.6666666666666666
16186368	{'K386T', 'S482X'}	{'K386T', 'S482X'}	2	0	0	2	2	1.0	1.0	1.0	1.0
16252083	{'Gly322Asp', 'Asn>Sersubstitutionatcodon127', 'G>Atransitionat1032position', 'Asn127Ser', 'A>Gtransitionat127position', 'Gly>Aspchangeatcodon322'}	{'Asn127Ser', 'Gly322Asp'}	2	0	4	6	2	1.0	0.3333333333333333	0.5	0.3333333333333333
16256386	{'R400K', 'IVS4+3G>C', 'R413P', 'G346R', 'R157I', 'R111X', 'Y356X', 'I38fsX19', 'R157K', 'T200fsX6', 'S349A', 'L367L', 'IVS12+4A>G', 'F302fsX39', 'Y154H', 'R243Q', 'EX696A>G', 'Q267E', 'IVS12+6T>A', 'Q267H'}	{'S349A', 'IVS12+4A>G', 'G346R', 'Q267E', 'F302fsX39', 'R400K', 'IVS12+6T>A', 'Y356X', 'Y154H', 'R243Q', 'R157I', 'Q267H', 'IVS4+3G>C', 'R111X', 'I38fsX19', 'R157K', 'R413P', 'T200fsX6'}	18	0	2	20	18	1.0	0.9	0.9473684210526316	0.9
16525586	{'16421644dupA', 'Ser413Leu', 'Arg260His', '892895dupG', 'Ser263Phe', 'Tyr547fs', 'Val414Phe', '20451G>A', 'Ser290/Ala291fs', '791C>T', 'Tyr69X', '210T>G'}	{'16421644dupA', 'Ser413Leu', 'Arg260His', '892895dupG', 'Ser263Phe', 'Val414Phe', 'Tyr69X'}	7	0	5	12	7	1.0	0.5833333333333334	0.7368421052631579	0.5833333333333334
16543197	{'G1103R'}	{'G1103R'}	1	0	0	1	1	1.0	1.0	1.0	1.0
16644711	{'Tyr1306Cys'}	{'Tyr1306Cys'}	1	0	0	1	1	1.0	1.0	1.0	1.0
16728705	{'863C>A', 'C>Asubstitutionatposition863'}	set()	0	0	2	2	0	0.0	0.0	0.0	0.0
17003357	{'1858C/T', '2250G/C'}	{'1858C/T', '2250G/C'}	2	0	0	2	2	1.0	1.0	1.0	1.0
17033974	{'2406C>A'}	set()	0	0	1	1	0	0.0	0.0	0.0	0.0
17059986	{'2633+1G>C', 'r.25212634del', 'Ser555Leu'}	{'2633+1G>C', 'r.25212634del', 'Ser555Leu'}	3	0	0	3	3	1.0	1.0	1.0	1.0
17079875	{'1282G>A', '2084G>C'}	{'1282G>A', '2084G>C'}	2	0	0	2	2	1.0	1.0	1.0	1.0
17166870	{'6bINS'}	set()	0	0	1	1	0	0.0	0.0	0.0	0.0
17292585	{'A174D', 'N334K', 'A149P'}	{'A149P', 'N334K', 'A174D'}	3	0	0	3	3	1.0	1.0	1.0	1.0
17391797	{'Val175Met', 'V175M'}	{'Val175Met'}	1	0	1	2	1	1.0	0.5	0.6666666666666666	0.5
17395743	{'rs2720709', 'rs2648875'}	{'rs2720709', 'rs2648875'}	2	0	0	2	2	1.0	1.0	1.0	1.0
17909797	{'Delta32'}	set()	0	0	1	1	0	0.0	0.0	0.0	0.0
17935240	{'g.ORF15+652653delAG'}	{'652653delAG'}	1	0	0	1	1	1.0	1.0	1.0	1.0
17961316	{'IVS11G>A', 'IVS11G>C'}	{'IVS11G>A', 'IVS11G>C'}	2	0	0	2	2	1.0	1.0	1.0	1.0
17968299	{'1082G/A'}	set()	0	0	1	1	0	0.0	0.0	0.0	0.0
18166824	{'M200V', 'P29S'}	{'M200V', 'P29S'}	2	0	0	2	2	1.0	1.0	1.0	1.0
18189233	{'R462Q', 'K294E', 'D541E', 'A/Gtransition1,071bp'}	{'R462Q', 'D541E', 'K294E'}	3	0	1	4	3	1.0	0.75	0.8571428571428571	0.75
18372165	{'681dupA', '360+1G>C', '1570+2T>C', '520delC', '956delC', 'Arg153X', '899+1G>T'}	{'681dupA', '360+1G>C', '1570+2T>C', '520delC', '956delC', 'Arg153X', '899+1G>T'}	7	0	0	7	7	1.0	1.0	1.0	1.0
18397285	{'T>Gtransversionatnucleotide4508', 'L1503Q', 'L1503R'}	{'L1503Q', 'L1503R'}	2	0	1	3	2	1.0	0.6666666666666666	0.8	0.6666666666666666
18492086	{'20684T>A'}	{'20684T>A'}	1	0	0	1	1	1.0	1.0	1.0	1.0
18606230	{'R1858X', 'Y1854X'}	{'R1858X', 'Y1854X'}	2	0	0	2	2	1.0	1.0	1.0	1.0
18672102	{'P407Q', '1146+25insA', '118119insA', 'A442V', 'A6V', 'S429T', '46delS', 'P163S', 'E359K', '125126insAA'}	{'1146+25insA', 'P407Q', '118119insA', 'A442V', 'S429T', 'E359K', 'P163S', '125126insAA'}	8	0	2	10	8	1.0	0.8	0.888888888888889	0.8
18694509	{'rs12329760'}	{'rs12329760'}	1	0	0	1	1	1.0	1.0	1.0	1.0
18945288	{'342delA', 'Arg58fs', 'R58fs'}	{'Arg58fs', '342delA', 'R58fs'}	3	0	0	3	3	1.0	1.0	1.0	1.0
19067809	{'A1166C', 'A11666C'}	set()	0	0	2	2	0	0.0	0.0	0.0	0.0
19223935	{'Ser863Asn', 'Leu203fsX15', 'G669A', 'Glu98X'}	{'Ser863Asn', 'G669A', 'Glu98X'}	3	0	1	4	3	1.0	0.75	0.8571428571428571	0.75
19276632	{'Tyr428Tyr', '25*G>A', 'Ser424Ser', '97GCC[9]+[10]', '262G>A', '1272C>T', '1284T>C', 'Ala88Thr'}	{'97GCC[9]', '262G>A', '1272C>T', '1284T>C', 'Ala88Thr'}	5	0	3	8	5	1.0	0.625	0.7692307692307693	0.625
19429592	{'E299sp', '897G>T', '867G>T', 'E169sp', '15581559insA', 'G289sp', '507G>T', 'S522fs525sp'}	{'897G>T', '867G>T', '15581559insA', 'S522fs', '507G>T'}	5	0	3	8	5	1.0	0.625	0.7692307692307693	0.625
19565319	{'rs5751876', 'rs2236624', 'rs3761422', 'rs35320474'}	{'rs5751876', 'rs2236624', 'rs3761422', 'rs35320474'}	4	0	0	4	4	1.0	1.0	1.0	1.0
19624485	{'rs16375'}	{'rs16375'}	1	0	0	1	1	1.0	1.0	1.0	1.0
19781362	{'R298Q', 'rs16864880', 'G>Asubstitutionatnucleotide893'}	{'R298Q', 'rs16864880'}	2	0	1	3	2	1.0	0.6666666666666666	0.8	0.6666666666666666
19823838	{'263G>C', '264C>A'}	set()	0	0	2	2	0	0.0	0.0	0.0	0.0
19880293	{'924A/G', 'IVS9+459,A/G', '924,A/G', '6054deletion/ATT', '3279,A/C', '6054,deletion/ATT'}	set()	0	0	6	6	0	0.0	0.0	0.0	0.0
19881468	{'Ser326Cys', 'rs1052133'}	{'rs1052133', '326fromSerCys'}	1	1	1	2	2	0.5	0.5	0.5	0.3333333333333333
20019594	{'S173fsX174', 'E180K', 'R194S', 'D157fsX158', 'C152G'}	{'S173fsX174', 'E180K', 'R194S', 'D157fsX158', 'C152G'}	5	0	0	5	5	1.0	1.0	1.0	1.0
20080916	{'rs10954213', 'rs2070197', 'rs2004640'}	{'rs10954213', 'rs2070197', 'rs2004640'}	3	0	0	3	3	1.0	1.0	1.0	1.0
20154289	{'codon104G>A'}	{'104G>A'}	1	0	0	1	1	1.0	1.0	1.0	1.0
20331852	{'rs4112788', 'R68C'}	{'rs4112788', 'R68C'}	2	0	0	2	2	1.0	1.0	1.0	1.0
20335448	{'G>Aatnucleotideposition2141'}	{'arginineglutamineatposition714'}	0	1	1	1	1	0.0	0.0	0.0	0.0
20367983	{'15461547insC', 'IVS3+18C>T'}	{'18C>T', '15461547insC', 'IVS3+18C>T'}	2	0	0	2	3	1.0	1.0	1.0	1.0
20454699	{'C119Y', '356G>A', 'rs13267'}	{'C119Y', '356G>A', 'rs13267'}	3	0	0	3	3	1.0	1.0	1.0	1.0
20512659	{'25152519delAAGTT'}	{'25152519delAAGTT'}	1	0	0	1	1	1.0	1.0	1.0	1.0
20648600	{'I195M', 'G1899A', 'A1762T', 'G1896A', 'E164D', 'V173L', 'G1764A', 'M204V', 'L180M'}	{'G1764A', 'A1762T', 'G1899A', 'G1896A'}	4	0	5	9	4	1.0	0.4444444444444444	0.6153846153846153	0.4444444444444444
20709368	{'10034C>T', 'rs2066865'}	{'10034C>T', 'rs2066865'}	2	0	0	2	2	1.0	1.0	1.0	1.0
20738799	{'I597T'}	{'I597T'}	1	0	0	1	1	1.0	1.0	1.0	1.0
20801104	{'1240L/S', '521C/T', '616C/G'}	{'521C/T', '616C/G'}	2	0	1	3	2	1.0	0.6666666666666666	0.8	0.6666666666666666
20801540	{'2554+1G>T'}	{'2554+1G>T'}	1	0	0	1	1	1.0	1.0	1.0	1.0
20846357	{'263C>T', 'Asp50Asn', 'Ala88Val'}	{'Asp50Asn', '263C>T', 'alanineforvalineatposition88', 'Ala88Val'}	3	1	0	3	4	0.75	1.0	0.8571428571428571	0.75
21070631	{'1021C/T', 'rs1800587', 'rs1611115'}	{'rs1800587', 'rs1611115'}	2	0	1	3	2	1.0	0.6666666666666666	0.8	0.6666666666666666
21099701	{'G303E', '908G>A'}	{'glycineatposition303glutamicacid', 'G303E', '908G>A'}	2	1	0	2	3	0.6666666666666666	1.0	0.8	0.6666666666666666
21108633	{'69delC', '410+5G/A'}	{'69delC'}	1	0	1	2	1	1.0	0.5	0.6666666666666666	0.5
21135151	{'delta32'}	set()	0	0	1	1	0	0.0	0.0	0.0	0.0
21325775	{'Arg158Pro'}	set()	0	0	1	1	0	0.0	0.0	0.0	0.0
21405999	{'465G>T', '171T>C', 'Glu155Asp', '17T>C'}	{'465G>T', '171T>C', 'Glu155Asp', '17T>C'}	4	0	0	4	4	1.0	1.0	1.0	1.0
21493871	{'rs7286979', 'rs5758222', 'rs20551', 'rs6589664', 'rs525549'}	{'rs7286979', 'rs5758222', 'rs20551', 'rs6589664', 'rs525549'}	5	0	0	5	5	1.0	1.0	1.0	1.0
21559944	{'104delT', 'Val35AlafsX25'}	{'104delT', 'Val35AlafsX25'}	2	0	0	2	2	1.0	1.0	1.0	1.0
21682595	{'rs25487', 'Arg399Gln'}	{'rs25487', 'Arg399Gln'}	2	0	0	2	2	1.0	1.0	1.0	1.0
21738389	{'Pro246HisfsX13', '737delC'}	{'Pro246HisfsX13', '737delC'}	2	0	0	2	2	1.0	1.0	1.0	1.0
21757944	{'CD+90del13bp', 'IVSII1G>A'}	{'+90del13'}	1	0	1	2	1	1.0	0.5	0.6666666666666666	0.5
21798259	{'rs16754'}	{'rs16754'}	1	0	0	1	1	1.0	1.0	1.0	1.0
21897748	{'V44M', '130G>A'}	{'V44M', '130G>A'}	2	0	0	2	2	1.0	1.0	1.0	1.0
22051099	{'S276T', 'rs2234671', 'Ex2+860G>C'}	{'S276T', 'rs2234671'}	2	0	1	3	2	1.0	0.6666666666666666	0.8	0.6666666666666666
22129472	{'17061715del.ATCTCCTCAG', 'Asp569Valfs*93', '17062A>T'}	{'Asp569Valfs*93', '17061715del'}	2	0	1	3	2	1.0	0.6666666666666666	0.8	0.6666666666666666
22188495	{'3190C>T', 'Arg987Ter'}	{'3190C>T', 'Arg987Ter'}	2	0	0	2	2	1.0	1.0	1.0	1.0
