PMID	GT_Mutations	tmVar3-OSIRIS_Mutations	TP	FP	FN	Total_GT	Total_tmVar3-OSIRIS	Precision	Recall	F1	Accuracy
12890863	{'+1632T'}	{'chromosome19'}	0	1	1	1	1	0.0	0.0	0.0	0.0
12915397	{'866A', 'A55V', 'Ala55Val'}	{'866A', 'A55V', 'Ala55Val', '866G/A'}	3	1	0	3	4	0.75	1.0	0.8571428571428571	0.75
14523377	{'86G/A', '469+14G/C'}	{'intron4469+14G', '86G/A', '469+14G/C'}	2	1	0	2	3	0.6666666666666666	1.0	0.8	0.6666666666666666
14635012	{'308TNFalphaG/G'}	set()	0	0	1	1	0	0.0	0.0	0.0	0.0
14645199	{'T382G', 'A402G', 'G358A', 'T123C'}	{'T382G', 'A402G', 'T123C', 'chromosome11p15.5', 'G358A'}	4	1	0	4	5	0.8	1.0	0.888888888888889	0.8
14651519	{'F176V', '232T', '176F', 'Ile232Thr', 'I232T', 'H131R', '176V'}	{'1q23', 'F176V', '232T', '176F', 'Ile232Thr', 'I232T', 'H131R', '176V'}	7	1	0	7	8	0.875	1.0	0.9333333333333333	0.875
14651522	{'403AA'}	set()	0	0	1	1	0	0.0	0.0	0.0	0.0
14673707	{'mutationatintron2oftheCLCN5gene,aTGsubstitution,located17bpupstreamoftheAGacceprsite', 'IVS217T>G'}	{'AGTatposition297', 'IVS217T>G'}	1	1	1	2	2	0.5	0.5	0.5	0.3333333333333333
14685824	{'rs27072Aallele', 'rs27072Ggenotype', 'rs27072'}	{'rs27072'}	3	0	0	3	1	1.0	1.0	1.0	1.0
14693717	{'4034A>C', '11365C>G', '+276G>T', '12Ala', '+45T>G', '3964A>G', '+276T', '4034C/C'}	{'4034A>C', '11365C>G', '+276G>T', '+45T>G', '3964A>G', '+276T', '4034C'}	7	0	1	8	7	1.0	0.875	0.9333333333333333	0.875
14693721	{'866G/A'}	{'866G/A'}	1	0	0	1	1	1.0	1.0	1.0	1.0
14705223	{'IL1alpha889Tallele'}	set()	0	0	1	1	0	0.0	0.0	0.0	0.0
14709372	{'242C>T', '994G>T', 'Val279Phe', 'His72Tyr'}	{'994G>T', 'His72Tyr', '1100C>T', '242C>T', 'Val279Phe'}	4	1	0	4	5	0.8	1.0	0.888888888888889	0.8
14712309	{'rs2981572', 'rs2232360', 'rs2981573', 'rs1518108', 'Galleleatposition1053'}	{'rs2981572', 'rs2232360', 'rs2981573', 'rs1518108', 'Galleleatposition1053'}	5	0	0	5	5	1.0	1.0	1.0	1.0
14715843	{'rs495225', '171T'}	{'rs495225'}	1	0	1	2	1	1.0	0.5	0.6666666666666666	0.5
14715845	{'A/GsinglenucleotidepolymorphismSNPatposition49'}	set()	0	0	1	1	0	0.0	0.0	0.0	0.0
14729863	{'1131T>C', '1131C', '19SS', '19W', '1131TT', 'S19W'}	{'1131T>C', '1131C', '19W', '1131TT', 'S19W'}	5	0	1	6	5	1.0	0.8333333333333334	0.9090909090909091	0.8333333333333334
14730381	{'Ala12', 'C1431T', '1431T', 'Pro12Ala', 'T1431'}	{'Pro12Ala', 'C1431T', 'Ala12'}	4	0	1	5	3	1.0	0.8	0.888888888888889	0.8
14734460	{'Ile/ValatCYP1A1codon462', '4956G', '2731T', '462Ile/Val', '72Arg/Pro', '432Leu/Val', '4427C', '2430C', '3667G'}	set()	0	0	9	9	0	0.0	0.0	0.0	0.0
14737097	{'131R/H', '176F', 'NA1/2', '131R', '176F/V'}	set()	0	0	5	5	0	0.0	0.0	0.0	0.0
14739420	{'Ala459', 'AlaProsubstitutionataminoacid459', 'Pro459'}	{'AlaProsubstitutionataminoacid459', 'chromosome7q22.1'}	1	1	2	3	2	0.5	0.3333333333333333	0.4	0.25
14742985	{'4G/5G', 'C677T'}	{'C677T'}	1	0	1	2	1	1.0	0.5	0.6666666666666666	0.5
14747301	{'866G/A'}	{'866G/A'}	1	0	0	1	1	1.0	1.0	1.0	1.0
14749980	"{'HLADRB1*04', ""565'A'""}"	{'chromosome6'}	0	1	2	2	1	0.0	0.0	0.0	0.0
14752243	{'G2677T', 'C3435T'}	{'G2677T', '2677G', '3435T', 'C3435T'}	2	1	0	2	4	0.6666666666666666	1.0	0.8	0.6666666666666666
14755442	{'rs204887', 'rs1009382', 'Glu2578Gly', 'rs8283'}	{'rs204887', 'rs1009382', 'Glu2578Gly', 'rs8283'}	4	0	0	4	4	1.0	1.0	1.0	1.0
14755445	{'5361c/t', '219g/t', '113c/g', '491a/t', '427c/t'}	{'219g/t', 'chromosome19p13.2', 'chromosome19', '491a/t', '427c/t'}	3	2	2	5	5	0.6	0.6	0.6	0.42857142857142855
14755451	{'rs#1999764', '551266', '1970244', '1855915', '489517', '538469'}	{'chromosome10q23'}	0	1	6	6	1	0.0	0.0	0.0	0.0
14764791	{'I471V'}	{'I471V'}	1	0	0	1	1	1.0	1.0	1.0	1.0
14871556	"{'R371H', 'K281K', 'L270V', ""3'UTR+62G/A"", 'L267L', 'P266T', 'I337V', 'K23E', 'A190A', 'L267V'}"	{'R371H', 'K281K', 'L270V', '+62G/A', 'L267L', 'P266T', 'I337V', 'K23E', 'A190A', 'L267V'}	10	0	0	10	10	1.0	1.0	1.0	1.0
14872030	{'200T/C', '213G/T', '88G/T', '123C/A'}	{'123C/A', '88T', '213G/T', '88G/T', '200T/C', '88TT'}	4	2	0	4	6	0.6666666666666666	1.0	0.8	0.6666666666666666
14961571	{'C/Apolymorphism160basepairsrelativethetranscriptionstartsite', '160C/A'}	{'160C/A'}	1	0	1	2	1	1.0	0.5	0.6666666666666666	0.5
14961572	{'511CT', '31TC', '511C/C', '31T/T', 'Talleleatthe31SNP', 'Calleleat511SNP'}	{'511CT', '31TC', '511C', 'Calleleat511', 'Talleleatthe31', '31T'}	6	0	0	6	6	1.0	1.0	1.0	1.0
14962090	{'921G/A'}	{'921G/A'}	1	0	0	1	1	1.0	1.0	1.0	1.0
14962947	{'R1587K', 'R219K', 'C564T'}	{'R1587K', 'R219K', 'C564T'}	3	0	0	3	3	1.0	1.0	1.0	1.0
14970360	{'6G', 'G217A', '6A', '217AA', '217G', '6GG', '217A', 'M235T', 'A6G'}	{'6G', '235T', 'G217A', '6A', '217AA', '217G', '235M', '6GG', '217A', 'M235T', 'A6G'}	9	1	0	9	11	0.9	1.0	0.9473684210526316	0.9
14970363	{'Pro1019ProG/A', 'Lys656Asn', 'Lys109ArgA/G', 'Lys656AsnG/C'}	{'Lys656Asn', 'Pro1019Pro', 'Lys109Arg'}	4	0	0	4	3	1.0	1.0	1.0	1.0
14970845	{'M129V', 'T174M', '174M', '129M', 'T26M', 'SNP1368', 'P56L'}	{'M129V', 'T174M', '174M', '129M', 'T26M', 'P56L'}	6	0	1	7	6	1.0	0.8571428571428571	0.923076923076923	0.8571428571428571
14973548	{'308G/A'}	{'308G/A'}	1	0	0	1	1	1.0	1.0	1.0	1.0
14973783	{'V103Irs2229616', 'I103'}	{'rs2229616', 'V103I', 'I103'}	2	0	0	2	3	1.0	1.0	1.0	1.0
14975928	{'K897T', 'P967L', 'R1047L', 'Q1068R'}	{'K897T', 'P967L', 'R1047L', 'Q1068R'}	4	0	0	4	4	1.0	1.0	1.0	1.0
14979495	{'Arg753Gln', 'Arg753GLn', 'arginineglutaminesubstitutionatresidue753'}	{'arginineglutaminesubstitutionatresidue753', 'Arg753Gln', 'Arg753GLn', 'arginineglutaminesubstitutionatresidue753polymorphism'}	3	0	0	3	4	1.0	1.0	1.0	1.0
14986114	{'1G/2GsinglenucleotidepolymorphismSNPintheMMP1atposition1607bp'}	set()	0	0	1	1	0	0.0	0.0	0.0	0.0
14986169	{'JO30', 'CT60', 'JO31'}	set()	0	0	3	3	0	0.0	0.0	0.0	0.0
15007371	{'CGchangeinthe104basepair'}	set()	0	0	1	1	0	0.0	0.0	0.0	0.0
15007729	{'D2S286/rs3220265'}	{'chromosome2', '7q32', 'rs3220265', '2p11', 'chromosome2p'}	1	4	0	1	5	0.2	1.0	0.33333333333333337	0.2
15008790	{'108C/T', '192Q/R'}	{'108C/T'}	1	0	1	2	1	1.0	0.5	0.6666666666666666	0.5
15009068	{'238G/A', '+3953T/C', '+252G/A', '511C/T', '+252G/G', '308G/A'}	{'238G/A', '+3953T/C', '+252G/A', '511C/T', '308G/A'}	5	0	1	6	5	1.0	0.8333333333333334	0.9090909090909091	0.8333333333333334
15022318	{'C+872T'}	{'C+872T'}	1	0	0	1	1	1.0	1.0	1.0	1.0
15024396	{'rs1861973', 'rs1861972', 'rs2361689', 'rs3735653'}	{'rs1861973', 'rs2361689', 'rs1861972', '7q36', 'rs3735653'}	4	1	0	4	5	0.8	1.0	0.888888888888889	0.8
15024686	{'R702W', 'P268S', 'I363F', 'D357A', 'G908R', 'N852S', 'L550V', '1007fs'}	{'P268', 'R702W', 'chromosome16', 'P268S', 'I363F', '702W', 'D357A', 'G908R', 'N852S', '268S', 'L550V', 'D113N'}	7	2	1	8	12	0.7777777777777778	0.875	0.823529411764706	0.7
15026335	{'V109G', '326T/G', '79C/T'}	{'V109G', '12p13', '79C/T'}	2	1	1	3	3	0.6666666666666666	0.6666666666666666	0.6666666666666666	0.5
15028050	{'S706CKCNH2', 'G144SKCNJ2', 'R243HKCNQ1', 'A341VKCNQ1'}	{'G144S', 'A341V', 'R243H', 'S706C'}	4	0	0	4	4	1.0	1.0	1.0	1.0
15028669	{'22and348relativetheBAT1transcriptionstartsite', 'BAT1348*C', 'BAT1348*T', 'BAT122*C'}	set()	0	0	4	4	0	0.0	0.0	0.0	0.0
15037865	{'V103I', 'I251L'}	{'V103I', 'I251L'}	2	0	0	2	2	1.0	1.0	1.0	1.0
15047633	{'rs2144908'}	{'rs2144908', '20q13'}	1	1	0	1	2	0.5	1.0	0.6666666666666666	0.5
15047636	{'AnA>GsinglenucleotidepolymorphismSNPatposition579', '579A>G', '579G'}	{'579A>G', 'chromosome7q35', '579G'}	2	1	1	3	3	0.6666666666666666	0.6666666666666666	0.6666666666666666	0.5
15048652	{'616G', '615A/G', '616C', '616GG', '616GC', '616CC', '521C/T', 'A/GSNPinthe615thposition', 'A/GSNPatthe615th', '616C/G'}	{'616G', '615A/G', '616C', '616GG', '616CC', '616GC', '521C/T', '616C/G'}	8	0	2	10	8	1.0	0.8	0.888888888888889	0.8
15050452	{'634C/G'}	{'634C/G'}	1	0	0	1	1	1.0	1.0	1.0	1.0
15054398	{'42855A>G', '55907A>G', '1691G>A', 'Arg506Gln', '37833T>G', '99930G>A'}	{'42855A>G', '55907A>G', '1691G>A', 'Arg506Gln', '37833T>G', '99930G>A'}	6	0	0	6	6	1.0	1.0	1.0	1.0
15057901	{'128G>A', 'P24T', 'V47A', 'M33T', 'A173G', 'W11R', 'GAexchangeatposition81', 'L48V', 'GAexchangeatposition765', '696C>T', 'C3Y'}	{'128G>A', 'P24T', 'V47A', 'M33T', 'C>Tin2', 'A173G', 'W11R', 'GAexchangeatposition81', 'L48V', 'GAexchangeatposition765'}	9	1	2	11	10	0.9	0.8181818181818182	0.8571428571428572	0.75
15061869	{'Aatposition838', 'Cin838', '838A', '79C>T', '+326T>G[V109G]', '838C>A'}	{'Cin838', '838A', 'V109G', '79C>T', '+326T>G', '838C>A'}	5	0	1	6	6	1.0	0.8333333333333334	0.9090909090909091	0.8333333333333334
15066320	{'M1V', 'H50R'}	{'chromosome11', 'H50R', '11q23'}	1	2	1	2	3	0.3333333333333333	0.5	0.4	0.25
15077293	{'padi490*T/C', 'padi489*G/A', 'padi492*G/C', 'padi4104*T/C'}	{'92*G/C', '104*T/C', '90*T/C', '89*G/A'}	4	0	0	4	4	1.0	1.0	1.0	1.0
15078863	{'C242T', 'A640G', '930A/G'}	{'C242T', 'A640G', '930A/G'}	3	0	0	3	3	1.0	1.0	1.0	1.0
15080568	{'GSTP1*C/GSTP1*D', 'GSTP1*A/GSTP1*B', 'A313G', 'GSTP1*B/GSTP1*B', 'C341T', 'GSTP1*A/GSTP1*C'}	{'A313G', 'C341T'}	2	0	4	6	2	1.0	0.3333333333333333	0.5	0.3333333333333333
15084241	{'codon594', 'codon325CCC>CCG', 'TCT>TCCincodon10', 'ACG>ACAincodon594'}	{'TCT>TCCincodon10', 'codon325CCC>CCG', 'ACG>ACAincodon594'}	4	0	0	4	3	1.0	1.0	1.0	1.0
15084933	{'33IL4', '1082IL10', 'GGatthe1082', 'CCatthe33IL4'}	set()	0	0	4	4	0	0.0	0.0	0.0	0.0
15087412	{'11381G/C'}	{'11381G/C'}	1	0	0	1	1	1.0	1.0	1.0	1.0
15091315	{'rs422951', 'rs367398', 'rs520692', 'rs915894'}	{'rs422951', 'rs367398', 'rs520692', 'rs915894'}	4	0	0	4	4	1.0	1.0	1.0	1.0
15091317	{'196RT/G', 'Galleleatposition196inexon6oftheTNFreceprIIgeneTNFRII196R', '196R', '196RG'}	{'Galleleatposition196'}	1	0	3	4	1	1.0	0.25	0.4	0.25
15094225	{'493G/T', '1183T/C'}	{'493G/T', '1183T/C'}	2	0	0	2	2	1.0	1.0	1.0	1.0
15099281	{'894TT', '894G>T'}	{'894TT', '894G>T'}	2	0	0	2	2	1.0	1.0	1.0	1.0
15099346	{'250G/A', '250A'}	{'250G/A', '250A'}	2	0	0	2	2	1.0	1.0	1.0	1.0
15099969	{'codon72CCC/prolineCGC/arginine[Pro72Arg]', 'codon31AGC/serineAGA/arginine[Ser31Arg]'}	{'Pro72Arg', 'Ser31Arg'}	2	0	0	2	2	1.0	1.0	1.0	1.0
15100460	{'G/Agenotypeassociatedwithtumornecrosisfacralphapositions376and244', '244G/A'}	{'244G/A'}	1	0	1	2	1	1.0	0.5	0.6666666666666666	0.5
15101044	{'3161C>G1054P>R', '2572T>C858F>L'}	{'2572C', '3161G', '2572T>C', '858F>L', '3161C>G', '1054P>R'}	2	2	0	2	6	0.5	1.0	0.6666666666666666	0.5
15102677	{'+4536T/C', '386Val/AlaT/Crs4541', '293Leu/ValC/Grs5292', '+4328C/G', '387Asp/Asprs1056932', '+4449C/T'}	{'+4536T/C', '+4328C/G', 'rs4541', '+4449C/T', 'rs5292', 'rs1056932'}	6	0	0	6	6	1.0	1.0	1.0	1.0
15103710	{'445A', 'IVS939C', '292A', '111C', '445C', '292C', '147G', 'IVS939T'}	set()	0	0	8	8	0	0.0	0.0	0.0	0.0
15108194	{'196G/A'}	{'196G/A'}	1	0	0	1	1	1.0	1.0	1.0	1.0
15108283	{'713155C>T', '834+7G>A', '280+170C>G', '712+26G>A', '1263G>C', '1869T>C', '1332C>T', '147894C>G'}	{'713155C>T', '834+7G>A', '280+170C>G', '712+26G>A', 'chromosome13', '1263G>C', '1869T>C', '1332C>T', '147894C>G'}	8	1	0	8	9	0.8888888888888888	1.0	0.9411764705882353	0.8888888888888888
15110318	{'D6S1577', 'A1555G'}	{'A1555G'}	1	0	1	2	1	1.0	0.5	0.6666666666666666	0.5
15114532	{'hemoglobinEvariantHbE;beta26Glu>Lys'}	{'26Glu>Lys'}	1	0	0	1	1	1.0	1.0	1.0	1.0
15115760	{'270C', 'Val66Met', '270C>T', 'Met66'}	{'270C', 'Val66Met', '270C>T', 'Met66'}	4	0	0	4	4	1.0	1.0	1.0	1.0
15116249	{'46C>T'}	{'46C>T'}	1	0	0	1	1	1.0	1.0	1.0	1.0
15116260	{'159T/C'}	{'159T', '159T/C'}	1	0	0	1	2	1.0	1.0	1.0	1.0
15122513	{'rs1721100', 'ss20399075', 'rs1989754'}	{'8p21.3', 'ss20399075', 'rs1989754', 'rs1721100', '8p22'}	3	2	0	3	5	0.6	1.0	0.7499999999999999	0.6
15123570	{'I164T', 'G276T'}	{'I164T', 'G276T'}	2	0	0	2	2	1.0	1.0	1.0	1.0
15123654	{'468GlyA'}	{'468GlyA'}	1	0	0	1	1	1.0	1.0	1.0	1.0
15124004	{'rs4680', 'rs165599', 'rs737865'}	{'rs4680', 'rs165599', 'rs737865'}	3	0	0	3	3	1.0	1.0	1.0	1.0
15126335	{'4552C', '4044T', '30833A', '18085T241Met', '4062T'}	set()	0	0	5	5	0	0.0	0.0	0.0	0.0
15129369	"{""TA1CA2transitioninthe5'UTRofthecychromeP450c17alphaCYP17"", 'T27C', 'GValAMettransitioninexon4ofthecatecholOmethyltransferaseCOMT', 'G1947A'}"	{'T27C', 'G1947A', 'A1C'}	3	0	1	4	3	1.0	0.75	0.8571428571428571	0.75
15130757	{'174GG', '174G/C', '597G/A', '572G/C', '373AnTm'}	{'597G/A', '174GG', '572G/C', '174G/C'}	4	0	1	5	4	1.0	0.8	0.888888888888889	0.8
15138193	{'C2029Tnucleotidesubstitution', 'Arg677Trp'}	{'C2029T', 'Arg677Trp'}	2	0	0	2	2	1.0	1.0	1.0	1.0
15138458	{'singlenucleotidepolymorphismSNPinposition+49ofexon1'}	set()	0	0	1	1	0	0.0	0.0	0.0	0.0
15138483	{'187S', 'Q356R', 'P187S', 'C112RE4', 'C825T', 'P871L', 'N372H', 'R158CE2', 'R72P'}	{'187S', 'Q356R', 'P187S', 'R158C', 'P871L', 'C112R', 'N372H', 'C825T', 'R72P'}	9	0	0	9	9	1.0	1.0	1.0	1.0
15138485	{'RAD51135c', 'RAD51135g>c'}	{'135g>c'}	1	0	1	2	1	1.0	0.5	0.6666666666666666	0.5
15142217	{'+587G', '+587T/G'}	{'+587G', '+587T/G'}	2	0	0	2	2	1.0	1.0	1.0	1.0
15149891	{'866G/A'}	{'866G/A'}	1	0	0	1	1	1.0	1.0	1.0	1.0
15150650	{'127bpT>A', '127T>A'}	{'127bpT>A', '127T>A'}	2	0	0	2	2	1.0	1.0	1.0	1.0
15161528	{'4245+82A>G', 'H558R', 'A29A', 'A1673G', 'S1102Y', 'G87A', 'D1819D', 'G1673', 'R558', 'G6174A', 'C5457T'}	{'4245+82A>G', 'H558R', 'A1673G', 'S1102Y', 'G87A', 'D1819D', 'G1673', 'R558', 'G6174A', 'C5457T'}	10	0	1	11	10	1.0	0.9090909090909091	0.9523809523809523	0.9090909090909091
15164150	{'IVS1+633A/C', '976A/G', 'P392L', 'IVS523A/G'}	{'IVS1+633A/C', '976A/G', 'P392L', 'IVS523A/G'}	4	0	0	4	4	1.0	1.0	1.0	1.0
15166293	{'39C>T', 'Y181H', 'g.114A>G', 'R248Q'}	{'39C>T', 'Y181H', 'g.114A>G', 'R248Q'}	4	0	0	4	4	1.0	1.0	1.0	1.0
15170937	{'+3962C', '1098T/G'}	{'1098T/G'}	1	0	1	2	1	1.0	0.5	0.6666666666666666	0.5
