PMID	start	end	text	type	tool
10090909	12	20	2314delG	DELETION	REGEX
10094560	57	64	544delG	DELETION	REGEX
10094560	119	124	E459K	SUBSTITUTION	MUTATIONFINDER
10094560	112	117	R411X	SUBSTITUTION	MUTATIONFINDER
10094560	838	843	D289V	SUBSTITUTION	MUTATIONFINDER
10094560	801	805	M45L	SUBSTITUTION	MUTATIONFINDER
10094560	80	85	C184Y	SUBSTITUTION	MUTATIONFINDER
10094560	66	71	G145V	SUBSTITUTION	MUTATIONFINDER
10094560	905	912	544delG	DELETION	REGEX
10094560	807	812	R119H	SUBSTITUTION	MUTATIONFINDER
10094560	102	110	1172delC	DELETION	REGEX
10094560	845	850	E459K	SUBSTITUTION	MUTATIONFINDER
10094560	831	836	H154Y	SUBSTITUTION	MUTATIONFINDER
10094560	73	78	H154Y	SUBSTITUTION	MUTATIONFINDER
10094560	917	925	1172delC	DELETION	REGEX
10094560	44	48	M45L	SUBSTITUTION	MUTATIONFINDER
10094560	821	826	C184Y	SUBSTITUTION	MUTATIONFINDER
10094560	814	819	G145V	SUBSTITUTION	MUTATIONFINDER
10094560	87	92	D289V	SUBSTITUTION	MUTATIONFINDER
10094560	1003	1008	R411X	SUBSTITUTION	MUTATIONFINDER
10094560	50	55	R119H	SUBSTITUTION	MUTATIONFINDER
10330344	1320	1329	Gly607Val	SUBSTITUTION	MUTATIONFINDER
10330344	1294	1302	Arg85Ser	SUBSTITUTION	MUTATIONFINDER
10330344	1310	1319	His598Tyr	SUBSTITUTION	MUTATIONFINDER
10408782	566	571	Q232X	SUBSTITUTION	MUTATIONFINDER
10408782	634	639	V388M	SUBSTITUTION	MUTATIONFINDER
10408782	1059	1064	R408W	SUBSTITUTION	MUTATIONFINDER
10408782	1069	1074	R252W	SUBSTITUTION	MUTATIONFINDER
10477429	414	419	M133T	SUBSTITUTION	MUTATIONFINDER
10521296	818	827	Ala797Thr	SUBSTITUTION	MUTATIONFINDER
10521296	927	936	Arg645His	SUBSTITUTION	MUTATIONFINDER
10521296	1179	1188	Arg719Gln	SUBSTITUTION	MUTATIONFINDER
10521296	1332	1341	Arg403Trp	SUBSTITUTION	MUTATIONFINDER
10521296	1365	1373	Arg92Trp	SUBSTITUTION	MUTATIONFINDER
10521296	875	883	Arg92Trp	SUBSTITUTION	MUTATIONFINDER
10521296	1094	1103	Gln499Lys	SUBSTITUTION	MUTATIONFINDER
10521296	1119	1128	Val896Met	SUBSTITUTION	MUTATIONFINDER
10521296	1034	1043	Arg249Gln	SUBSTITUTION	MUTATIONFINDER
10521296	1794	1802	Arg92Trp	SUBSTITUTION	MUTATIONFINDER
10521296	1020	1029	Arg403Trp	SUBSTITUTION	MUTATIONFINDER
10521296	1346	1355	Ala797Thr	SUBSTITUTION	MUTATIONFINDER
10577941	94	100	A1555G	SUBSTITUTION	MUTATIONFINDER
10649495	1349	1354	L444P	SUBSTITUTION	MUTATIONFINDER
10649495	983	992	c.330delA	DELETION	SETH
10649495	1304	1309	L444P	SUBSTITUTION	MUTATIONFINDER
10649495	1019	1024	Y304C	SUBSTITUTION	MUTATIONFINDER
10649495	955	960	H255Q	SUBSTITUTION	MUTATIONFINDER
10649495	1148	1153	L444P	SUBSTITUTION	MUTATIONFINDER
10649495	962	967	R285H	SUBSTITUTION	MUTATIONFINDER
10649495	976	981	H311R	SUBSTITUTION	MUTATIONFINDER
10649495	1188	1193	E326K	SUBSTITUTION	MUTATIONFINDER
10649495	994	999	V398F	SUBSTITUTION	MUTATIONFINDER
10649495	1001	1006	F259L	SUBSTITUTION	MUTATIONFINDER
10649495	948	953	R131L	SUBSTITUTION	MUTATIONFINDER
10649495	1029	1034	A190E	SUBSTITUTION	MUTATIONFINDER
10649495	969	974	S196P	SUBSTITUTION	MUTATIONFINDER
10649495	1045	1050	L444P	SUBSTITUTION	MUTATIONFINDER
10649495	1008	1017	c.533delC	DELETION	SETH
10737991	550	554	R20X	SUBSTITUTION	MUTATIONFINDER
10738001	22	28	219G>A	SUBSTITUTION	MUTATIONFINDER
10738004	18	23	Q239R	SUBSTITUTION	MUTATIONFINDER
10790218	809	814	Y667X	SUBSTITUTION	MUTATIONFINDER
10790218	96	101	Y667X	SUBSTITUTION	MUTATIONFINDER
10862097	37	43	Y4236X	SUBSTITUTION	MUTATIONFINDER
10862097	45	51	Q3820X	SUBSTITUTION	MUTATIONFINDER
10862097	53	65	11745+2 ins3	INSERTION	REGEX
11058905	230	234	P32R	SUBSTITUTION	MUTATIONFINDER
11058905	590	598	1593insC	INSERTION	REGEX
11058905	245	255	934+2T-->G	SUBSTITUTION	MUTATIONFINDER
11058905	469	473	E60X	SUBSTITUTION	MUTATIONFINDER
11058905	563	568	S443P	SUBSTITUTION	MUTATIONFINDER
11058905	485	492	261delA	DELETION	REGEX
11058905	475	479	P32R	SUBSTITUTION	MUTATIONFINDER
11058905	236	243	261delA	DELETION	REGEX
11058905	268	276	1593insC	INSERTION	REGEX
11058905	224	228	E60X	SUBSTITUTION	MUTATIONFINDER
11058905	257	262	S443P	SUBSTITUTION	MUTATIONFINDER
11102997	53	58	S636I	SUBSTITUTION	MUTATIONFINDER
11102997	98	103	R104C	SUBSTITUTION	MUTATIONFINDER
11139269	22	29	-88 C>A	SUBSTITUTION	MUTATIONFINDER
11180609	38	47	Q1351Stop	SUBSTITUTION	MUTATIONFINDER
11180609	30	36	L1305P	SUBSTITUTION	MUTATIONFINDER
11180609	23	28	P760L	SUBSTITUTION	MUTATIONFINDER
11254449	680	689	Ala541Thr	SUBSTITUTION	MUTATIONFINDER
11295840	44	49	G373D	SUBSTITUTION	MUTATIONFINDER
11333381	1972	1977	G986S	SUBSTITUTION	MUTATIONFINDER
11333381	1247	1252	Q775P	SUBSTITUTION	MUTATIONFINDER
11333381	991	997	A1054T	SUBSTITUTION	MUTATIONFINDER
11333381	1965	1970	V950M	SUBSTITUTION	MUTATIONFINDER
11333381	2004	2010	P1007A	SUBSTITUTION	MUTATIONFINDER
11333381	1237	1242	L724P	SUBSTITUTION	MUTATIONFINDER
11333381	1979	1984	G992R	SUBSTITUTION	MUTATIONFINDER
11333381	1958	1963	I943M	SUBSTITUTION	MUTATIONFINDER
11333381	1288	1294	A1054T	SUBSTITUTION	MUTATIONFINDER
11385711	290	294	R71G	SUBSTITUTION	MUTATIONFINDER
11385711	4	8	R71G	SUBSTITUTION	MUTATIONFINDER
11385711	985	989	R71G	SUBSTITUTION	MUTATIONFINDER
11385711	259	288	Arg to Gly change at codon 71	SUBSTITUTION	MUTATIONFINDER
11385711	233	239	330A>G	SUBSTITUTION	MUTATIONFINDER
11385711	765	769	R71G	SUBSTITUTION	MUTATIONFINDER
11438995	764	770	W1282X	SUBSTITUTION	MUTATIONFINDER
11438995	247	257	Trp1282Ter	SUBSTITUTION	MUTATIONFINDER
11438995	68	74	W1282X	SUBSTITUTION	MUTATIONFINDER
11438995	894	900	W1282X	SUBSTITUTION	MUTATIONFINDER
11438995	268	274	W1282X	SUBSTITUTION	MUTATIONFINDER
11438995	1156	1162	W1282X	SUBSTITUTION	MUTATIONFINDER
11438995	1708	1714	W1282X	SUBSTITUTION	MUTATIONFINDER
11443547	1101	1118	1397-1401delAGAAC	DELETION	REGEX
11443547	1201	1206	R150G	SUBSTITUTION	MUTATIONFINDER
11443547	1018	1023	Q119X	SUBSTITUTION	MUTATIONFINDER
11462173	1143	1148	Q634X	SUBSTITUTION	MUTATIONFINDER
11462173	1114	1119	K193E	SUBSTITUTION	MUTATIONFINDER
11462173	1226	1231	R280H	SUBSTITUTION	MUTATIONFINDER
11509994	1089	1094	R183P	SUBSTITUTION	MUTATIONFINDER
11509994	928	933	R183P	SUBSTITUTION	MUTATIONFINDER
11524734	1021	1026	Q436X	SUBSTITUTION	MUTATIONFINDER
11524734	942	947	D468V	SUBSTITUTION	MUTATIONFINDER
11524734	972	982	IVS12-1G>C	SUBSTITUTION	REGEX
11524734	935	940	S206P	SUBSTITUTION	MUTATIONFINDER
11577372	557	564	450delA	DELETION	REGEX
11668643	387	398	IVS5+1G-->A	SUBSTITUTION	REGEX
11668643	347	352	G190D	SUBSTITUTION	MUTATIONFINDER
11668643	494	501	F188del	DELETION	REGEX
11668643	543	547	G27R	SUBSTITUTION	MUTATIONFINDER
11668643	525	530	R179X	SUBSTITUTION	MUTATIONFINDER
11668643	335	339	Q89X	SUBSTITUTION	MUTATIONFINDER
11668643	361	370	c.861insG	INSERTION	SETH
11668643	372	381	c.164insA	INSERTION	SETH
11668643	354	359	R275Q	SUBSTITUTION	MUTATIONFINDER
11668643	341	345	G27R	SUBSTITUTION	MUTATIONFINDER
11793480	934	942	1528del4	DELETION	REGEX
11793480	944	952	9318del4	DELETION	REGEX
11793480	645	653	5382insC	INSERTION	REGEX
11793480	972	978	S1099X	SUBSTITUTION	MUTATIONFINDER
11793480	489	497	5382insC	INSERTION	REGEX
11793480	925	932	695insT	INSERTION	REGEX
11968091	711	720	4	DELETION	REGEX
11968091	855	861	35delG	DELETION	REGEX
11968091	771	775	W24X	SUBSTITUTION	MUTATIONFINDER
11968091	734	743	3	DELETION	REGEX
12058347	104	119	t(4;8)(p16;p23)	STRUCTURAL_ABNORMALITY	SETH
12058347	139	154	t(4;8)(p16;p23)	STRUCTURAL_ABNORMALITY	SETH
12058347	1079	1094	t(4;8)(p16;p23)	STRUCTURAL_ABNORMALITY	SETH
12145747	860	894	Leu-->Pro mutation at position 293	SUBSTITUTION	MUTATIONFINDER
12145749	627	638	IVS4-2A-->G	SUBSTITUTION	REGEX
12204007	638	642	R28L	SUBSTITUTION	MUTATIONFINDER
12204007	772	782	IVS14+1G>A	SUBSTITUTION	REGEX
12204007	624	629	Q196X	SUBSTITUTION	MUTATIONFINDER
12204007	749	754	M501T	SUBSTITUTION	MUTATIONFINDER
12204007	894	904	IVS14+1G>A	SUBSTITUTION	REGEX
12204007	663	668	H364P	SUBSTITUTION	MUTATIONFINDER
12204007	674	678	R13X	SUBSTITUTION	MUTATIONFINDER
12204007	631	636	G613D	SUBSTITUTION	MUTATIONFINDER
12204007	805	815	IVS15+1G>C	SUBSTITUTION	REGEX
12204007	756	766	IVS15+1G>C	SUBSTITUTION	REGEX
12204007	656	661	Q234X	SUBSTITUTION	MUTATIONFINDER
12402331	1149	1154	R798G	SUBSTITUTION	MUTATIONFINDER
12402331	1328	1343	c.2097-2098insT	INSERTION	SETH
12402331	1348	1353	G843D	SUBSTITUTION	MUTATIONFINDER
12402345	1051	1058	208delG	DELETION	REGEX
12402345	1136	1141	R228Q	SUBSTITUTION	MUTATIONFINDER
12402345	1044	1049	P615T	SUBSTITUTION	MUTATIONFINDER
12402345	1025	1033	R403stop	SUBSTITUTION	MUTATIONFINDER
12402345	1063	1071	R467stop	SUBSTITUTION	MUTATIONFINDER
12402345	1318	1325	497delG	DELETION	REGEX
12402345	1234	1242	R467stop	SUBSTITUTION	MUTATIONFINDER
12402345	1273	1278	N219Y	SUBSTITUTION	MUTATIONFINDER
12402345	1035	1042	497delG	DELETION	REGEX
12424708	913	919	R1210C	SUBSTITUTION	MUTATIONFINDER
12424708	853	859	R1210C	SUBSTITUTION	MUTATIONFINDER
12424708	834	840	W1183L	SUBSTITUTION	MUTATIONFINDER
12424708	842	848	V1197A	SUBSTITUTION	MUTATIONFINDER
12428213	790	794	T57I	SUBSTITUTION	MUTATIONFINDER
12428213	608	634	serine 55 to phenylalanine	SUBSTITUTION	MUTATIONFINDER
12428213	838	842	S55F	SUBSTITUTION	MUTATIONFINDER
12428213	829	833	T57I	SUBSTITUTION	MUTATIONFINDER
12428213	636	640	S55F	SUBSTITUTION	MUTATIONFINDER
12442272	362	366	D90A	SUBSTITUTION	MUTATIONFINDER
12442272	1041	1045	D90A	SUBSTITUTION	MUTATIONFINDER
12442272	585	589	D90A	SUBSTITUTION	MUTATIONFINDER
12442272	0	4	D90A	SUBSTITUTION	MUTATIONFINDER
12442272	1459	1463	D90A	SUBSTITUTION	MUTATIONFINDER
12442283	916	925	Ser393Asn	SUBSTITUTION	MUTATIONFINDER
12442283	902	911	Ile345Met	SUBSTITUTION	MUTATIONFINDER
12442283	891	900	Val251Ala	SUBSTITUTION	MUTATIONFINDER
12442283	880	889	Asn450Asp	SUBSTITUTION	MUTATIONFINDER
12442283	869	878	Gly434Ser	SUBSTITUTION	MUTATIONFINDER
12474144	889	897	rs760761	DBSNP_MENTION	DBSNP
12506336	787	795	-53G-->T	SUBSTITUTION	MUTATIONFINDER
12506336	973	981	-53G-->T	SUBSTITUTION	MUTATIONFINDER
12506336	763	771	-14T-->C	SUBSTITUTION	MUTATIONFINDER
12506336	602	610	-53G-->T	SUBSTITUTION	MUTATIONFINDER
12506336	546	554	-14T-->C	SUBSTITUTION	MUTATIONFINDER
12506336	960	968	-14T-->C	SUBSTITUTION	MUTATIONFINDER
12552571	319	324	R304W	SUBSTITUTION	MUTATIONFINDER
12552571	326	331	I177N	SUBSTITUTION	MUTATIONFINDER
12552571	347	357	L263fsX286	FRAMESHIFT	REGEX
12632327	840	848	137C-->T	SUBSTITUTION	MUTATIONFINDER
12632327	924	932	569T-->C	SUBSTITUTION	MUTATIONFINDER
12632327	861	865	P46L	SUBSTITUTION	MUTATIONFINDER
12632327	945	950	V190A	SUBSTITUTION	MUTATIONFINDER
12655559	820	837	c.3036_3038delGGT	DELETION	SETH
12655559	655	664	c.2528T>C	SUBSTITUTION	SETH
12655559	853	862	c.2528T>C	SUBSTITUTION	SETH
12655559	716	727	c.2115ins35	INSERTION	SETH
12655559	770	781	c.3558+1G>C	SUBSTITUTION	SETH
12655559	669	678	c.2623A>G	SUBSTITUTION	SETH
12655559	867	876	c.2623A>G	SUBSTITUTION	SETH
12655559	703	711	c.712C>T	SUBSTITUTION	SETH
12655559	757	768	c.1263+5G>C	SUBSTITUTION	SETH
12655559	786	797	c.4101+2T>C	SUBSTITUTION	SETH
12673796	1504	1510	965G>A	SUBSTITUTION	MUTATIONFINDER
12673802	674	686	c.27_28ins12	INSERTION	SETH
12740763	1563	1571	Ala62Thr	SUBSTITUTION	MUTATIONFINDER
12740763	1660	1668	Ala62Thr	SUBSTITUTION	MUTATIONFINDER
1284538	876	883	541delC	DELETION	REGEX
1284538	961	969	1078delT	DELETION	REGEX
1284538	53	58	R352Q	SUBSTITUTION	MUTATIONFINDER
1284538	954	959	G178R	SUBSTITUTION	MUTATIONFINDER
1284538	60	65	E585X	SUBSTITUTION	MUTATIONFINDER
1284538	37	44	541delC	DELETION	REGEX
1284538	885	890	R347H	SUBSTITUTION	MUTATIONFINDER
1284538	1005	1018	1898 + 3A-->G	SUBSTITUTION	MUTATIONFINDER
1284538	947	952	I148T	SUBSTITUTION	MUTATIONFINDER
1284538	941	945	G85E	SUBSTITUTION	MUTATIONFINDER
1284538	975	980	R347P	SUBSTITUTION	MUTATIONFINDER
1284538	46	51	R347H	SUBSTITUTION	MUTATIONFINDER
1284538	903	908	E585X	SUBSTITUTION	MUTATIONFINDER
1284538	892	897	R352Q	SUBSTITUTION	MUTATIONFINDER
12872253	925	937	g.2290787G>A	SUBSTITUTION	SETH
12872253	914	923	IVS8-1G>A	SUBSTITUTION	REGEX
12872253	1177	1182	R148X	SUBSTITUTION	MUTATIONFINDER
12872253	1047	1056	IVS8-1G>A	SUBSTITUTION	REGEX
12872253	445	450	R148X	SUBSTITUTION	MUTATIONFINDER
12938095	611	616	W226C	SUBSTITUTION	MUTATIONFINDER
12938095	692	701	c.1241T>C	SUBSTITUTION	SETH
12938095	685	690	L414S	SUBSTITUTION	MUTATIONFINDER
12938095	759	772	c.646_647insT	INSERTION	SETH
12938095	939	948	A368fsX24	FRAMESHIFT	REGEX
12938095	829	845	c.1277_1278delAA	DELETION	SETH
12938095	576	580	W81S	SUBSTITUTION	MUTATIONFINDER
12938095	673	682	c.1220T>A	SUBSTITUTION	SETH
12938095	559	563	E48K	SUBSTITUTION	MUTATIONFINDER
12938095	795	803	G346fsX1	FRAMESHIFT	REGEX
12938095	600	608	c.508G>C	SUBSTITUTION	SETH
12938095	1012	1022	c.639+1G>A	SUBSTITUTION	SETH
12938095	748	757	Y216fsX15	FRAMESHIFT	REGEX
12938095	654	663	c.1145G>A	SUBSTITUTION	SETH
12938095	582	590	c.242G>C	SUBSTITUTION	SETH
12938095	618	626	c.678G>T	SUBSTITUTION	SETH
12938095	723	731	c.284G>A	SUBSTITUTION	SETH
12938095	565	573	c.142G>A	SUBSTITUTION	SETH
12938095	1069	1074	Q279R	SUBSTITUTION	MUTATIONFINDER
12938095	666	671	I407K	SUBSTITUTION	MUTATIONFINDER
12938095	950	960	c.1102delG	DELETION	SETH
12938095	717	721	W95X	SUBSTITUTION	MUTATIONFINDER
12938095	636	644	c.836A>G	SUBSTITUTION	SETH
12938095	593	598	D170H	SUBSTITUTION	MUTATIONFINDER
12938095	1001	1010	IVS4+1G>A	SUBSTITUTION	REGEX
12938095	629	634	Q279R	SUBSTITUTION	MUTATIONFINDER
12938095	647	652	C382Y	SUBSTITUTION	MUTATIONFINDER
12938095	818	827	K426fsX23	FRAMESHIFT	REGEX
12938095	805	815	c.1037delG	DELETION	SETH
1363805	596	633	glutamate substitution for lysine-304	SUBSTITUTION	MUTATIONFINDER
1363805	580	588	985A-->G	SUBSTITUTION	MUTATIONFINDER
1363805	1019	1027	985A-->G	SUBSTITUTION	MUTATIONFINDER
1363805	529	537	985A-->G	SUBSTITUTION	MUTATIONFINDER
1373934	796	805	1949del84	DELETION	REGEX
14517964	715	723	c.481G>A	SUBSTITUTION	SETH
14517964	837	848	c.1007-8T>C	SUBSTITUTION	SETH
14610717	776	782	S1259L	SUBSTITUTION	MUTATIONFINDER
14610717	787	793	I1220M	SUBSTITUTION	MUTATIONFINDER
14681830	978	984	C1494T	SUBSTITUTION	MUTATIONFINDER
14681830	1477	1483	C1494T	SUBSTITUTION	MUTATIONFINDER
14681830	1012	1018	C1494T	SUBSTITUTION	MUTATIONFINDER
14681830	99	105	C1494T	SUBSTITUTION	MUTATIONFINDER
14681830	1972	1978	C1494T	SUBSTITUTION	MUTATIONFINDER
14681830	1168	1174	A1555G	SUBSTITUTION	MUTATIONFINDER
14681830	1116	1127	C1494-1555G	SUBSTITUTION	MUTATIONFINDER
15024732	747	755	c.655A>G	SUBSTITUTION	SETH
15024732	757	768	p.Ile219Val	SUBSTITUTION	SETH
15154114	1919	1926	p.M560V	SUBSTITUTION	SETH
15154114	1787	1796	*207G-->C	SUBSTITUTION	MUTATIONFINDER
15154114	1757	1770	IVS11+21G-->A	SUBSTITUTION	REGEX
15154114	1772	1785	IVS12+15C-->T	SUBSTITUTION	REGEX
15154114	723	730	p.Y317X	SUBSTITUTION	SETH
15154114	1447	1454	p.M560V	SUBSTITUTION	SETH
15154114	795	802	p.P390L	SUBSTITUTION	SETH
15154114	1306	1318	IVS9-36G-->A	SUBSTITUTION	REGEX
15154114	1278	1290	IVS12-3C-->T	SUBSTITUTION	REGEX
15154114	1668	1679	IVS6+9C-->T	SUBSTITUTION	REGEX
15154114	1798	1811	IVS12+32C-->A	SUBSTITUTION	REGEX
15154114	1700	1712	IVS7-99C-->A	SUBSTITUTION	REGEX
15154114	1292	1304	IVS2+88G-->C	SUBSTITUTION	REGEX
15154114	1264	1276	IVS7-35G-->A	SUBSTITUTION	REGEX
15154114	1250	1262	IVS7+87A-->G	SUBSTITUTION	REGEX
15154114	1728	1740	IVS8+28C-->T	SUBSTITUTION	REGEX
15154114	1742	1755	IVS10-18C-->T	SUBSTITUTION	REGEX
15154114	1714	1726	IVS8-35G-->A	SUBSTITUTION	REGEX
15154114	1222	1234	IVS1+26G-->A	SUBSTITUTION	REGEX
15154114	1027	1034	p.C337W	SUBSTITUTION	SETH
15154114	1236	1248	IVS7+37G-->A	SUBSTITUTION	REGEX
15154114	787	793	p.G87R	SUBSTITUTION	SETH
15154114	808	815	p.P554L	SUBSTITUTION	SETH
15154114	1435	1442	p.V629I	SUBSTITUTION	SETH
15154114	1320	1333	IVS12-82G-->C	SUBSTITUTION	REGEX
15154117	970	979	rs1044396	DBSNP_MENTION	DBSNP
15154117	984	993	rs1044397	DBSNP_MENTION	DBSNP
15365989	17	23	p.E64D	SUBSTITUTION	SETH
15365989	1094	1098	E64D	SUBSTITUTION	MUTATIONFINDER
15365989	1143	1147	E64D	SUBSTITUTION	MUTATIONFINDER
15365989	577	583	p.E64D	SUBSTITUTION	SETH
15365989	951	955	E64D	SUBSTITUTION	MUTATIONFINDER
15365989	1495	1499	E64D	SUBSTITUTION	MUTATIONFINDER
15365989	567	575	c.192G>C	SUBSTITUTION	SETH
15365989	1561	1566	L166P	SUBSTITUTION	MUTATIONFINDER
15365995	620	628	c.845C>G	SUBSTITUTION	SETH
15365995	602	618	c.808_811delACTT	DELETION	SETH
15365995	641	653	c.1730+1delG	DELETION	SETH
15365995	677	688	c.2104-2A>G	SUBSTITUTION	SETH
15365995	718	727	c.1886A>G	SUBSTITUTION	SETH
15365995	587	600	c.632_633insT	INSERTION	SETH
15365995	971	986	c.1757_1758insC	INSERTION	SETH
15365995	832	841	c.1128T>C	SUBSTITUTION	SETH
15365995	897	906	c.2168C>A	SUBSTITUTION	SETH
15365995	729	746	c.1316_1318delCCT	DELETION	SETH
15365995	655	664	c.1907T>C	SUBSTITUTION	SETH
15365995	630	639	c.1625A>C	SUBSTITUTION	SETH
15365995	666	675	c.1918C>T	SUBSTITUTION	SETH
15365995	765	774	c.3488A>T	SUBSTITUTION	SETH
15365995	693	702	c.2170T>A	SUBSTITUTION	SETH
15449241	791	800	rs2307981	DBSNP_MENTION	DBSNP
15449241	832	840	rs308963	DBSNP_MENTION	DBSNP
15449241	875	884	rs2307973	DBSNP_MENTION	DBSNP
15449241	852	860	rs795009	DBSNP_MENTION	DBSNP
15449241	811	820	rs2308169	DBSNP_MENTION	DBSNP
15459972	1410	1417	p.F105S	SUBSTITUTION	SETH
15712269	265	273	c.157G>T	SUBSTITUTION	SETH
15712269	306	315	c.2402G>A	SUBSTITUTION	SETH
15712269	356	363	p.G801D	SUBSTITUTION	SETH
15712269	334	341	p.H200L	SUBSTITUTION	SETH
15712269	285	293	c.599A>T	SUBSTITUTION	SETH
15712269	792	799	p.G801D	SUBSTITUTION	SETH
15712269	343	354	p.Y99VfsX61	FRAMESHIFT	SETH
15712269	317	323	p.E53X	SUBSTITUTION	SETH
15712269	295	304	c.293dupA	DUPLICATION	SETH
15712269	737	744	p.H200L	SUBSTITUTION	SETH
15712269	275	283	c.562C>T	SUBSTITUTION	SETH
15712269	325	332	p.R188X	SUBSTITUTION	SETH
15726498	606	626	t(4;17)(q28.3;q24.3)	STRUCTURAL_ABNORMALITY	SETH
15937921	693	701	c.295T>C	SUBSTITUTION	SETH
15937921	637	645	c.199T>C	SUBSTITUTION	SETH
15937921	1508	1514	p.C93R	SUBSTITUTION	SETH
15937921	656	664	c.278G>T	SUBSTITUTION	SETH
15937921	618	626	c.140G>T	SUBSTITUTION	SETH
15937921	1018	1024	p.V39M	SUBSTITUTION	SETH
15937921	647	653	p.S67P	SUBSTITUTION	SETH
15937921	666	672	p.C93F	SUBSTITUTION	SETH
15937921	609	615	p.V39M	SUBSTITUTION	SETH
15937921	703	709	p.C99R	SUBSTITUTION	SETH
15937921	628	634	p.C47F	SUBSTITUTION	SETH
15937921	599	607	c.115G>A	SUBSTITUTION	SETH
15937921	1500	1506	p.C47F	SUBSTITUTION	SETH
15937921	1516	1522	p.C99R	SUBSTITUTION	SETH
15937921	1551	1557	p.S67P	SUBSTITUTION	SETH
15952089	606	614	1228insC	INSERTION	REGEX
1598907	431	443	Trp86----Arg	SUBSTITUTION	MUTATIONFINDER
1598907	21	33	Trp86----Arg	SUBSTITUTION	MUTATIONFINDER
1598907	838	850	Trp86----Arg	SUBSTITUTION	MUTATIONFINDER
1598907	555	569	Gln106----Stop	SUBSTITUTION	MUTATIONFINDER
16110494	718	725	p.C515Y	SUBSTITUTION	SETH
16110494	683	691	c.520G>A	SUBSTITUTION	SETH
16110494	967	972	C515Y	SUBSTITUTION	MUTATIONFINDER
16110494	1464	1469	C515Y	SUBSTITUTION	MUTATIONFINDER
16110494	707	716	c.1544G>A	SUBSTITUTION	SETH
16211558	1155	1160	A443T	SUBSTITUTION	MUTATIONFINDER
16211558	1047	1054	p.R469W	SUBSTITUTION	SETH
16211558	1036	1045	c.1405C>T	SUBSTITUTION	SETH
16211558	1061	1070	c.1327G>A	SUBSTITUTION	SETH
16211558	1005	1012	p.R218S	SUBSTITUTION	SETH
16211558	1452	1457	R357H	SUBSTITUTION	MUTATIONFINDER
16211558	1015	1024	c.1070G>A	SUBSTITUTION	SETH
16211558	995	1003	c.654A>T	SUBSTITUTION	SETH
16211558	1072	1079	p.A443T	SUBSTITUTION	SETH
16211558	1026	1033	p.R357H	SUBSTITUTION	SETH
16211558	1557	1564	p.R469W	SUBSTITUTION	SETH
16211558	1708	1716	1209delC	DELETION	REGEX
16281286	1186	1196	c.1022dupA	DUPLICATION	SETH
16281286	944	951	p.R108C	SUBSTITUTION	SETH
16281286	1177	1183	p.G94R	SUBSTITUTION	SETH
16281286	1331	1338	p.G717V	SUBSTITUTION	SETH
16281286	1167	1175	c.280G>A	SUBSTITUTION	SETH
16281286	1202	1210	c.970G>A	SUBSTITUTION	SETH
16281286	1320	1329	c.2150G>T	SUBSTITUTION	SETH
16281286	934	942	c.322C>T	SUBSTITUTION	SETH
16281286	1212	1219	p.A324T	SUBSTITUTION	SETH
16329098	596	604	c.293A>C	SUBSTITUTION	SETH
16329098	583	593	p.Thr96Ala	SUBSTITUTION	SETH
16329098	606	616	p.Asp98Ala	SUBSTITUTION	SETH
16329098	633	644	p.Leu100Ser	SUBSTITUTION	SETH
16329098	573	581	c.286A>G	SUBSTITUTION	SETH
16329098	623	631	c.299T>C	SUBSTITUTION	SETH
16642433	1187	1196	rs2297660	DBSNP_MENTION	DBSNP
16642433	1498	1507	rs2297660	DBSNP_MENTION	DBSNP
16642433	957	966	rs2297660	DBSNP_MENTION	DBSNP
16642441	858	864	rs4343	DBSNP_MENTION	DBSNP
16642441	740	746	rs4351	DBSNP_MENTION	DBSNP
16642441	869	875	rs4351	DBSNP_MENTION	DBSNP
16642441	716	722	rs4343	DBSNP_MENTION	DBSNP
16642441	1389	1395	rs4351	DBSNP_MENTION	DBSNP
16642441	1311	1317	rs4351	DBSNP_MENTION	DBSNP
16642441	1300	1306	rs4343	DBSNP_MENTION	DBSNP
16642441	1378	1384	rs4343	DBSNP_MENTION	DBSNP
16909383	1258	1263	R295X	SUBSTITUTION	MUTATIONFINDER
16909383	1137	1142	R295X	SUBSTITUTION	MUTATIONFINDER
16909383	1389	1394	R295X	SUBSTITUTION	MUTATIONFINDER
16909392	922	926	R50Q	SUBSTITUTION	MUTATIONFINDER
17041889	607	614	2484C>T	SUBSTITUTION	MUTATIONFINDER
17041889	597	604	2484C>T	SUBSTITUTION	MUTATIONFINDER
17279550	1306	1312	p.V92M	SUBSTITUTION	SETH
17279550	1314	1320	p.D84E	SUBSTITUTION	SETH
17279550	1340	1347	p.R163Q	SUBSTITUTION	SETH
17279550	1298	1304	p.V60L	SUBSTITUTION	SETH
17279550	1331	1338	p.R160W	SUBSTITUTION	SETH
17279550	1353	1360	p.D294H	SUBSTITUTION	SETH
17279550	1322	1329	p.R151C	SUBSTITUTION	SETH
17492639	444	465	t(16;22)(p13.3;q11.2)	STRUCTURAL_ABNORMALITY	SETH
17492639	1531	1537	p.I35T	SUBSTITUTION	SETH
17492639	1539	1546	p.F106L	SUBSTITUTION	SETH
17503332	556	565	rs7903146	DBSNP_MENTION	DBSNP
17503332	1502	1510	-30G-->A	SUBSTITUTION	MUTATIONFINDER
17503332	1540	1549	rs1799884	DBSNP_MENTION	DBSNP
17503333	752	757	L145X	SUBSTITUTION	MUTATIONFINDER
17579354	494	503	c.1970A>T	SUBSTITUTION	SETH
17579354	449	457	c.295G>T	SUBSTITUTION	SETH
17579354	613	622	c.2078G>C	SUBSTITUTION	SETH
17579354	820	826	Glu99X	SUBSTITUTION	MUTATIONFINDER
17579354	459	467	p.Glu99X	SUBSTITUTION	SETH
17579354	505	516	p.Asp657Val	SUBSTITUTION	SETH
17579354	624	635	p.Arg693Pro	SUBSTITUTION	SETH
17721928	1937	1948	p.Ser128Tyr	SUBSTITUTION	SETH
17721928	1332	1340	c.383C>A	SUBSTITUTION	SETH
17721928	1440	1451	p.Ser128Tyr	SUBSTITUTION	SETH
17721928	1342	1353	p.Ser128Tyr	SUBSTITUTION	SETH
17847000	511	518	-798G/C	SUBSTITUTION	MUTATIONFINDER
17847000	502	509	-834C/T	SUBSTITUTION	MUTATIONFINDER
17847000	524	531	-764G/A	SUBSTITUTION	MUTATIONFINDER
17847000	937	944	-853C/G	SUBSTITUTION	MUTATIONFINDER
17847000	484	491	-861G/T	SUBSTITUTION	MUTATIONFINDER
17847000	493	500	-853C/G	SUBSTITUTION	MUTATIONFINDER
17847000	950	957	-764G/A	SUBSTITUTION	MUTATIONFINDER
17847000	928	935	-861G/T	SUBSTITUTION	MUTATIONFINDER
17879353	1344	1353	c.1378C>T	SUBSTITUTION	SETH
17879353	1371	1387	c.628_631delACAG	DELETION	SETH
17879353	1257	1273	c.249_252delGTCT	DELETION	SETH
17879353	1302	1317	c.1546_1547insC	INSERTION	SETH
17879353	1355	1364	Arg460Ter	SUBSTITUTION	MUTATIONFINDER
17999359	1207	1215	135G-->C	SUBSTITUTION	MUTATIONFINDER
17999359	322	330	135G-->C	SUBSTITUTION	MUTATIONFINDER
17999359	523	531	135G-->C	SUBSTITUTION	MUTATIONFINDER
17999359	6	14	135G-->C	SUBSTITUTION	MUTATIONFINDER
17999359	1142	1150	135G-->C	SUBSTITUTION	MUTATIONFINDER
18179903	1050	1066	c.1177-1178delAA	DELETION	SETH
18252214	138	147	3243A-->G	SUBSTITUTION	MUTATIONFINDER
18252214	96	105	3243A-->G	SUBSTITUTION	MUTATIONFINDER
18381613	765	774	p.Gln829X	SUBSTITUTION	SETH
18381613	1488	1516	c.2905_2923delinsCTCCGAGCGCA	DELETION_INSERTION	SETH
18394579	829	836	p.Q186K	SUBSTITUTION	SETH
18429048	82	87	H255Q	SUBSTITUTION	MUTATIONFINDER
18429048	839	844	H255Q	SUBSTITUTION	MUTATIONFINDER
18429048	580	585	D409H	SUBSTITUTION	MUTATIONFINDER
18429048	1261	1266	H255Q	SUBSTITUTION	MUTATIONFINDER
18429048	417	422	D409H	SUBSTITUTION	MUTATIONFINDER
18429048	489	494	H294Q	SUBSTITUTION	MUTATIONFINDER
18429048	76	81	D409H	SUBSTITUTION	MUTATIONFINDER
18429048	833	838	D409H	SUBSTITUTION	MUTATIONFINDER
18429048	1255	1260	D409H	SUBSTITUTION	MUTATIONFINDER
18429048	423	428	H255Q	SUBSTITUTION	MUTATIONFINDER
18429048	483	488	D448H	SUBSTITUTION	MUTATIONFINDER
18452888	955	964	9527 delG	DELETION	REGEX
18452888	848	857	5943 delA	DELETION	REGEX
18521937	826	831	R283Q	SUBSTITUTION	MUTATIONFINDER
18521937	840	845	F547L	SUBSTITUTION	MUTATIONFINDER
18521937	693	700	p.R439W	SUBSTITUTION	SETH
18521937	1560	1565	F547L	SUBSTITUTION	MUTATIONFINDER
18521937	661	669	c.682G>A	SUBSTITUTION	SETH
18521937	682	691	c.1315C>T	SUBSTITUTION	SETH
18521937	707	716	c.1405G>A	SUBSTITUTION	SETH
18521937	847	852	G557R	SUBSTITUTION	MUTATIONFINDER
18521937	1545	1550	R439W	SUBSTITUTION	MUTATIONFINDER
18521937	833	838	T291R	SUBSTITUTION	MUTATIONFINDER
18674750	965	974	rs2548861	DBSNP_MENTION	DBSNP
18674750	333	342	rs2548861	DBSNP_MENTION	DBSNP
18674750	1133	1142	rs2548861	DBSNP_MENTION	DBSNP
18674750	1367	1376	rs2548861	DBSNP_MENTION	DBSNP
19084217	993	1002	rs1830084	DBSNP_MENTION	DBSNP
19084217	1308	1317	rs3811647	DBSNP_MENTION	DBSNP
19084217	655	664	rs1830084	DBSNP_MENTION	DBSNP
19084217	937	946	rs3811647	DBSNP_MENTION	DBSNP
19084217	1156	1165	rs1799852	DBSNP_MENTION	DBSNP
19084217	1170	1179	rs2280673	DBSNP_MENTION	DBSNP
19084217	1319	1328	rs1799852	DBSNP_MENTION	DBSNP
19084217	1333	1342	rs2280673	DBSNP_MENTION	DBSNP
19084217	1357	1362	C282Y	SUBSTITUTION	MUTATIONFINDER
19084217	1205	1210	C282Y	SUBSTITUTION	MUTATIONFINDER
19118813	1025	1035	rs10748842	DBSNP_MENTION	DBSNP
19118813	1041	1050	rs6584400	DBSNP_MENTION	DBSNP
19118813	1013	1023	rs10883866	DBSNP_MENTION	DBSNP
19191333	881	892	p.Arg530His	SUBSTITUTION	SETH
19191333	939	951	p.Arg2454His	SUBSTITUTION	SETH
19191333	922	934	p.Glu2371Gly	SUBSTITUTION	SETH
19191333	894	906	p.Arg2163Pro	SUBSTITUTION	SETH
19191333	1169	1181	p.Cys4664Arg	SUBSTITUTION	SETH
19191333	908	920	p.Asn2342Ser	SUBSTITUTION	SETH
19191333	1082	1092	Cys4664Arg	SUBSTITUTION	MUTATIONFINDER
19462467	1243	1251	p.H1736Y	SUBSTITUTION	SETH
19462467	1055	1062	p.R538H	SUBSTITUTION	SETH
19462467	1232	1241	c.5206C>T	SUBSTITUTION	SETH
19462467	1044	1053	c.1613G>A	SUBSTITUTION	SETH
19559399	408	413	R316Q	SUBSTITUTION	MUTATIONFINDER
19576565	1085	1089	L85S	SUBSTITUTION	MUTATIONFINDER
19576565	877	883	p.L85S	SUBSTITUTION	SETH
19664745	413	423	p.Leu16Arg	SUBSTITUTION	SETH
19664745	847	857	p.Leu16del	DELETION	SETH
19664745	873	883	p.Leu16Arg	SUBSTITUTION	SETH
19664745	373	383	p.Leu16del	DELETION	SETH
19664745	1113	1123	p.Leu16del	DELETION	SETH
19718767	910	916	p.G56R	SUBSTITUTION	SETH
19732864	1266	1276	rs12936231	DBSNP_MENTION	DBSNP
19847796	150	160	rs11614913	DBSNP_MENTION	DBSNP
19847796	658	667	rs2910164	DBSNP_MENTION	DBSNP
19847796	1010	1019	rs2910164	DBSNP_MENTION	DBSNP
19847796	1036	1045	rs3746444	DBSNP_MENTION	DBSNP
19847796	684	693	rs3746444	DBSNP_MENTION	DBSNP
19847796	285	294	rs2910164	DBSNP_MENTION	DBSNP
19847796	669	679	rs11614913	DBSNP_MENTION	DBSNP
19847796	1021	1031	rs11614913	DBSNP_MENTION	DBSNP
19847796	182	191	rs3746444	DBSNP_MENTION	DBSNP
19853236	1540	1548	rs592423	DBSNP_MENTION	DBSNP
19853236	1097	1106	rs7023923	DBSNP_MENTION	DBSNP
19853236	1222	1232	rs12661667	DBSNP_MENTION	DBSNP
20052763	1068	1077	c.5944G>A	SUBSTITUTION	SETH
20052763	1220	1231	p.Val218Glu	SUBSTITUTION	SETH
20052763	1270	1279	c.3502C>T	SUBSTITUTION	SETH
20052763	984	993	c.2993G>A	SUBSTITUTION	SETH
20052763	1281	1293	p.Arg1168Trp	SUBSTITUTION	SETH
20052763	1053	1065	p.Arg1168Pro	SUBSTITUTION	SETH
20052763	1210	1218	c.653T>A	SUBSTITUTION	SETH
20052763	1018	1026	c.592G>A	SUBSTITUTION	SETH
20052763	1042	1051	c.3503G>C	SUBSTITUTION	SETH
20052763	1186	1194	c.802G>A	SUBSTITUTION	SETH
20052763	920	929	c.7872G>A	SUBSTITUTION	SETH
20052763	1079	1091	p.Gly1982Arg	SUBSTITUTION	SETH
20052763	1246	1254	c.397C>T	SUBSTITUTION	SETH
20052763	995	1006	p.Arg998Lys	SUBSTITUTION	SETH
20052763	1028	1039	p.Ala198Thr	SUBSTITUTION	SETH
20052763	1196	1207	p.Gly268Arg	SUBSTITUTION	SETH
20052763	1256	1267	p.His133Tyr	SUBSTITUTION	SETH
20052763	931	943	p.Glu2624Glu	SUBSTITUTION	SETH
20127982	280	289	c.-366A>G	SUBSTITUTION	SETH
20127982	883	892	c.-366A>G	SUBSTITUTION	SETH
20333758	1082	1090	p.G1101R	SUBSTITUTION	SETH
20333758	1092	1100	p.I1102T	SUBSTITUTION	SETH
20333758	1102	1110	p.V1239G	SUBSTITUTION	SETH
20333758	1062	1070	p.L1043P	SUBSTITUTION	SETH
20333758	1072	1080	p.G1000R	SUBSTITUTION	SETH
20333758	1116	1124	p.D1267V	SUBSTITUTION	SETH
20333758	1174	1182	p.E1173G	SUBSTITUTION	SETH
20333758	1218	1226	p.I1148T	SUBSTITUTION	SETH
20333758	1138	1146	p.G1176E	SUBSTITUTION	SETH
20333758	1151	1159	p.G1287S	SUBSTITUTION	SETH
20333758	1206	1213	p.T991M	SUBSTITUTION	SETH
20333758	1237	1245	p.R1228T	SUBSTITUTION	SETH
20506298	1496	1501	G367V	SUBSTITUTION	MUTATIONFINDER
20506298	568	573	G367V	SUBSTITUTION	MUTATIONFINDER
20506298	1088	1093	L363P	SUBSTITUTION	MUTATIONFINDER
20506298	1489	1494	S341P	SUBSTITUTION	MUTATIONFINDER
20506298	1507	1512	E376K	SUBSTITUTION	MUTATIONFINDER
20506298	1099	1104	P372S	SUBSTITUTION	MUTATIONFINDER
20506298	579	584	E376K	SUBSTITUTION	MUTATIONFINDER
20506298	1185	1190	G367V	SUBSTITUTION	MUTATIONFINDER
20506298	751	756	P372S	SUBSTITUTION	MUTATIONFINDER
20506298	1178	1183	S341P	SUBSTITUTION	MUTATIONFINDER
20506298	741	746	S341P	SUBSTITUTION	MUTATIONFINDER
20506298	561	566	L363P	SUBSTITUTION	MUTATIONFINDER
20506298	1081	1086	S341P	SUBSTITUTION	MUTATIONFINDER
20506298	1196	1201	E376K	SUBSTITUTION	MUTATIONFINDER
20579627	672	677	W177R	SUBSTITUTION	MUTATIONFINDER
20579627	1195	1200	W177R	SUBSTITUTION	MUTATIONFINDER
20579627	1032	1037	W177R	SUBSTITUTION	MUTATIONFINDER
20579627	1069	1074	W161R	SUBSTITUTION	MUTATIONFINDER
20579627	661	667	529T>C	SUBSTITUTION	MUTATIONFINDER
20579627	1224	1228	P23H	SUBSTITUTION	MUTATIONFINDER
20598277	1267	1287	p.Val1724_Thr1739del	DELETION	SETH
20598277	483	492	c.5217G>A	SUBSTITUTION	SETH
20887961	979	986	p.C258Y	SUBSTITUTION	SETH
20887961	969	977	c.773G>A	SUBSTITUTION	SETH
20887961	1066	1082	c.1328_1329delTG	DELETION	SETH
20887961	1084	1096	p.V443DfsX83	FRAMESHIFT	SETH
20970104	827	834	p.R279C	SUBSTITUTION	SETH
20970104	1349	1356	p.Q131E	SUBSTITUTION	SETH
20970104	794	802	c.391C>G	SUBSTITUTION	SETH
20970104	804	811	p.Q131E	SUBSTITUTION	SETH
20970104	1464	1471	p.Q131E	SUBSTITUTION	SETH
20970104	817	825	c.835C>T	SUBSTITUTION	SETH
21194677	963	972	rs2732552	DBSNP_MENTION	DBSNP
21194677	1008	1016	rs387619	DBSNP_MENTION	DBSNP
21194677	1175	1184	rs2732552	DBSNP_MENTION	DBSNP
21194677	1279	1288	rs2732552	DBSNP_MENTION	DBSNP
21194677	659	667	rs387619	DBSNP_MENTION	DBSNP
21194677	1104	1113	rs2732552	DBSNP_MENTION	DBSNP
21194677	613	622	rs2732552	DBSNP_MENTION	DBSNP
21376300	1306	1320	c.1679_1681dup	DUPLICATION	SETH
21376300	1321	1332	p.Ser560dup	DUPLICATION	SETH
21394830	488	494	314G>A	SUBSTITUTION	MUTATIONFINDER
21397065	671	682	p.Trp309Ser	SUBSTITUTION	SETH
21397065	726	734	c.526C>G	SUBSTITUTION	SETH
21397065	1592	1603	p.Trp309Ser	SUBSTITUTION	SETH
21397065	1387	1397	c.1066dupC	DUPLICATION	SETH
21397065	661	669	c.926G>C	SUBSTITUTION	SETH
21397065	713	721	c.926G>C	SUBSTITUTION	SETH
21397065	789	799	c.1066dupC	DUPLICATION	SETH
21397065	736	747	p.Arg176Gly	SUBSTITUTION	SETH
21529752	894	906	c.684_685del	DELETION	SETH
21529752	752	761	c.83+1G>T	SUBSTITUTION	SETH
21529752	606	622	p.Ala29GlnfsX114	FRAMESHIFT	SETH
21529752	595	604	c.83+1G>T	SUBSTITUTION	SETH
21529752	1039	1048	c.83+1G>T	SUBSTITUTION	SETH
21529752	648	660	c.684_685del	DELETION	SETH
21529752	662	678	p.Pro229TrpfsX85	FRAMESHIFT	SETH
21549338	712	723	p.Arg729Trp	SUBSTITUTION	SETH
21549338	701	710	c.2185C>T	SUBSTITUTION	SETH
21565291	710	719	rs1464311	DBSNP_MENTION	DBSNP
21782149	610	621	c.7570-1G>C	SUBSTITUTION	SETH
21782149	623	643	p.Glu2524_Lys2525del	DELETION	SETH
21782149	786	801	p.Ser769GlnfsX8	FRAMESHIFT	SETH
21782149	774	784	c.2305delT	DELETION	SETH
21786366	428	433	P317R	SUBSTITUTION	MUTATIONFINDER
21898660	989	1000	p.Leu462Pro	SUBSTITUTION	SETH
21898660	973	984	p.Arg218Trp	SUBSTITUTION	SETH
22052681	1188	1199	p.Gly129Cys	SUBSTITUTION	SETH
22052681	384	395	p.Gly129Cys	SUBSTITUTION	SETH
22052681	350	382	glycine by cysteine at codon 129	SUBSTITUTION	MUTATIONFINDER
22052681	580	591	p.Gly129Cys	SUBSTITUTION	SETH
22226083	1168	1178	c.361-1G>C	SUBSTITUTION	SETH
22265016	485	496	p.Ile186Thr	SUBSTITUTION	SETH
22265016	502	510	c.566C>T	SUBSTITUTION	SETH
22265016	512	523	p.Pro189Leu	SUBSTITUTION	SETH
22265016	475	483	c.557T>C	SUBSTITUTION	SETH
22275001	866	873	p.A325T	SUBSTITUTION	SETH
22275001	999	1006	p.C484F	SUBSTITUTION	SETH
22275001	854	861	p.P415L	SUBSTITUTION	SETH
22275001	1011	1018	p.P415L	SUBSTITUTION	SETH
22275001	617	624	p.C484F	SUBSTITUTION	SETH
22275001	1167	1174	p.C484F	SUBSTITUTION	SETH
22365152	1395	1407	p.Asn1768Asp	SUBSTITUTION	SETH
22365152	877	886	c.5302A>G	SUBSTITUTION	SETH
22365152	888	900	p.Asn1768Asp	SUBSTITUTION	SETH
22405088	403	414	p.Gly573Ser	SUBSTITUTION	SETH
22405088	592	603	p.Gly573Cys	SUBSTITUTION	SETH
22405088	608	619	p.Trp692Gly	SUBSTITUTION	SETH
22405088	561	572	p.Gly573Ser	SUBSTITUTION	SETH
22703880	819	827	c.125C>T	SUBSTITUTION	SETH
22703880	622	630	c.125C>T	SUBSTITUTION	SETH
22703880	632	642	p.Thr42Met	SUBSTITUTION	SETH
22770981	684	693	Arg207Cys	SUBSTITUTION	MUTATIONFINDER
23084292	947	956	rs8192591	DBSNP_MENTION	DBSNP
23084292	999	1008	rs2246618	DBSNP_MENTION	DBSNP
23122587	1282	1294	p.Pro2116Leu	SUBSTITUTION	SETH
23122587	1303	1310	6559C>T	SUBSTITUTION	MUTATIONFINDER
23122587	1035	1045	c.5508delC	DELETION	SETH
23122587	1271	1280	c.6347C>T	SUBSTITUTION	SETH
23122587	1347	1359	p.Pro2116Leu	SUBSTITUTION	SETH
23122587	1119	1136	p.Ala1838ProfsX31	FRAMESHIFT	SETH
23122587	1312	1322	p.Arg2187X	SUBSTITUTION	SETH
7537150	280	284	R31L	SUBSTITUTION	MUTATIONFINDER
7537150	67	73	W1089R	SUBSTITUTION	MUTATIONFINDER
7537150	663	677	3499 + 45T-->C	SUBSTITUTION	MUTATIONFINDER
7537150	305	311	E1104X	SUBSTITUTION	MUTATIONFINDER
7537150	330	337	441delA	DELETION	REGEX
7537150	348	356	1461ins4	INSERTION	REGEX
7537150	339	346	681delC	DELETION	REGEX
7537150	57	65	1461ins4	INSERTION	REGEX
7537150	33	37	R31L	SUBSTITUTION	MUTATIONFINDER
7537150	75	81	E1104X	SUBSTITUTION	MUTATIONFINDER
7537150	48	55	681delC	DELETION	REGEX
7537150	286	292	W1098R	SUBSTITUTION	MUTATIONFINDER
7537150	39	46	441delA	DELETION	REGEX
7550232	740	745	R492P	SUBSTITUTION	MUTATIONFINDER
7550232	778	783	L490P	SUBSTITUTION	MUTATIONFINDER
7550232	805	810	L490P	SUBSTITUTION	MUTATIONFINDER
7550232	760	765	X654G	SUBSTITUTION	MUTATIONFINDER
7550232	767	772	P496L	SUBSTITUTION	MUTATIONFINDER
7581409	29	34	N487S	SUBSTITUTION	MUTATIONFINDER
7581409	19	24	Q473X	SUBSTITUTION	MUTATIONFINDER
7599639	7	19	cys152 > arg	SUBSTITUTION	MUTATIONFINDER
7611293	1283	1288	I278T	SUBSTITUTION	MUTATIONFINDER
7611293	572	577	T833C	SUBSTITUTION	MUTATIONFINDER
7611293	964	969	I278T	SUBSTITUTION	MUTATIONFINDER
7611293	664	669	I278T	SUBSTITUTION	MUTATIONFINDER
7611293	760	765	I278T	SUBSTITUTION	MUTATIONFINDER
7611293	1198	1203	E144K	SUBSTITUTION	MUTATIONFINDER
7611293	21	26	I278T	SUBSTITUTION	MUTATIONFINDER
7611293	1188	1193	G139R	SUBSTITUTION	MUTATIONFINDER
7611293	625	662	threonine for isoleucine at codon 278	SUBSTITUTION	MUTATIONFINDER
7611293	625	662	threonine for isoleucine at codon 278	SUBSTITUTION	MUTATIONFINDER
7611293	996	1001	I278T	SUBSTITUTION	MUTATIONFINDER
7762555	1286	1291	P145L	SUBSTITUTION	MUTATIONFINDER
7762555	415	420	R125Q	SUBSTITUTION	MUTATIONFINDER
7762555	1311	1319	A1224-2C	SUBSTITUTION	MUTATIONFINDER
7762555	1293	1298	I278T	SUBSTITUTION	MUTATIONFINDER
7762555	1272	1277	A114V	SUBSTITUTION	MUTATIONFINDER
7762555	1515	1523	A1224-2C	SUBSTITUTION	MUTATIONFINDER
7762555	1109	1113	P88S	SUBSTITUTION	MUTATIONFINDER
7762555	344	398	arginine-to-glutamic acid substitution at position 125	SUBSTITUTION	MUTATIONFINDER
7762555	1047	1092	proline-to-serine substitution at position 88	SUBSTITUTION	MUTATIONFINDER
7762555	1300	1305	G307S	SUBSTITUTION	MUTATIONFINDER
7762555	603	657	threonine-to-methionine substitution at amino acid 257	SUBSTITUTION	MUTATIONFINDER
7762555	674	679	T257M	SUBSTITUTION	MUTATIONFINDER
7762555	1384	1389	A114V	SUBSTITUTION	MUTATIONFINDER
7762555	1279	1284	E131D	SUBSTITUTION	MUTATIONFINDER
7762555	1505	1510	G307S	SUBSTITUTION	MUTATIONFINDER
7762555	1394	1399	I278T	SUBSTITUTION	MUTATIONFINDER
7866409	32	37	M519V	SUBSTITUTION	MUTATIONFINDER
7977368	483	488	A192V	SUBSTITUTION	MUTATIONFINDER
7977368	490	495	R272C	SUBSTITUTION	MUTATIONFINDER
7977368	476	481	A118T	SUBSTITUTION	MUTATIONFINDER
7977368	504	509	R304W	SUBSTITUTION	MUTATIONFINDER
7977368	497	502	G280R	SUBSTITUTION	MUTATIONFINDER
7977368	819	824	R304W	SUBSTITUTION	MUTATIONFINDER
7977368	515	520	R363L	SUBSTITUTION	MUTATIONFINDER
7981715	564	576	Gly122 > Ser	SUBSTITUTION	MUTATIONFINDER
7981715	722	734	Pro167 > Arg	SUBSTITUTION	MUTATIONFINDER
7981715	703	715	Gly154 > Asp	SUBSTITUTION	MUTATIONFINDER
7981715	510	522	Gly122 > Ser	SUBSTITUTION	MUTATIONFINDER
8328452	537	549	Gly409-->Arg	SUBSTITUTION	MUTATIONFINDER
8328452	658	670	Gln310-->Ter	SUBSTITUTION	MUTATIONFINDER
8328452	636	647	Tyr64-->Ter	SUBSTITUTION	MUTATIONFINDER
8328452	684	696	Thr366-->Pro	SUBSTITUTION	MUTATIONFINDER
8328452	1124	1135	Tyr64-->Ter	SUBSTITUTION	MUTATIONFINDER
8328452	1185	1197	Gln310-->Ter	SUBSTITUTION	MUTATIONFINDER
8328452	786	798	Thr366-->Pro	SUBSTITUTION	MUTATIONFINDER
8328452	902	914	Gly409-->Arg	SUBSTITUTION	MUTATIONFINDER
8352275	690	694	F13A	SUBSTITUTION	MUTATIONFINDER
8364588	660	679	Gly-415 with serine	SUBSTITUTION	MUTATIONFINDER
8401541	58	63	Q254X	SUBSTITUTION	MUTATIONFINDER
8533759	981	985	F39L	SUBSTITUTION	MUTATIONFINDER
8533759	971	975	I65T	SUBSTITUTION	MUTATIONFINDER
8533759	964	969	R408W	SUBSTITUTION	MUTATIONFINDER
8554048	242	261	t(X;1)(q13.1;p36.3)	STRUCTURAL_ABNORMALITY	SETH
8571955	1143	1151	1520 C/T	SUBSTITUTION	MUTATIONFINDER
8651277	491	497	G8363A	SUBSTITUTION	MUTATIONFINDER
8651277	140	146	G8363A	SUBSTITUTION	MUTATIONFINDER
8651277	123	129	G8363A	SUBSTITUTION	MUTATIONFINDER
8651297	969	974	D440V	SUBSTITUTION	MUTATIONFINDER
8723680	59	64	D335V	SUBSTITUTION	MUTATIONFINDER
8723680	721	726	T274M	SUBSTITUTION	MUTATIONFINDER
8723680	310	323	Asp335 by Val	SUBSTITUTION	MUTATIONFINDER
8723680	69	74	T274M	SUBSTITUTION	MUTATIONFINDER
8829650	895	899	V82F	SUBSTITUTION	MUTATIONFINDER
8829650	607	611	C73R	SUBSTITUTION	MUTATIONFINDER
8829663	11	19	1098insA	INSERTION	REGEX
8829663	24	29	Y313H	SUBSTITUTION	MUTATIONFINDER
8829663	45	50	R359Q	SUBSTITUTION	MUTATIONFINDER
8956047	21	27	Tyr22X	SUBSTITUTION	MUTATIONFINDER
9012405	1760	1765	T119P	SUBSTITUTION	MUTATIONFINDER
9090528	1492	1497	R304W	SUBSTITUTION	MUTATIONFINDER
9090528	512	517	R304W	SUBSTITUTION	MUTATIONFINDER
9090528	519	524	G324S	SUBSTITUTION	MUTATIONFINDER
9090528	967	972	R272C	SUBSTITUTION	MUTATIONFINDER
9090528	974	979	R279Q	SUBSTITUTION	MUTATIONFINDER
9090528	871	876	R279Q	SUBSTITUTION	MUTATIONFINDER
9090528	985	990	G280R	SUBSTITUTION	MUTATIONFINDER
9143924	669	674	N543H	SUBSTITUTION	MUTATIONFINDER
9143924	719	727	2393del9	DELETION	REGEX
9222768	16	21	A141D	SUBSTITUTION	MUTATIONFINDER
9259194	858	863	R334W	SUBSTITUTION	MUTATIONFINDER
9259194	851	856	R553X	SUBSTITUTION	MUTATIONFINDER
9259194	882	887	R117H	SUBSTITUTION	MUTATIONFINDER
9259194	741	746	R334W	SUBSTITUTION	MUTATIONFINDER
9259194	1926	1931	R117H	SUBSTITUTION	MUTATIONFINDER
9259194	713	718	R117H	SUBSTITUTION	MUTATIONFINDER
9259194	720	725	R347P	SUBSTITUTION	MUTATIONFINDER
9259194	727	731	G85E	SUBSTITUTION	MUTATIONFINDER
9259194	733	739	D1152H	SUBSTITUTION	MUTATIONFINDER
9259194	748	762	2789 + 5 G > A	SUBSTITUTION	MUTATIONFINDER
9259194	341	346	R117H	SUBSTITUTION	MUTATIONFINDER
9259194	981	986	R117H	SUBSTITUTION	MUTATIONFINDER
9259194	865	870	S945L	SUBSTITUTION	MUTATIONFINDER
9259194	825	830	R117H	SUBSTITUTION	MUTATIONFINDER
9259194	875	879	R75Q	SUBSTITUTION	MUTATIONFINDER
9259197	1131	1136	R553X	SUBSTITUTION	MUTATIONFINDER
9259197	1420	1425	R553X	SUBSTITUTION	MUTATIONFINDER
9259197	1379	1384	R117H	SUBSTITUTION	MUTATIONFINDER
9259197	1778	1783	R334W	SUBSTITUTION	MUTATIONFINDER
9259197	1675	1684	1609delCA	DELETION	REGEX
9259197	1906	1911	R347P	SUBSTITUTION	MUTATIONFINDER
9259197	1638	1644	R1162X	SUBSTITUTION	MUTATIONFINDER
9259197	1999	2004	R347H	SUBSTITUTION	MUTATIONFINDER
9259197	1596	1601	T338I	SUBSTITUTION	MUTATIONFINDER
9259197	2083	2088	A455E	SUBSTITUTION	MUTATIONFINDER
9259197	430	435	G551D	SUBSTITUTION	MUTATIONFINDER
9259197	1933	1942	1677delTA	DELETION	REGEX
9259197	1975	1979	G85E	SUBSTITUTION	MUTATIONFINDER
9259197	1793	1805	621 + 1G-->T	SUBSTITUTION	MUTATIONFINDER
9259197	1338	1346	394delTT	DELETION	REGEX
9259197	2039	2047	1078delT	DELETION	REGEX
9259197	2153	2158	R560T	SUBSTITUTION	MUTATIONFINDER
9259197	447	453	W1282X	SUBSTITUTION	MUTATIONFINDER
9259197	1851	1864	2789 + 5G-->A	SUBSTITUTION	MUTATIONFINDER
9259197	575	580	G542X	SUBSTITUTION	MUTATIONFINDER
9259197	1146	1152	R1162X	SUBSTITUTION	MUTATIONFINDER
9259197	1110	1121	1717-1G-->A	SUBSTITUTION	MUTATIONFINDER
9259197	1614	1626	711 + 1G-->T	SUBSTITUTION	MUTATIONFINDER
9259197	1742	1748	R1066C	SUBSTITUTION	MUTATIONFINDER
9259197	2131	2139	3659delC	DELETION	REGEX
9259197	2015	2023	3905insT	INSERTION	REGEX
9259197	1761	1766	S549R	SUBSTITUTION	MUTATIONFINDER
9259197	654	660	N1303K	SUBSTITUTION	MUTATIONFINDER
9259197	401	406	G542X	SUBSTITUTION	MUTATIONFINDER
9259197	415	421	N1303K	SUBSTITUTION	MUTATIONFINDER
9259197	1457	1468	1717-1G-->A	SUBSTITUTION	MUTATIONFINDER
9259197	1162	1174	621 + 1G-->T	SUBSTITUTION	MUTATIONFINDER
9259197	2060	2073	1898 + 1G-->A	SUBSTITUTION	MUTATIONFINDER
9259197	932	938	W1282X	SUBSTITUTION	MUTATIONFINDER
9259197	840	845	G551D	SUBSTITUTION	MUTATIONFINDER
9382097	869	917	glycine-to-arginine substitution at position 197	SUBSTITUTION	MUTATIONFINDER
9452048	58	63	R117P	SUBSTITUTION	MUTATIONFINDER
9452048	80	91	3121-1G-->A	SUBSTITUTION	MUTATIONFINDER
9452048	65	74	deltaD192	DELETION	REGEX
9452104	98	104	G2088S	SUBSTITUTION	MUTATIONFINDER
9452104	106	112	I2185T	SUBSTITUTION	MUTATIONFINDER
9452104	90	96	E1875G	SUBSTITUTION	MUTATIONFINDER
9452104	135	144	1780delTC	DELETION	REGEX
9633815	735	740	F405H	SUBSTITUTION	MUTATIONFINDER
9633815	728	733	P261L	SUBSTITUTION	MUTATIONFINDER
9633815	721	726	G158D	SUBSTITUTION	MUTATIONFINDER
9634522	4	13	8765delAG	DELETION	REGEX
9792408	903	917	IVS-2 + 1G-->A	SUBSTITUTION	REGEX
9792408	911	917	1G-->A	SUBSTITUTION	MUTATIONFINDER
9837820	1210	1215	R257*	SUBSTITUTION	MUTATIONFINDER
9837820	1162	1166	R15L	SUBSTITUTION	MUTATIONFINDER
9837820	907	915	964del13	DELETION	REGEX
9837820	657	665	964del13	DELETION	REGEX
9837820	1178	1182	Y90C	SUBSTITUTION	MUTATIONFINDER
9837820	1168	1172	L28P	SUBSTITUTION	MUTATIONFINDER
9837820	1244	1252	964del13	DELETION	REGEX
9837820	1039	1047	964del13	DELETION	REGEX
9837820	1410	1418	964del13	DELETION	REGEX
9915968	4	13	Glu318Gly	SUBSTITUTION	MUTATIONFINDER
